,platform,year,genre,publisher,na_sales,global_sales
0,26,2006.0,10,359,41.49,82.74
1,11,1985.0,4,359,29.08,40.24
2,26,2008.0,6,359,15.85,35.82
3,26,2009.0,10,359,15.75,33.0
4,5,1996.0,7,359,11.27,31.37
5,5,1989.0,5,359,23.2,30.26
6,4,2006.0,4,359,11.38,30.01
7,26,2006.0,3,359,14.03,29.02
8,26,2009.0,4,359,14.59,28.62
9,11,1984.0,8,359,26.93,28.31
10,4,2005.0,9,359,9.07,24.76
11,4,2005.0,6,359,9.81,23.42
12,5,1999.0,7,359,9.0,23.1
13,26,2007.0,10,359,8.94,22.72
14,26,2009.0,10,359,9.09,22.0
15,28,2010.0,3,323,14.97,21.82
16,17,2013.0,0,493,7.01,21.4
17,16,2004.0,0,493,9.43,20.81
18,23,1990.0,4,359,12.78,20.61
19,4,2005.0,3,359,4.75,20.22
20,4,2006.0,7,359,6.42,18.36
21,5,1989.0,4,359,10.83,18.14
22,11,1988.0,4,359,9.54,17.28
23,28,2013.0,0,493,9.63,16.38
24,16,2002.0,0,493,8.41,16.15
25,6,2002.0,7,359,6.06,15.85
26,4,2010.0,7,359,5.57,15.32
27,4,2005.0,5,359,3.44,15.3
28,16,2001.0,6,455,6.85,14.98
29,28,2011.0,8,21,9.03,14.76
30,5,1998.0,7,359,5.89,14.64
31,28,2010.0,8,21,9.67,14.64
32,2,2013.0,7,359,5.17,14.35
33,18,2015.0,8,21,5.77,14.24
34,17,2012.0,8,21,4.99,14.03
35,28,2012.0,8,21,8.25,13.73
36,28,2009.0,8,21,8.52,13.51
37,17,2011.0,8,21,5.54,13.46
38,16,2001.0,0,493,6.99,13.1
39,26,2008.0,2,359,6.75,13.04
40,17,2010.0,8,21,5.98,12.73
41,4,2005.0,9,359,2.55,12.27
42,2,2011.0,6,359,4.74,12.21
43,28,2007.0,8,323,7.97,12.14
44,18,2014.0,0,493,3.8,11.98
45,4,2009.0,0,359,4.4,11.9
46,10,1996.0,4,359,6.91,11.89
47,16,2004.0,6,455,3.01,11.66
48,26,2007.0,4,359,6.16,11.52
49,2,2014.0,7,359,4.23,11.33
50,5,1992.0,1,359,6.16,11.18
51,28,2008.0,0,493,6.76,11.02
52,15,1997.0,6,455,4.02,10.95
53,2,2011.0,4,359,4.89,10.79
54,17,2010.0,6,455,2.96,10.77
55,17,2009.0,8,21,4.99,10.69
56,17,2008.0,0,493,4.76,10.57
57,23,1993.0,4,359,5.99,10.55
58,6,2004.0,7,359,4.34,10.49
59,4,2004.0,4,359,5.08,10.42
60,26,2011.0,3,524,6.05,10.26
61,28,2013.0,8,21,6.72,10.21
62,28,2010.0,8,323,7.03,9.88
63,10,1996.0,6,359,5.55,9.87
64,2,2012.0,4,359,3.66,9.82
65,28,2012.0,8,323,6.63,9.76
66,15,1997.0,7,455,3.01,9.72
67,17,2013.0,8,21,4.09,9.59
68,26,2010.0,3,524,5.84,9.52
69,15,1999.0,6,455,3.88,9.49
70,28,2007.0,8,21,5.91,9.32
71,23,1994.0,4,359,4.36,9.3
72,28,2013.0,3,323,5.58,9.2
73,2,2012.0,9,359,2.01,9.09
74,4,2007.0,3,359,4.46,9.02
75,28,2011.0,7,66,5.03,8.84
76,23,1992.0,6,359,3.54,8.76
77,18,2015.0,10,138,1.11,8.49
78,26,2010.0,3,359,1.79,8.49
79,29,2004.0,8,323,6.82,8.49
80,26,2007.0,3,359,3.81,8.42
81,4,2012.0,7,359,2.91,8.33
82,17,2012.0,0,138,1.06,8.24
83,13,2009.0,9,138,0.98,8.11
84,10,1997.0,8,359,5.8,8.09
85,26,2007.0,10,445,2.58,8.06
86,16,2001.0,7,455,2.91,8.05
87,15,1999.0,7,465,2.28,7.86
88,4,2008.0,7,359,2.82,7.84
89,0,1982.0,5,53,7.28,7.81
90,19,2005.0,0,493,2.9,7.72
91,26,2010.0,4,359,3.66,7.69
92,18,2015.0,8,138,2.93,7.67
93,18,2014.0,8,21,2.8,7.6
94,10,1998.0,0,359,4.1,7.6
95,15,1997.0,4,455,3.78,7.58
96,11,1988.0,4,359,5.39,7.46
97,2,2014.0,2,359,3.24,7.45
98,28,2008.0,8,21,4.79,7.37
99,28,2011.0,8,138,4.46,7.34
100,26,2006.0,0,359,3.83,7.31
101,30,2015.0,8,21,4.52,7.3
102,26,2009.0,3,524,3.51,7.27
103,17,2011.0,8,138,2.85,7.23
104,16,2003.0,6,138,3.27,7.2
105,15,1998.0,2,455,3.27,7.16
106,15,1998.0,4,455,3.68,7.13
107,7,2001.0,2,359,4.41,7.07
108,27,2014.0,6,359,3.13,6.96
109,18,2015.0,7,66,2.47,6.96
110,7,2003.0,6,359,4.12,6.95
111,26,2012.0,3,524,4.14,6.91
112,17,2013.0,10,138,0.78,6.9
113,16,2004.0,6,138,2.71,6.9
114,16,2002.0,8,138,2.93,6.83
115,17,2011.0,0,455,2.77,6.83
116,15,1996.0,4,455,3.23,6.82
117,26,2010.0,10,6,3.5,6.81
118,28,2008.0,8,323,4.15,6.76
119,17,2009.0,0,455,3.27,6.73
120,17,2007.0,8,21,3.1,6.72
121,17,2011.0,10,138,0.84,6.69
122,4,2005.0,3,359,1.67,6.67
123,17,2010.0,0,493,2.79,6.6
124,18,2014.0,10,138,0.79,6.59
125,26,2010.0,4,359,3.25,6.59
126,17,2011.0,7,66,2.55,6.56
127,11,1986.0,0,359,3.74,6.51
128,17,2012.0,0,524,2.64,6.5
129,29,2001.0,8,323,4.98,6.43
130,6,2004.0,7,359,2.57,6.41
131,16,2002.0,7,455,3.64,6.4
132,5,2000.0,7,359,2.55,6.39
133,28,2009.0,8,323,4.34,6.36
134,28,2010.0,0,493,3.7,6.34
135,7,2002.0,4,359,4.01,6.31
136,23,1992.0,2,85,2.47,6.3
137,13,2004.0,7,21,0.07,6.28
138,15,1999.0,0,177,3.11,6.27
139,28,2010.0,10,323,3.92,6.24
140,28,2011.0,8,323,4.05,6.24
141,28,2006.0,8,323,3.54,6.11
142,16,2001.0,0,275,2.45,6.05
143,8,1992.0,4,445,4.47,6.03
144,17,2008.0,0,275,2.63,6.03
145,15,1998.0,0,275,3.18,6.03
146,17,2013.0,0,457,2.41,5.99
147,16,2006.0,7,464,1.88,5.95
148,17,2008.0,4,455,2.8,5.92
149,4,2009.0,7,359,0.66,5.84
150,26,2007.0,0,288,3.66,5.83
151,15,1998.0,0,540,1.88,5.82
152,15,1996.0,2,455,2.26,5.74
153,4,2006.0,9,6,3.13,5.72
154,18,2014.0,8,21,2.49,5.65
155,11,1988.0,5,359,2.97,5.58
156,17,2009.0,0,524,2.54,5.57
157,10,1999.0,2,359,2.95,5.55
158,28,2007.0,1,524,3.28,5.55
159,17,2011.0,0,547,2.7,5.53
160,28,2009.0,6,323,2.99,5.51
161,19,2008.0,7,85,0.47,5.5
162,6,2001.0,4,359,3.14,5.49
163,6,2001.0,6,359,2.62,5.47
164,6,2001.0,4,359,3.21,5.46
165,10,1999.0,11,359,3.18,5.45
166,17,2008.0,8,21,2.72,5.43
167,16,2001.0,4,527,2.07,5.42
168,17,2014.0,3,455,1.97,5.42
169,17,2009.0,7,464,1.74,5.36
170,5,1989.0,5,359,2.18,5.34
171,5,1999.0,3,359,3.02,5.31
172,28,2012.0,0,524,3.13,5.3
173,15,2000.0,7,465,1.62,5.3
174,16,2003.0,7,138,1.92,5.29
175,10,1999.0,4,359,3.33,5.27
176,28,2009.0,0,524,3.1,5.27
177,4,2007.0,5,359,1.22,5.26
178,15,1997.0,0,137,2.3,5.24
180,16,2004.0,7,464,0.65,5.21
181,13,2012.0,7,21,2.43,5.2
182,6,2003.0,4,359,2.93,5.2
183,27,2012.0,4,359,2.32,5.19
184,5,1994.0,4,359,2.49,5.19
185,28,2012.0,0,138,1.08,5.18
186,4,2007.0,0,359,1.9,5.17
187,23,1995.0,4,359,2.1,5.15
188,2,2013.0,9,359,0.96,5.15
189,4,2008.0,10,445,1.64,5.14
190,16,2003.0,8,138,1.98,5.13
191,5,1992.0,4,359,2.71,5.13
192,28,2010.0,7,323,3.59,5.13
193,30,2014.0,8,21,3.21,5.13
194,13,1996.0,9,323,3.22,5.12
195,16,2006.0,3,426,3.81,5.12
196,17,2009.0,0,85,1.96,5.11
197,30,2014.0,0,493,2.66,5.08
198,19,2006.0,0,493,1.7,5.08
199,17,2010.0,10,138,0.6,5.08
200,5,1999.0,4,359,3.4,5.07
201,15,1996.0,0,540,2.05,5.05
202,15,1999.0,10,21,3.42,5.02
203,27,2014.0,2,359,2.59,5.02
204,15,1999.0,11,137,2.79,5.01
205,15,1998.0,4,455,3.36,5.0
206,26,2007.0,8,359,3.06,5.0
207,16,2007.0,3,21,3.49,4.98
208,28,2008.0,7,66,3.39,4.96
209,4,2007.0,7,359,1.85,4.96
210,17,2007.0,0,455,2.31,4.94
211,16,2005.0,10,138,3.98,4.91
212,4,2007.0,0,288,2.89,4.9
213,10,1997.0,6,359,2.91,4.88
214,19,2010.0,7,85,0.0,4.87
215,11,1990.0,5,359,2.62,4.85
216,17,2010.0,0,455,2.74,4.84
217,13,2010.0,11,21,2.56,4.83
218,17,2007.0,1,524,1.91,4.83
219,17,2014.0,10,138,0.57,4.82
220,15,1999.0,6,455,2.57,4.79
221,18,2016.0,10,138,0.28,4.77
222,28,2011.0,0,547,2.99,4.76
223,15,2000.0,0,53,2.36,4.73
224,16,2003.0,6,543,1.73,4.7
225,15,2000.0,10,21,3.05,4.68
226,26,2008.0,9,359,1.87,4.68
227,16,2002.0,0,138,1.94,4.67
228,28,2011.0,6,323,2.08,4.64
229,15,1996.0,0,137,2.29,4.63
230,26,2007.0,3,21,3.06,4.62
231,23,1991.0,0,359,2.42,4.61
232,7,2002.0,0,359,2.6,4.6
233,26,2009.0,10,445,1.89,4.58
234,2,2013.0,0,359,1.78,4.58
235,27,2015.0,8,359,1.55,4.57
236,18,2014.0,0,455,1.78,4.55
237,28,2007.0,3,21,3.19,4.53
238,16,2004.0,10,138,4.18,4.53
239,0,1981.0,4,21,4.21,4.5
240,16,2006.0,10,138,3.63,4.49
241,16,2002.0,0,21,2.71,4.48
242,15,2000.0,7,144,0.2,4.47
243,18,2015.0,0,455,1.96,4.47
244,17,2014.0,8,21,1.54,4.45
245,16,2005.0,0,455,2.71,4.45
246,27,2012.0,3,359,2.55,4.44
247,26,2010.0,3,524,2.67,4.42
248,16,2001.0,10,21,2.66,4.41
249,16,2006.0,10,275,0.1,4.39
250,28,2006.0,7,493,2.82,4.39
251,11,1987.0,1,359,2.19,4.38
252,16,2005.0,6,138,2.03,4.37
253,17,2006.0,8,455,1.73,4.35
254,8,1991.0,4,445,3.03,4.34
255,16,2005.0,7,464,2.2,4.33
256,28,2013.0,10,138,0.92,4.31
257,28,2014.0,8,21,2.75,4.31
258,0,1980.0,8,53,4.0,4.31
259,28,2008.0,7,323,2.51,4.31
260,30,2015.0,8,323,2.64,4.26
261,27,2013.0,4,359,2.11,4.25
262,17,2009.0,0,137,2.23,4.25
263,17,2011.0,0,524,1.41,4.24
264,6,2001.0,3,347,3.0,4.24
265,16,2004.0,0,275,1.46,4.23
266,19,2006.0,4,455,2.45,4.22
267,13,1995.0,11,21,1.7,4.21
268,2,2011.0,0,359,2.03,4.21
269,16,2005.0,10,138,0.78,4.21
270,16,2003.0,3,455,0.88,4.2
271,18,2016.0,8,455,1.3,4.2
272,17,2007.0,6,455,1.28,4.2
273,28,2011.0,0,524,2.25,4.19
274,17,2009.0,2,85,2.02,4.19
275,28,2011.0,10,138,0.84,4.19
276,11,1989.0,0,385,3.38,4.17
277,11,1984.0,6,359,2.04,4.16
278,15,1997.0,0,214,3.79,4.16
279,16,2002.0,10,138,3.36,4.14
280,18,2014.0,0,524,1.4,4.14
281,13,1997.0,8,543,4.03,4.12
282,23,1995.0,4,359,1.65,4.12
283,16,2006.0,10,138,0.71,4.11
284,26,2011.0,0,359,2.14,4.1
285,23,1992.0,2,85,1.42,4.1
286,26,2007.0,3,493,2.13,4.1
287,30,2015.0,7,66,2.45,4.09
288,13,2007.0,7,21,2.57,4.09
289,28,2010.0,7,66,2.65,4.08
290,16,2007.0,0,455,2.32,4.07
291,28,2007.0,6,323,2.35,4.06
292,16,2005.0,10,275,0.12,4.06
293,15,1996.0,3,455,2.28,4.05
294,16,2000.0,2,347,1.68,4.05
295,18,2014.0,8,524,1.12,4.03
296,10,1997.0,8,359,2.78,4.03
297,18,2014.0,3,457,1.38,4.02
298,11,1984.0,10,359,1.22,4.01
299,17,2008.0,7,66,2.15,4.01
300,4,2007.0,5,359,0.92,4.0
301,28,2009.0,8,138,2.67,3.99
302,16,2005.0,3,347,2.08,3.98
303,26,2009.0,10,138,2.1,3.92
304,18,2014.0,0,524,1.18,3.92
305,5,1994.0,4,359,1.97,3.91
306,16,2003.0,10,21,2.29,3.9
307,17,2013.0,0,524,1.33,3.89
308,2,2014.0,7,359,0.67,3.89
309,17,2006.0,6,455,1.53,3.88
310,13,2011.0,7,66,1.15,3.88
311,16,2005.0,2,347,0.93,3.87
312,11,1988.0,7,144,0.1,3.87
313,17,2010.0,10,455,2.12,3.87
314,18,2015.0,10,493,2.48,3.85
315,16,2004.0,10,275,0.16,3.85
316,4,2007.0,3,359,0.87,3.84
317,15,1995.0,3,455,2.12,3.84
318,5,1992.0,0,359,2.21,3.83
319,4,2009.0,7,359,2.26,3.83
320,26,2007.0,3,359,1.06,3.82
321,2,2011.0,9,359,1.44,3.81
322,18,2015.0,0,547,1.49,3.79
323,26,2011.0,10,445,1.14,3.78
324,28,2008.0,0,21,2.4,3.78
325,15,1996.0,0,540,1.82,3.77
326,19,2007.0,4,455,1.4,3.77
327,26,2013.0,3,524,1.98,3.76
328,13,2002.0,9,138,2.03,3.76
329,26,2007.0,4,359,1.98,3.76
330,15,2001.0,0,138,1.37,3.73
331,18,2015.0,7,347,0.96,3.73
332,15,1999.0,0,137,1.3,3.72
333,15,2000.0,4,455,1.93,3.71
334,16,2004.0,10,138,0.58,3.7
335,5,1998.0,11,359,1.49,3.7
336,17,2013.0,8,138,1.3,3.69
337,4,2007.0,9,138,1.59,3.69
338,4,2009.0,3,359,0.0,3.67
339,16,2002.0,10,21,2.13,3.67
340,19,2005.0,6,493,1.65,3.66
341,10,1998.0,4,359,1.87,3.65
342,16,2002.0,8,455,2.53,3.65
343,26,2008.0,3,21,2.33,3.65
344,17,2013.0,6,455,0.71,3.64
345,16,2001.0,4,455,2.08,3.64
346,10,1999.0,9,359,2.23,3.63
347,17,2009.0,10,138,0.6,3.63
348,16,2007.0,10,275,0.05,3.63
349,18,2013.0,8,21,1.78,3.63
350,16,2005.0,0,85,2.08,3.62
351,18,2016.0,8,524,1.28,3.61
352,16,2004.0,8,288,1.93,3.61
353,13,1994.0,8,540,2.05,3.61
354,16,2001.0,6,138,2.02,3.61
355,4,2007.0,9,6,1.61,3.61
356,7,2001.0,0,359,2.38,3.6
357,16,2005.0,8,288,2.18,3.59
358,15,2000.0,2,487,2.01,3.58
359,15,1997.0,4,164,1.57,3.56
360,16,2006.0,0,493,1.56,3.54
361,16,2002.0,0,455,1.23,3.54
362,15,1997.0,0,137,1.66,3.54
363,16,2001.0,8,138,1.9,3.53
364,16,2005.0,0,137,1.98,3.53
365,28,2013.0,8,138,2.14,3.53
366,28,2010.0,10,138,0.71,3.53
367,15,2000.0,0,487,1.96,3.52
368,15,1999.0,4,455,2.14,3.52
369,28,2008.0,8,138,2.66,3.52
370,4,2009.0,10,445,1.22,3.52
371,28,2009.0,0,85,2.11,3.51
372,23,1996.0,4,359,1.17,3.51
373,28,2010.0,0,524,2.84,3.5
374,11,1985.0,0,359,1.64,3.5
375,28,2009.0,0,137,2.2,3.5
376,4,2006.0,3,359,0.59,3.5
378,30,2015.0,8,138,1.94,3.49
379,28,2010.0,8,138,2.09,3.48
380,4,2008.0,3,21,2.11,3.48
381,30,2014.0,0,524,2.26,3.46
382,17,2012.0,8,524,0.88,3.45
383,2,2013.0,7,85,0.0,3.44
384,28,2009.0,8,493,2.39,3.44
385,16,2002.0,2,347,1.55,3.44
386,18,2013.0,8,138,1.34,3.43
387,17,2011.0,4,455,1.82,3.42
388,15,1998.0,0,493,1.13,3.42
389,23,1994.0,7,465,0.86,3.42
390,16,2004.0,0,21,1.75,3.41
391,5,1990.0,6,359,1.73,3.41
392,16,2002.0,10,138,0.46,3.4
393,15,2000.0,3,455,1.56,3.39
394,28,2008.0,0,547,2.03,3.38
395,18,2015.0,0,275,1.08,3.38
396,4,2009.0,0,359,1.43,3.38
397,15,1998.0,2,17,2.47,3.36
398,10,2000.0,0,359,1.9,3.36
399,4,2008.0,5,359,0.65,3.36
400,15,1998.0,1,487,1.63,3.34
401,28,2013.0,0,524,1.9,3.34
402,4,2006.0,3,359,0.0,3.33
403,16,2002.0,8,138,1.45,3.33
404,16,2002.0,4,455,1.44,3.33
405,26,2012.0,3,359,1.15,3.32
406,16,2005.0,0,288,1.47,3.32
407,16,2001.0,8,493,1.99,3.31
408,16,2003.0,0,138,1.5,3.28
409,18,2015.0,0,524,0.8,3.28
410,30,2014.0,8,21,2.13,3.28
411,16,2003.0,0,21,1.89,3.27
412,26,2008.0,3,359,1.36,3.27
413,19,2009.0,6,455,0.5,3.27
414,2,2015.0,0,85,0.25,3.26
415,15,1995.0,2,455,0.95,3.24
416,30,2015.0,10,138,0.88,3.23
417,17,2011.0,1,493,1.27,3.23
418,18,2015.0,10,138,2.33,3.22
419,2,2014.0,7,359,0.03,3.22
420,15,1999.0,8,138,1.72,3.21
421,11,1983.0,10,359,0.73,3.2
422,23,1995.0,2,359,2.26,3.2
423,15,2000.0,2,487,1.76,3.2
424,19,2007.0,7,464,1.35,3.19
425,19,2008.0,0,455,1.48,3.19
426,23,1995.0,7,144,0.0,3.19
427,28,2010.0,3,292,2.15,3.19
428,16,2003.0,0,53,1.78,3.18
429,27,2015.0,4,359,1.18,3.18
430,17,2010.0,7,66,1.52,3.17
432,4,2008.0,3,359,0.58,3.17
433,16,2001.0,9,457,2.06,3.17
434,4,2008.0,1,126,1.88,3.16
435,7,2001.0,9,359,1.92,3.15
436,4,2008.0,0,547,1.79,3.15
437,4,2005.0,4,445,1.22,3.15
438,17,2012.0,8,85,0.88,3.15
439,30,2014.0,8,323,1.89,3.15
440,16,2007.0,10,138,0.68,3.14
441,15,2000.0,0,21,1.7,3.13
442,15,1998.0,6,138,2.14,3.12
443,10,1999.0,6,359,2.31,3.12
444,4,2006.0,3,359,0.91,3.12
445,17,2007.0,7,524,1.69,3.12
446,11,1990.0,7,144,0.08,3.12
447,17,2010.0,1,455,1.29,3.12
448,28,2010.0,7,138,1.99,3.11
449,28,2014.0,10,138,0.78,3.11
450,16,2002.0,2,53,2.17,3.09
451,16,2001.0,10,138,2.5,3.08
452,11,1986.0,10,347,1.92,3.08
453,28,2012.0,8,493,1.89,3.07
454,2,2013.0,0,359,1.4,3.07
455,5,1994.0,4,359,1.57,3.07
456,13,2002.0,9,138,1.72,3.07
457,28,2012.0,7,138,1.94,3.07
458,28,2008.0,0,21,1.91,3.05
459,28,2012.0,8,524,1.38,3.04
460,26,2010.0,4,126,2.06,3.04
461,28,2008.0,0,487,1.94,3.03
462,15,1995.0,4,524,1.54,3.03
463,17,2009.0,8,455,1.4,3.02
464,29,2002.0,0,524,1.85,3.02
465,11,1987.0,2,359,2.03,3.02
466,16,2002.0,10,487,1.45,3.02
467,30,2015.0,8,323,2.38,3.0
468,28,2012.0,10,493,2.6,3.0
469,16,2007.0,2,53,1.15,3.0
471,18,2014.0,0,547,1.01,2.99
472,23,1993.0,8,359,1.61,2.99
473,13,2000.0,3,138,1.67,2.99
474,16,2002.0,10,275,0.12,2.99
475,16,2001.0,0,85,1.36,2.99
476,2,2015.0,9,359,0.47,2.98
477,17,2010.0,8,138,1.33,2.97
478,13,2014.0,9,138,0.96,2.97
479,13,2011.0,7,138,1.58,2.97
480,16,2003.0,4,445,1.04,2.96
481,4,2008.0,4,359,1.57,2.96
482,16,2002.0,0,137,1.36,2.96
483,28,2009.0,2,85,1.82,2.95
484,10,1996.0,6,359,1.98,2.94
485,16,2003.0,8,455,2.22,2.94
486,16,2005.0,2,487,1.45,2.94
487,17,2009.0,0,455,1.76,2.94
488,6,2001.0,5,53,2.07,2.94
489,28,2007.0,7,323,1.83,2.93
490,26,2006.0,5,359,0.87,2.92
491,26,2007.0,9,6,1.43,2.91
492,6,2002.0,4,359,1.75,2.91
493,18,2013.0,10,138,0.61,2.9
494,30,2014.0,8,138,1.84,2.9
495,16,2004.0,3,445,1.54,2.9
496,28,2008.0,10,445,1.75,2.9
497,16,2003.0,10,275,0.08,2.9
498,17,2012.0,6,138,0.71,2.89
499,16,2001.0,10,455,0.99,2.89
500,16,2004.0,8,21,1.51,2.89
501,26,2011.0,10,296,1.54,2.88
502,15,1999.0,8,455,2.03,2.88
503,4,2007.0,9,524,1.3,2.88
504,15,1998.0,6,91,0.09,2.87
505,30,2013.0,8,21,1.87,2.86
506,28,2012.0,10,138,2.53,2.86
507,29,2002.0,7,524,2.09,2.86
508,17,2011.0,2,547,1.98,2.85
509,23,1990.0,6,359,1.37,2.85
510,10,1997.0,4,359,1.29,2.85
511,13,1996.0,11,540,1.37,2.85
512,26,2011.0,0,21,1.4,2.85
513,17,2015.0,10,138,0.4,2.85
514,17,2010.0,0,524,1.87,2.84
515,28,2007.0,8,493,1.65,2.83
516,28,2009.0,10,138,2.52,2.83
517,17,2010.0,8,138,1.28,2.83
518,16,2002.0,2,487,1.32,2.83
519,7,2002.0,8,359,1.96,2.82
520,6,2003.0,0,487,1.59,2.82
521,13,1994.0,1,424,0.02,2.81
522,17,2010.0,6,138,1.05,2.81
523,4,2007.0,9,524,1.32,2.81
524,16,2003.0,2,487,1.32,2.8
525,28,2008.0,0,288,1.74,2.8
526,4,2006.0,4,359,1.47,2.8
527,15,1997.0,10,455,0.29,2.79
528,17,2011.0,8,455,1.45,2.79
529,15,1998.0,4,455,1.96,2.79
530,16,2001.0,2,487,1.19,2.79
531,23,1992.0,7,144,0.0,2.79
532,15,1996.0,2,177,1.98,2.79
533,13,2011.0,8,138,0.89,2.79
534,16,2001.0,10,138,2.19,2.79
535,4,2009.0,5,359,0.3,2.79
536,2,2011.0,7,359,0.46,2.79
537,16,2003.0,4,455,1.68,2.78
538,18,2014.0,0,455,1.27,2.78
539,16,2003.0,4,455,1.44,2.78
540,17,2009.0,2,347,1.2,2.78
541,16,2003.0,9,138,1.41,2.77
542,26,2007.0,4,445,1.24,2.77
543,28,2011.0,0,487,1.25,2.77
544,0,1980.0,8,53,2.56,2.76
545,23,1992.0,3,359,1.43,2.75
546,18,2013.0,0,524,1.07,2.74
547,10,2000.0,11,359,1.02,2.73
548,11,1986.0,0,359,1.33,2.73
549,28,2011.0,1,493,1.52,2.72
550,28,2006.0,8,21,1.49,2.71
551,6,2002.0,0,359,1.75,2.7
552,16,2001.0,0,540,0.99,2.7
553,18,2015.0,2,547,1.47,2.7
554,10,1998.0,3,359,1.25,2.7
555,28,2011.0,10,138,2.42,2.69
556,16,2006.0,0,288,1.85,2.69
557,28,2010.0,10,138,2.38,2.69
558,4,2010.0,5,359,1.63,2.69
559,28,2010.0,10,138,1.46,2.68
560,16,2004.0,6,138,1.23,2.68
561,2,2014.0,7,281,0.0,2.68
562,17,2009.0,6,138,0.69,2.68
563,17,2011.0,7,464,0.78,2.68
564,8,1992.0,2,40,1.95,2.67
565,16,2005.0,8,21,1.48,2.67
566,28,2008.0,3,21,1.78,2.67
567,15,1998.0,8,138,1.44,2.67
568,29,2004.0,7,323,1.99,2.66
569,4,2006.0,0,126,1.59,2.65
570,16,2003.0,0,524,1.15,2.65
571,26,2012.0,0,21,1.56,2.65
572,19,2006.0,8,138,0.86,2.65
573,11,1986.0,4,359,0.0,2.65
574,10,1996.0,0,359,2.0,2.65
575,28,2007.0,0,288,1.53,2.64
576,16,2000.0,6,493,2.0,2.63
577,19,2006.0,2,455,0.76,2.63
578,28,2009.0,11,323,1.53,2.63
579,17,2009.0,0,455,1.7,2.63
580,16,2004.0,10,445,2.15,2.62
581,26,2007.0,10,359,1.07,2.62
582,28,2010.0,8,138,1.55,2.62
583,28,2009.0,10,138,0.59,2.62
584,28,2011.0,10,493,2.31,2.62
585,4,2008.0,9,359,0.63,2.61
586,16,2002.0,0,138,0.9,2.61
587,26,2010.0,4,359,1.02,2.6
588,8,1990.0,0,445,1.86,2.6
589,17,2008.0,10,138,0.48,2.59
590,17,2007.0,4,455,0.93,2.59
591,16,2004.0,10,138,2.03,2.59
592,19,2009.0,4,455,0.64,2.58
593,18,2013.0,8,455,0.89,2.58
594,28,2009.0,0,493,1.04,2.58
595,19,2007.0,7,85,0.37,2.58
596,16,2006.0,2,487,1.4,2.58
597,16,2004.0,4,455,1.31,2.57
598,4,2010.0,3,359,0.28,2.57
599,28,2009.0,7,138,1.76,2.57
600,16,2007.0,10,138,2.14,2.57
601,7,2001.0,4,445,1.7,2.56
602,11,1987.0,7,144,0.15,2.56
603,17,2012.0,10,138,2.11,2.56
604,7,2003.0,7,359,1.21,2.54
605,26,2008.0,10,275,1.13,2.54
606,28,2008.0,10,138,2.21,2.54
608,16,2001.0,6,17,1.13,2.52
609,10,2000.0,0,359,1.55,2.52
610,26,2007.0,3,325,1.5,2.52
611,11,1986.0,7,85,0.49,2.52
612,17,2013.0,0,464,0.6,2.51
613,28,2006.0,7,21,2.29,2.5
614,16,2008.0,10,275,0.13,2.5
615,10,1999.0,3,359,1.28,2.5
616,17,2011.0,0,487,0.86,2.49
617,29,2003.0,0,493,1.84,2.49
618,26,2010.0,0,547,1.29,2.49
619,16,2002.0,2,325,1.81,2.49
620,17,2008.0,8,455,1.15,2.48
621,28,2008.0,6,126,1.38,2.48
622,15,1998.0,0,137,1.15,2.48
623,17,2012.0,10,493,1.72,2.48
625,28,2013.0,10,493,2.1,2.47
626,7,2002.0,3,359,1.13,2.47
627,26,2010.0,3,487,1.67,2.46
628,17,2008.0,6,493,1.55,2.45
629,23,1992.0,7,465,0.0,2.45
630,15,1997.0,7,465,0.93,2.45
631,15,1996.0,6,455,2.12,2.44
632,28,2011.0,8,323,1.44,2.44
633,19,2006.0,6,138,0.87,2.44
634,16,2003.0,9,138,1.07,2.43
635,13,1997.0,1,424,1.52,2.43
636,28,2008.0,8,524,1.56,2.42
637,3,1998.0,4,445,1.26,2.42
638,11,1988.0,10,359,1.27,2.42
639,17,2010.0,10,275,0.29,2.42
640,16,2003.0,2,53,1.63,2.41
641,16,2001.0,6,455,2.07,2.41
642,15,1998.0,0,85,0.81,2.41
643,30,2014.0,3,323,1.43,2.41
644,16,2007.0,6,138,0.69,2.41
645,30,2015.0,10,138,2.07,2.4
646,15,1996.0,5,253,2.1,2.4
647,11,1987.0,2,359,0.77,2.4
648,13,1997.0,11,138,2.3,2.4
650,18,2015.0,6,138,0.49,2.39
651,28,2010.0,10,6,1.74,2.39
653,13,1994.0,3,214,1.49,2.39
654,17,2013.0,0,547,1.07,2.39
655,28,2011.0,0,120,1.48,2.39
656,16,2005.0,3,426,1.67,2.38
657,17,2007.0,0,288,1.02,2.38
658,28,2011.0,3,323,1.73,2.38
659,10,1998.0,2,487,1.94,2.38
660,18,2015.0,0,455,1.0,2.38
661,18,2014.0,10,493,1.46,2.38
662,17,2010.0,10,138,2.04,2.38
663,16,2001.0,3,275,1.16,2.38
664,28,2007.0,10,138,2.18,2.37
665,13,2004.0,8,543,2.28,2.37
666,16,2004.0,0,487,0.96,2.37
667,16,2004.0,10,21,1.25,2.37
668,17,2009.0,10,138,2.03,2.37
669,28,2011.0,10,323,1.38,2.36
670,5,1995.0,4,359,0.69,2.36
671,4,2010.0,0,547,1.07,2.35
672,5,1996.0,4,359,1.39,2.35
673,5,1998.0,7,137,0.0,2.35
674,28,2008.0,6,493,1.68,2.35
675,26,2013.0,4,21,1.32,2.34
676,16,2007.0,2,487,0.92,2.34
677,26,2008.0,10,524,1.2,2.34
678,16,2001.0,0,85,1.08,2.34
679,28,2010.0,9,138,1.27,2.33
680,2,2015.0,0,359,1.14,2.32
681,30,2015.0,10,493,1.93,2.32
682,26,2010.0,3,524,1.57,2.32
683,10,2000.0,10,359,0.78,2.32
684,15,1997.0,0,493,0.79,2.32
685,16,2004.0,8,138,0.85,2.31
686,4,2004.0,5,359,0.52,2.31
687,15,1999.0,6,138,1.58,2.31
688,23,1995.0,7,465,0.28,2.31
689,15,1998.0,10,10,1.65,2.31
690,28,2013.0,0,547,1.24,2.3
691,13,2012.0,0,343,0.95,2.3
692,4,2008.0,7,359,0.95,2.3
693,17,2011.0,0,120,1.08,2.29
694,13,1997.0,0,137,0.91,2.29
695,17,2013.0,0,455,1.23,2.29
696,29,2004.0,6,138,1.38,2.28
697,17,2009.0,10,275,0.3,2.28
698,26,2014.0,3,524,1.11,2.28
699,2,2015.0,0,281,0.0,2.28
700,11,1983.0,4,359,0.51,2.28
701,16,2008.0,10,138,0.38,2.28
702,17,2008.0,0,288,1.01,2.28
703,17,2012.0,8,493,1.05,2.28
704,15,1997.0,6,91,0.07,2.28
705,2,2012.0,7,359,1.12,2.27
706,17,2009.0,3,445,1.34,2.27
707,26,2006.0,3,445,1.07,2.27
708,6,2002.0,4,359,1.22,2.27
709,6,2001.0,4,359,0.9,2.26
710,17,2007.0,3,21,1.4,2.26
712,26,2007.0,0,85,1.34,2.26
713,20,2014.0,3,457,0.28,2.25
714,16,2002.0,1,85,0.62,2.25
715,15,1997.0,10,521,1.52,2.25
716,7,2004.0,7,359,1.48,2.25
717,17,2011.0,10,138,1.93,2.25
718,26,2009.0,7,359,0.67,2.25
719,19,2008.0,2,464,0.51,2.25
720,6,2001.0,4,445,1.19,2.24
721,6,2001.0,4,543,1.29,2.23
722,11,1990.0,0,275,1.74,2.23
723,4,2008.0,0,21,1.42,2.23
724,16,2009.0,9,275,1.09,2.23
725,27,2013.0,4,359,1.27,2.22
726,16,2003.0,0,524,0.88,2.22
727,4,2009.0,5,547,1.71,2.22
728,5,1998.0,1,359,1.0,2.22
729,28,2010.0,6,138,1.03,2.22
730,28,2010.0,8,493,1.45,2.21
731,30,2013.0,0,524,1.47,2.21
732,16,2006.0,0,85,1.06,2.21
733,28,2008.0,3,138,1.78,2.2
734,0,1981.0,0,391,2.06,2.2
735,28,2007.0,3,21,2.01,2.2
736,5,2000.0,4,359,1.11,2.2
737,11,1986.0,10,347,0.15,2.2
738,26,2008.0,4,445,1.28,2.2
739,4,2007.0,5,126,1.06,2.2
740,17,2011.0,0,275,0.34,2.19
741,28,2006.0,0,487,1.17,2.19
742,29,2003.0,7,21,1.68,2.19
743,5,1992.0,3,359,0.87,2.19
744,5,2000.0,4,359,1.04,2.19
745,17,2012.0,0,464,0.59,2.19
746,5,2000.0,7,275,0.0,2.18
747,16,2002.0,6,487,1.92,2.18
748,30,2013.0,6,323,1.21,2.18
749,28,2013.0,10,138,1.97,2.18
750,4,2006.0,7,359,1.29,2.18
751,6,2003.0,7,359,1.48,2.17
752,28,2010.0,7,464,1.27,2.17
753,10,1998.0,9,359,1.6,2.17
754,11,1984.0,10,359,0.48,2.17
755,13,2001.0,9,138,1.23,2.16
756,26,2009.0,10,524,1.51,2.16
757,15,2000.0,8,455,1.5,2.15
758,18,2015.0,8,524,0.54,2.15
759,11,1987.0,10,359,0.14,2.15
760,30,2014.0,10,138,0.6,2.15
761,19,2007.0,8,21,0.52,2.14
762,23,1996.0,7,359,0.66,2.14
763,11,1983.0,3,359,0.01,2.14
764,11,1988.0,6,359,1.47,2.14
765,13,1992.0,9,308,1.2,2.14
766,0,1981.0,8,237,1.99,2.13
767,16,2004.0,9,275,1.04,2.13
768,4,2006.0,5,359,0.64,2.13
769,6,2003.0,7,465,0.82,2.13
770,18,2016.0,0,524,0.59,2.13
771,4,2010.0,0,126,0.93,2.12
772,4,2006.0,7,464,0.91,2.12
773,26,2010.0,4,359,1.47,2.12
774,29,2001.0,6,323,1.37,2.12
775,5,1989.0,10,359,0.83,2.12
776,17,2011.0,10,493,1.61,2.11
777,17,2009.0,8,493,1.2,2.11
778,10,2000.0,10,21,1.68,2.11
779,17,2008.0,10,275,0.11,2.11
780,16,2002.0,6,138,1.68,2.11
781,26,2010.0,10,359,0.9,2.11
783,16,2003.0,0,499,0.63,2.11
784,28,2011.0,2,547,1.63,2.11
785,15,1998.0,7,465,0.94,2.1
786,16,2002.0,4,487,1.17,2.1
787,29,2002.0,0,323,1.54,2.1
788,19,2005.0,6,138,1.77,2.1
789,28,2011.0,8,532,1.41,2.1
790,16,2005.0,0,85,0.99,2.09
791,15,1997.0,10,13,0.0,2.09
792,28,2006.0,0,85,1.16,2.09
793,16,2003.0,0,487,1.26,2.09
794,28,2010.0,0,493,1.84,2.09
795,26,2009.0,3,330,1.97,2.09
796,4,2006.0,9,138,0.92,2.09
797,18,2015.0,8,138,0.7,2.09
798,19,2010.0,0,275,0.46,2.09
799,13,2010.0,7,21,1.77,2.08
800,16,2002.0,5,487,1.11,2.08
801,17,2008.0,6,138,0.63,2.08
802,26,2007.0,9,275,1.36,2.08
803,7,2003.0,3,359,0.97,2.08
804,17,2010.0,0,493,0.59,2.08
805,13,1998.0,11,138,2.04,2.08
806,13,1994.0,11,21,0.89,2.08
807,17,2010.0,10,138,0.79,2.08
808,15,2002.0,8,493,1.54,2.07
809,19,2010.0,7,464,0.63,2.07
810,28,2009.0,2,487,1.48,2.07
811,17,2011.0,7,347,0.75,2.07
812,6,2001.0,11,275,1.64,2.07
813,28,2007.0,6,138,1.04,2.06
814,17,2010.0,9,138,0.73,2.06
815,28,2010.0,0,524,1.2,2.06
816,6,2005.0,7,359,0.71,2.06
817,6,2004.0,0,487,1.15,2.06
818,15,1998.0,6,347,0.68,2.06
819,16,2003.0,2,347,1.06,2.06
820,2,2013.0,7,359,0.89,2.06
821,17,2007.0,6,138,0.73,2.05
822,4,2008.0,3,493,1.23,2.05
823,17,2013.0,10,493,1.43,2.05
824,4,2005.0,7,359,1.16,2.05
825,7,2002.0,3,241,1.47,2.05
826,17,2013.0,7,21,0.71,2.05
827,8,1992.0,10,40,1.75,2.05
828,28,2007.0,6,323,0.48,2.05
829,4,2009.0,7,464,1.11,2.04
830,28,2011.0,3,323,1.45,2.04
831,26,2008.0,3,524,0.73,2.04
832,16,2006.0,8,455,1.74,2.04
833,16,2005.0,0,524,0.71,2.04
834,6,2003.0,4,359,1.2,2.04
835,17,2011.0,0,138,0.58,2.04
836,18,2014.0,10,138,1.53,2.03
837,10,1998.0,10,359,1.25,2.03
838,28,2011.0,3,524,1.47,2.03
839,16,2003.0,10,138,1.57,2.03
840,17,2008.0,0,138,1.05,2.02
841,28,2005.0,8,21,1.81,2.02
842,28,2014.0,10,138,1.76,2.02
843,28,2012.0,6,323,0.82,2.02
844,4,2007.0,5,325,0.49,2.01
845,30,2016.0,8,524,1.2,2.01
846,17,2013.0,0,547,0.77,2.0
847,2,2012.0,7,359,0.89,2.0
848,18,2014.0,6,455,0.35,2.0
849,23,1993.0,2,359,0.52,2.0
850,17,2008.0,2,325,1.48,2.0
851,15,1997.0,0,21,0.95,1.99
852,5,1989.0,10,359,0.75,1.99
853,6,2002.0,0,138,1.21,1.99
854,15,2002.0,0,138,0.75,1.98
855,23,1991.0,9,359,0.93,1.98
856,30,2013.0,8,138,1.25,1.98
857,28,2012.0,8,85,1.11,1.98
858,18,2014.0,7,138,0.72,1.97
859,4,2010.0,4,445,0.99,1.97
860,16,2002.0,4,527,0.74,1.97
861,26,2008.0,8,21,1.2,1.97
862,16,2003.0,0,85,0.71,1.97
863,17,2008.0,6,138,1.01,1.97
864,0,1981.0,0,53,1.84,1.97
865,28,2013.0,8,493,1.22,1.96
866,19,2004.0,10,455,0.5,1.96
867,11,1986.0,6,359,1.13,1.96
868,11,1985.0,10,359,0.18,1.96
869,4,2006.0,4,359,0.79,1.96
870,28,2006.0,8,524,1.09,1.96
871,28,2014.0,8,21,1.3,1.95
872,16,2003.0,6,543,0.74,1.95
873,29,2005.0,0,493,1.26,1.95
874,13,1994.0,8,288,1.09,1.95
875,16,2003.0,10,138,1.69,1.95
876,16,2003.0,2,138,0.95,1.94
877,28,2008.0,10,138,0.49,1.94
878,13,1999.0,3,126,1.94,1.94
879,15,2001.0,1,487,0.59,1.94
880,5,1989.0,5,359,0.96,1.94
881,16,2004.0,2,53,1.09,1.94
882,15,1997.0,6,455,1.41,1.94
883,16,2002.0,8,524,1.42,1.94
884,16,2004.0,7,21,1.0,1.93
885,28,2013.0,0,547,1.15,1.93
886,17,2008.0,3,21,1.1,1.93
887,23,1993.0,2,17,1.48,1.93
888,21,1995.0,2,445,0.34,1.93
889,5,1998.0,5,359,1.06,1.93
890,28,2008.0,2,325,1.53,1.93
891,17,2014.0,0,524,0.56,1.93
892,26,2008.0,10,359,1.51,1.93
893,28,2013.0,0,464,0.86,1.92
894,5,2001.0,0,359,0.92,1.92
895,28,2009.0,6,138,0.73,1.92
896,26,2008.0,3,138,0.87,1.92
897,16,2001.0,8,487,0.76,1.92
898,13,2003.0,9,138,1.03,1.92
899,16,2004.0,6,487,0.94,1.92
900,15,1996.0,3,455,0.26,1.92
901,26,2009.0,3,126,1.06,1.92
902,10,2000.0,3,359,0.72,1.91
903,26,2008.0,0,288,1.14,1.91
904,26,2008.0,3,325,1.3,1.91
905,18,2015.0,8,21,0.77,1.91
906,26,2011.0,0,288,1.08,1.91
907,7,2001.0,9,288,1.03,1.9
908,17,2012.0,8,493,0.59,1.9
909,18,2013.0,6,138,0.73,1.89
910,17,2008.0,10,138,1.56,1.89
911,2,2013.0,7,359,0.21,1.89
912,17,2009.0,4,455,1.05,1.88
913,15,1999.0,7,275,1.37,1.88
914,16,2004.0,2,325,0.92,1.88
915,15,1999.0,10,455,0.25,1.88
916,16,2005.0,8,138,0.89,1.88
917,15,1998.0,2,487,1.42,1.88
918,16,2007.0,3,126,0.47,1.87
919,7,2002.0,1,359,0.96,1.87
920,15,1998.0,10,138,0.22,1.87
921,16,2001.0,0,487,0.53,1.87
922,2,2013.0,4,359,0.73,1.87
923,5,2001.0,1,359,0.87,1.86
924,29,2005.0,10,138,1.75,1.86
925,16,2004.0,4,21,1.12,1.86
926,15,1999.0,7,455,0.94,1.86
927,10,1997.0,4,17,1.37,1.86
928,16,2004.0,3,455,0.0,1.86
929,18,2014.0,4,455,0.64,1.86
930,16,2001.0,10,138,0.91,1.86
931,4,2009.0,0,126,1.34,1.86
932,15,1999.0,7,465,0.62,1.86
933,26,2010.0,0,21,0.85,1.86
934,2,2013.0,3,359,0.61,1.85
935,16,2004.0,4,455,1.33,1.85
936,26,2007.0,3,524,0.83,1.85
937,6,2004.0,7,464,1.26,1.85
938,11,1984.0,0,359,0.8,1.85
939,17,2011.0,0,455,1.05,1.85
940,16,2001.0,6,528,0.0,1.84
941,17,2009.0,7,347,0.97,1.84
942,16,2005.0,10,138,1.53,1.84
943,10,1998.0,9,359,0.83,1.83
944,6,2005.0,3,487,1.31,1.83
945,13,2012.0,7,21,0.84,1.83
946,15,1996.0,6,455,1.33,1.83
947,18,2015.0,0,464,0.46,1.83
948,23,1993.0,7,465,0.25,1.83
949,28,2007.0,8,138,1.09,1.83
950,15,1995.0,9,455,0.92,1.83
951,2,2014.0,4,359,0.61,1.82
952,8,1994.0,4,445,1.24,1.82
953,16,2001.0,3,347,1.73,1.82
954,13,2001.0,9,138,1.81,1.82
955,26,2007.0,8,359,0.91,1.82
956,4,2010.0,7,359,0.22,1.81
957,18,2014.0,0,66,0.55,1.81
958,16,2003.0,9,275,1.05,1.81
959,3,2000.0,6,445,1.1,1.81
960,16,2002.0,2,445,0.78,1.81
961,16,2004.0,4,455,0.88,1.81
962,16,2008.0,3,21,1.0,1.8
963,6,2002.0,4,445,0.93,1.8
964,28,2006.0,10,138,1.66,1.8
965,17,2010.0,0,493,1.41,1.8
966,15,1999.0,10,10,1.0,1.8
967,17,2015.0,8,21,0.49,1.79
968,23,1994.0,4,540,1.26,1.79
969,17,2013.0,1,455,0.52,1.79
970,28,2012.0,0,323,1.05,1.78
971,16,2003.0,6,493,1.25,1.78
972,4,2006.0,7,464,0.23,1.78
973,15,2001.0,0,487,1.12,1.78
974,16,2004.0,0,455,0.39,1.78
975,2,2011.0,5,359,0.32,1.78
976,17,2010.0,0,464,0.45,1.78
977,17,2012.0,7,85,0.41,1.78
978,27,2013.0,0,359,0.93,1.77
979,16,2005.0,0,543,0.85,1.77
980,26,2007.0,3,126,1.16,1.77
981,27,2013.0,3,359,0.31,1.77
982,17,2013.0,10,138,1.59,1.77
983,23,1991.0,7,462,0.24,1.77
984,10,2000.0,4,359,0.63,1.77
985,29,2001.0,2,323,1.19,1.77
986,17,2009.0,2,487,1.07,1.77
987,5,1991.0,1,359,0.85,1.76
988,15,1998.0,2,17,1.27,1.76
989,16,2004.0,4,487,1.06,1.76
990,6,2001.0,7,359,0.93,1.76
991,8,1994.0,4,445,1.02,1.76
992,11,1986.0,4,359,0.53,1.76
993,16,2004.0,2,138,0.86,1.76
994,29,2002.0,8,524,1.23,1.76
995,16,2002.0,0,493,0.86,1.76
996,17,2013.0,8,493,0.72,1.76
997,28,2012.0,0,464,0.68,1.76
998,6,2007.0,0,487,1.26,1.76
999,28,2015.0,8,21,1.11,1.76
1000,16,2004.0,9,138,0.52,1.76
1001,17,2007.0,10,138,0.35,1.76
1002,16,2001.0,9,21,0.61,1.76
1003,15,1998.0,10,138,1.68,1.75
1004,17,2013.0,7,464,0.9,1.75
1005,29,2004.0,8,21,1.24,1.75
1006,16,2001.0,10,275,0.06,1.75
1007,28,2007.0,8,323,1.0,1.75
1008,11,1991.0,5,359,0.7,1.75
1009,23,1993.0,4,85,0.94,1.75
1010,11,1993.0,4,359,0.79,1.75
1011,4,2009.0,9,6,0.83,1.75
1012,16,2008.0,9,275,0.85,1.75
1013,6,2004.0,3,487,1.25,1.75
1014,15,1999.0,1,288,0.72,1.74
1015,16,2002.0,7,347,0.63,1.74
1016,17,2011.0,8,531,0.83,1.74
1017,26,2009.0,3,292,1.19,1.74
1018,30,2015.0,6,323,0.69,1.74
1019,26,2010.0,4,445,0.96,1.74
1020,10,1996.0,6,359,1.69,1.74
1021,15,1998.0,10,138,1.66,1.74
1022,18,2014.0,7,21,0.49,1.74
1023,20,2011.0,8,455,0.59,1.74
1024,17,2014.0,8,21,0.67,1.73
1025,16,2001.0,10,138,0.85,1.73
1026,18,2016.0,8,21,0.64,1.73
1027,15,1998.0,0,10,1.48,1.73
1028,5,2001.0,0,138,0.94,1.73
1029,26,2013.0,0,126,1.15,1.73
1030,6,2002.0,4,527,0.95,1.73
1031,28,2012.0,0,66,1.06,1.73
1032,16,2003.0,0,493,0.85,1.72
1033,18,2015.0,8,455,0.61,1.72
1034,18,2015.0,7,66,0.66,1.72
1035,16,2008.0,8,21,0.61,1.72
1036,4,2008.0,9,524,0.7,1.72
1037,13,2011.0,8,21,0.41,1.72
1038,29,2004.0,10,138,1.61,1.72
1039,16,2003.0,7,524,0.8,1.72
1040,13,2010.0,9,138,0.59,1.71
1041,26,2009.0,5,547,1.43,1.71
1042,15,1998.0,4,21,0.99,1.71
1043,4,2007.0,3,330,1.15,1.71
1044,16,2004.0,9,457,0.88,1.71
1045,29,2003.0,6,138,1.09,1.71
1046,4,2006.0,3,359,0.0,1.71
1047,6,2001.0,5,487,1.25,1.71
1048,26,2009.0,10,23,1.58,1.7
1049,18,2014.0,6,524,0.34,1.7
1050,16,2009.0,10,138,0.23,1.7
1051,26,2008.0,10,347,0.99,1.7
1052,4,2007.0,5,359,0.49,1.7
1053,26,2011.0,4,359,0.62,1.7
1054,23,1993.0,5,63,0.0,1.7
1055,4,2007.0,0,109,0.69,1.7
1056,16,2006.0,10,138,1.41,1.7
1057,16,2005.0,8,455,1.22,1.69
1058,30,2014.0,10,493,1.36,1.69
1059,17,2008.0,0,487,0.88,1.69
1060,28,2013.0,0,120,1.01,1.69
1061,15,1999.0,3,455,0.94,1.69
1062,17,2009.0,7,138,0.96,1.69
1063,28,2015.0,10,138,0.55,1.69
1064,10,1997.0,2,487,1.37,1.69
1065,15,1998.0,2,487,1.1,1.69
1066,6,2001.0,0,138,0.87,1.69
1067,28,2008.0,6,138,0.79,1.69
1068,6,2002.0,7,241,1.52,1.69
1069,13,2010.0,11,493,0.98,1.69
1070,7,2005.0,0,85,0.98,1.69
1071,20,2012.0,0,21,0.8,1.69
1072,19,2007.0,8,288,0.9,1.68
1073,16,2006.0,3,378,0.82,1.68
1074,15,1997.0,10,455,1.58,1.68
1075,28,2012.0,0,547,0.9,1.68
1076,5,1992.0,5,359,0.59,1.68
1077,15,1997.0,8,347,0.38,1.68
1078,13,2003.0,9,138,1.67,1.68
1079,26,2008.0,0,288,1.23,1.68
1080,26,2007.0,9,138,0.91,1.68
1081,6,2002.0,0,359,1.18,1.68
1082,26,2008.0,10,524,0.94,1.67
1083,16,2003.0,10,138,0.93,1.67
1084,26,2008.0,10,487,0.45,1.67
1085,15,2000.0,10,138,1.58,1.67
1086,17,2006.0,2,138,0.81,1.67
1087,18,2013.0,4,457,0.43,1.67
1088,29,2005.0,8,21,1.22,1.67
1089,11,1989.0,4,85,0.91,1.67
1090,15,2001.0,10,21,1.09,1.67
1091,6,2001.0,1,487,0.59,1.67
1092,13,2013.0,11,21,0.82,1.67
1093,29,2003.0,6,323,0.97,1.67
1094,16,2001.0,6,325,1.13,1.67
1095,16,2003.0,10,138,1.35,1.67
1096,16,2003.0,4,487,1.08,1.67
1097,18,2015.0,0,547,0.63,1.66
1098,17,2007.0,0,455,0.57,1.66
1099,8,1992.0,2,445,1.0,1.66
1100,16,2000.0,10,138,0.78,1.66
1101,28,2012.0,8,493,0.86,1.66
1102,16,2004.0,10,325,0.81,1.66
1103,28,2006.0,6,138,0.76,1.66
1104,16,2002.0,10,138,1.25,1.66
1105,16,2005.0,2,53,0.96,1.66
1106,0,1981.0,5,53,1.54,1.65
1107,7,2004.0,3,359,0.9,1.65
1108,23,1991.0,8,359,1.06,1.65
1109,26,2011.0,3,347,0.48,1.65
1110,16,2004.0,7,144,0.0,1.65
1111,28,2008.0,8,138,1.09,1.65
1112,4,2007.0,7,464,0.32,1.64
1113,6,2004.0,4,359,0.8,1.64
1114,26,2011.0,0,126,0.76,1.64
1115,0,1982.0,5,53,1.52,1.64
1116,15,1999.0,8,425,0.93,1.64
1117,11,1986.0,0,85,0.74,1.64
1118,16,2002.0,10,138,0.8,1.64
1119,16,2005.0,10,138,1.44,1.64
1120,16,2004.0,0,524,0.54,1.64
1121,28,2010.0,9,323,1.02,1.64
1122,18,2015.0,1,457,0.44,1.64
1123,29,2004.0,10,445,1.54,1.63
1124,28,2006.0,9,323,0.45,1.63
1125,7,2001.0,11,359,0.78,1.63
1127,17,2011.0,4,445,0.6,1.63
1128,16,2003.0,10,138,1.18,1.63
1129,15,1999.0,4,455,0.71,1.63
1130,28,2014.0,10,493,1.33,1.63
1131,16,2004.0,10,138,1.32,1.62
1132,28,2010.0,0,464,0.59,1.62
1134,16,2005.0,10,21,0.8,1.62
1135,28,2011.0,8,66,0.82,1.62
1136,4,2006.0,10,359,0.99,1.62
1137,7,2003.0,6,359,1.01,1.62
1138,15,1998.0,6,138,0.9,1.62
1139,26,2006.0,7,359,0.8,1.61
1140,16,2004.0,10,138,0.79,1.61
1141,28,2013.0,8,323,0.92,1.61
1142,5,1989.0,10,359,0.66,1.61
1143,5,1998.0,11,275,0.0,1.61
1144,7,2005.0,10,359,0.98,1.61
1145,16,2005.0,3,455,0.0,1.61
1146,4,2007.0,0,487,1.5,1.61
1147,30,2014.0,8,524,0.79,1.61
1148,26,2008.0,9,275,0.95,1.6
1149,4,2011.0,3,21,0.4,1.6
1150,16,2005.0,0,493,1.3,1.6
1151,28,2008.0,0,524,0.71,1.6
1152,10,1998.0,6,537,0.46,1.6
1153,0,1981.0,8,21,1.49,1.6
1154,15,1999.0,0,275,0.71,1.6
1155,4,2008.0,7,464,0.19,1.6
1156,18,2016.0,0,219,0.58,1.6
1157,7,2003.0,4,445,1.05,1.6
1158,16,2004.0,10,198,1.26,1.59
1159,13,1996.0,7,21,0.01,1.59
1160,7,2006.0,0,359,1.15,1.59
1161,15,1996.0,2,455,0.61,1.59
1162,17,2008.0,0,85,0.58,1.59
1163,0,1982.0,4,53,1.48,1.59
1164,17,2007.0,10,275,0.04,1.59
1165,28,2008.0,2,524,0.92,1.59
1166,28,2010.0,0,547,0.95,1.59
1167,15,1999.0,6,138,0.88,1.59
1168,18,2014.0,8,66,0.47,1.58
1169,26,2008.0,10,493,0.87,1.58
1170,4,2008.0,3,21,0.85,1.58
1171,4,2008.0,9,138,0.81,1.58
1172,15,2000.0,3,455,0.88,1.58
1173,28,2012.0,6,138,0.62,1.58
1174,26,2009.0,3,21,0.94,1.58
1175,4,2008.0,3,126,0.64,1.58
1176,2,2012.0,0,464,0.88,1.58
1177,4,2007.0,0,126,1.06,1.58
1178,4,2009.0,7,359,0.58,1.58
1179,6,2002.0,4,543,0.85,1.58
1180,16,2009.0,10,275,0.1,1.57
1181,16,2001.0,10,138,0.77,1.57
1182,16,2002.0,8,199,0.98,1.57
1183,7,2005.0,3,359,0.95,1.57
1184,17,2012.0,10,275,0.18,1.56
1185,16,2000.0,6,493,0.77,1.56
1186,16,2006.0,2,138,1.07,1.56
1187,11,1988.0,4,359,0.59,1.56
1188,15,1995.0,0,455,1.32,1.56
1189,18,2016.0,7,347,0.58,1.56
1190,23,1990.0,0,85,0.67,1.56
1191,5,2001.0,7,144,0.0,1.56
1192,6,2003.0,3,359,0.68,1.56
1193,18,2013.0,0,547,0.59,1.56
1194,28,2010.0,0,493,0.84,1.55
1195,17,2012.0,0,66,0.72,1.55
1196,16,2002.0,6,53,0.76,1.55
1197,29,2003.0,8,524,0.91,1.55
1198,26,2008.0,10,53,0.79,1.55
1199,17,2010.0,8,493,0.85,1.55
1200,10,2000.0,0,138,1.13,1.55
1201,15,2001.0,0,21,0.57,1.55
1202,30,2014.0,0,524,0.9,1.55
1203,17,2010.0,0,288,0.8,1.55
1204,17,2011.0,7,347,0.6,1.55
1205,13,1999.0,11,550,1.55,1.55
1206,4,2011.0,11,547,1.07,1.55
1207,27,2015.0,3,359,0.69,1.55
1208,30,2013.0,0,323,1.06,1.54
1209,26,2007.0,0,85,0.68,1.54
1210,2,2015.0,7,359,0.71,1.54
1211,16,2000.0,7,455,0.83,1.54
1212,13,2003.0,11,21,0.58,1.54
1213,28,2006.0,8,524,1.4,1.54
1214,4,2008.0,1,126,0.86,1.54
1215,16,2005.0,10,138,1.26,1.54
1216,15,1996.0,8,164,0.85,1.54
1217,13,2012.0,8,21,0.63,1.53
1218,17,2009.0,2,138,0.92,1.53
1219,26,2008.0,9,138,0.71,1.53
1220,4,2007.0,0,138,0.57,1.53
1221,23,1994.0,2,17,1.19,1.53
1222,15,1998.0,10,10,1.44,1.53
1223,26,2009.0,8,21,0.95,1.53
1224,30,2016.0,10,138,0.17,1.53
1225,7,2003.0,10,359,1.09,1.53
1226,15,1997.0,10,138,0.85,1.53
1227,27,2014.0,4,359,0.73,1.52
1228,28,2011.0,8,138,0.94,1.52
1229,19,2007.0,6,445,0.44,1.52
1230,15,1997.0,2,138,1.07,1.52
1231,16,2002.0,10,138,0.36,1.52
1232,15,1996.0,6,138,1.43,1.52
1233,11,1984.0,6,359,0.0,1.52
1234,11,1984.0,8,347,0.18,1.52
1235,15,1998.0,6,138,1.45,1.52
1236,15,1998.0,10,138,1.43,1.52
1237,17,2010.0,0,493,0.5,1.52
1238,17,2006.0,8,21,0.6,1.52
1239,7,2002.0,5,53,1.11,1.52
1240,16,2002.0,0,347,1.26,1.51
1241,30,2014.0,10,138,1.3,1.51
1242,26,2010.0,6,445,0.65,1.51
1243,28,2011.0,0,288,0.84,1.51
1244,13,2011.0,10,445,0.02,1.51
1245,2,2013.0,7,206,0.0,1.51
1246,11,1988.0,0,85,0.93,1.51
1247,15,2001.0,2,138,0.23,1.51
1248,15,1997.0,10,138,1.41,1.51
1249,16,2007.0,0,138,0.35,1.51
1250,15,1997.0,3,214,1.18,1.51
1251,7,2003.0,2,347,0.99,1.5
1252,17,2011.0,8,455,0.64,1.5
1253,16,2000.0,6,101,0.66,1.5
1254,13,2010.0,7,464,0.86,1.5
1255,15,1998.0,10,325,1.41,1.5
1256,16,2002.0,8,487,0.49,1.5
1257,4,2010.0,5,547,1.08,1.5
1258,16,2000.0,10,138,1.19,1.5
1259,10,2000.0,2,487,1.2,1.5
1260,11,1985.0,4,359,0.46,1.5
1261,22,1993.0,4,445,1.0,1.5
1262,11,1986.0,4,224,0.0,1.5
1263,28,2010.0,0,85,0.75,1.5
1264,17,2008.0,3,292,1.13,1.5
1265,15,1998.0,0,347,1.21,1.5
1266,26,2009.0,3,126,1.08,1.49
1267,7,2003.0,7,359,0.72,1.49
1268,29,2002.0,8,138,1.0,1.49
1269,16,2008.0,10,138,1.22,1.49
1270,4,2008.0,1,487,1.0,1.49
1271,10,2000.0,4,359,0.82,1.49
1272,16,2006.0,3,455,0.0,1.49
1273,28,2008.0,0,21,0.82,1.49
1274,26,2010.0,9,138,0.61,1.49
1275,26,2009.0,10,359,0.37,1.48
1276,4,2006.0,1,487,0.43,1.48
1277,16,2006.0,8,464,0.47,1.48
1278,11,1990.0,10,359,0.28,1.48
1279,10,1999.0,2,487,1.2,1.48
1280,5,1997.0,4,359,0.7,1.48
1281,17,2011.0,7,138,0.78,1.48
1282,16,2005.0,10,493,0.72,1.48
1283,16,2004.0,2,138,1.08,1.48
1284,29,2004.0,0,524,0.82,1.48
1285,4,2007.0,9,524,0.39,1.47
1286,20,2012.0,0,524,0.58,1.47
1287,17,2008.0,2,524,0.72,1.47
1288,10,1999.0,0,359,0.62,1.47
1289,6,2003.0,4,487,1.04,1.47
1290,28,2006.0,2,138,1.33,1.47
1291,17,2013.0,0,275,0.45,1.47
1292,4,2008.0,7,464,0.69,1.47
1293,28,2010.0,0,288,0.95,1.47
1294,26,2008.0,8,445,0.78,1.47
1295,4,2007.0,1,126,1.15,1.47
1296,20,2012.0,4,455,0.4,1.47
1297,15,1998.0,7,465,0.29,1.46
1298,6,2004.0,4,487,1.02,1.46
1299,28,2012.0,8,524,0.93,1.46
1300,28,2008.0,8,138,0.81,1.46
1301,16,2003.0,3,325,0.72,1.46
1302,4,2008.0,4,487,0.46,1.46
1304,28,2011.0,8,487,0.83,1.46
1305,7,2001.0,5,53,0.95,1.46
1306,0,1981.0,4,94,1.36,1.46
1307,15,1998.0,2,177,0.81,1.46
1308,7,2005.0,10,359,0.93,1.46
1309,17,2012.0,7,138,0.63,1.46
1310,26,2012.0,0,547,0.94,1.46
1311,17,2012.0,0,138,0.47,1.46
1312,15,1998.0,2,487,1.17,1.46
1313,19,2006.0,2,445,0.53,1.46
1314,2,2013.0,4,359,0.51,1.46
1315,16,2004.0,0,85,0.37,1.45
1316,28,2013.0,7,21,0.89,1.45
1317,30,2015.0,0,547,0.86,1.45
1318,17,2008.0,8,493,0.75,1.45
1319,16,2004.0,8,493,0.71,1.45
1320,13,2011.0,11,524,0.0,1.45
1321,16,2003.0,0,85,0.54,1.45
1322,26,2007.0,3,138,0.53,1.45
1323,5,1996.0,9,347,0.0,1.45
1324,11,1984.0,3,359,0.0,1.45
1325,23,1993.0,2,347,0.0,1.45
1326,5,1997.0,9,347,0.0,1.45
1327,10,1999.0,3,347,1.24,1.45
1328,26,2008.0,5,138,0.97,1.45
1329,4,2010.0,7,464,0.11,1.45
1330,16,2005.0,10,21,1.38,1.45
1331,4,2007.0,3,524,0.37,1.45
1332,4,2007.0,3,430,0.79,1.44
1333,16,2007.0,3,455,0.04,1.44
1334,19,2006.0,6,445,0.73,1.44
1335,13,2013.0,9,138,0.48,1.44
1336,23,1996.0,4,359,0.26,1.44
1337,17,2014.0,8,524,0.33,1.44
1338,28,2007.0,2,487,0.92,1.44
1339,28,2010.0,6,323,0.92,1.44
1340,26,2006.0,3,524,1.23,1.44
1341,17,2013.0,6,138,0.33,1.44
1342,16,2004.0,10,138,1.03,1.44
1343,17,2011.0,8,138,0.73,1.44
1344,16,2002.0,10,138,1.16,1.44
1345,15,1999.0,0,214,0.8,1.43
1346,28,2013.0,0,126,0.96,1.43
1347,26,2009.0,0,21,0.91,1.43
1348,28,2009.0,3,445,0.85,1.43
1349,26,2008.0,10,138,0.81,1.43
1350,5,1988.0,4,85,0.82,1.43
1351,6,2004.0,4,359,0.0,1.43
1352,15,1999.0,10,138,0.79,1.43
1353,2,2013.0,7,464,0.07,1.42
1354,16,2002.0,10,21,0.7,1.42
1355,17,2010.0,2,487,0.8,1.42
1356,16,2005.0,10,138,1.35,1.42
1357,6,2004.0,0,359,0.89,1.42
1358,16,2004.0,10,138,1.15,1.42
1359,28,2011.0,4,445,0.71,1.42
1360,23,1994.0,0,359,0.57,1.42
1361,11,1987.0,10,347,0.12,1.42
1362,28,2008.0,0,138,0.89,1.42
1363,7,2002.0,0,85,0.63,1.42
1364,4,2009.0,7,359,0.0,1.42
1365,18,2014.0,0,464,0.47,1.41
1366,19,2006.0,0,288,0.58,1.41
1367,26,2010.0,0,126,0.64,1.41
1368,28,2009.0,2,138,0.95,1.41
1369,7,2005.0,0,137,1.09,1.41
1370,28,2013.0,2,547,0.97,1.41
1371,17,2014.0,10,138,1.07,1.41
1372,8,1994.0,4,540,0.97,1.41
1373,19,2004.0,6,455,0.36,1.41
1374,26,2010.0,0,359,0.87,1.41
1375,15,1999.0,2,138,1.02,1.41
1376,16,2003.0,6,455,0.0,1.41
1377,16,2001.0,6,455,1.19,1.41
1378,16,2004.0,6,138,0.69,1.41
1379,26,2010.0,8,21,0.82,1.4
1380,29,2002.0,0,21,1.07,1.4
1381,16,2008.0,6,138,0.38,1.4
1382,15,1996.0,10,455,1.15,1.4
1383,17,2008.0,0,524,0.43,1.4
1384,6,2004.0,4,487,0.74,1.4
1385,11,1990.0,7,465,0.0,1.4
1386,13,2013.0,8,138,0.38,1.4
1387,16,2002.0,6,91,0.03,1.4
1388,15,2001.0,10,138,0.78,1.39
1389,18,2016.0,8,66,0.49,1.39
1390,4,2007.0,7,464,0.34,1.39
1391,4,2009.0,0,21,1.27,1.39
1392,17,2011.0,8,464,0.5,1.39
1393,23,1994.0,10,17,1.19,1.39
1394,11,1991.0,0,275,1.05,1.39
1395,16,2005.0,0,499,0.24,1.39
1396,26,2007.0,0,126,0.87,1.39
1397,17,2012.0,0,487,0.51,1.39
1398,28,2011.0,8,464,0.76,1.39
1399,29,2003.0,0,21,0.96,1.38
1400,19,2005.0,9,138,0.49,1.38
1401,10,2000.0,7,359,0.58,1.38
1402,2,2012.0,7,359,0.5,1.38
1403,28,2014.0,8,138,0.87,1.38
1404,15,1998.0,8,493,0.77,1.38
1405,20,2012.0,7,55,0.46,1.38
1406,17,2010.0,0,85,0.43,1.38
1407,26,2009.0,3,138,0.71,1.38
1408,26,2007.0,1,126,1.24,1.38
1409,4,2009.0,5,6,0.8,1.38
1410,16,2001.0,10,17,0.67,1.38
1411,28,2011.0,0,138,0.63,1.38
1412,16,2008.0,0,288,0.6,1.37
1413,17,2014.0,0,524,0.46,1.37
1414,17,2006.0,6,347,0.24,1.37
1415,15,1998.0,3,21,0.76,1.37
1416,30,2014.0,6,323,0.5,1.37
1417,17,2008.0,6,455,0.43,1.37
1418,4,2010.0,4,445,0.74,1.37
1419,29,2004.0,7,21,0.99,1.37
1420,17,2010.0,0,547,0.55,1.37
1421,10,1998.0,11,359,0.0,1.37
1422,17,2014.0,10,493,0.86,1.36
1423,29,2004.0,8,524,0.86,1.36
1424,6,2003.0,4,543,0.63,1.36
1425,28,2008.0,6,138,0.63,1.36
1426,16,2008.0,3,455,0.23,1.36
1427,11,1986.0,8,275,0.27,1.36
1428,23,1996.0,7,144,0.0,1.36
1429,0,1981.0,8,53,1.26,1.36
1430,2,2014.0,4,359,0.47,1.36
1431,30,2013.0,0,323,0.82,1.36
1432,16,2002.0,8,138,0.67,1.36
1434,17,2011.0,2,85,0.81,1.35
1435,15,1999.0,9,275,0.0,1.35
1436,17,2010.0,6,91,0.25,1.35
1437,15,1997.0,10,138,1.29,1.35
1438,19,2008.0,10,138,0.23,1.35
1439,4,2007.0,3,53,1.18,1.35
1440,19,2007.0,10,138,0.2,1.35
1441,4,2009.0,0,493,0.59,1.35
1442,28,2010.0,0,323,0.66,1.35
1443,17,2008.0,8,138,0.76,1.35
1444,30,2015.0,2,547,1.0,1.35
1445,16,2004.0,0,138,0.22,1.35
1446,29,2003.0,6,543,0.7,1.35
1447,28,2008.0,0,85,0.79,1.35
1448,17,2008.0,8,524,0.66,1.35
1449,19,2005.0,7,85,0.24,1.35
1450,28,2011.0,0,138,0.7,1.35
1451,15,1997.0,7,465,0.15,1.35
1452,16,2004.0,3,455,0.0,1.35
1453,28,2007.0,10,138,0.31,1.35
1454,17,2011.0,1,455,0.67,1.35
1455,16,2002.0,6,53,0.95,1.34
1456,4,2005.0,7,359,0.77,1.34
1457,28,2006.0,8,85,1.09,1.34
1458,8,1994.0,2,17,1.03,1.34
1459,29,2005.0,8,21,0.85,1.34
1460,7,2004.0,4,359,0.84,1.34
1461,16,2006.0,6,138,1.22,1.34
1462,16,2003.0,8,493,0.65,1.34
1463,13,2000.0,11,138,1.32,1.34
1464,16,2004.0,10,138,1.1,1.34
1465,17,2007.0,2,487,0.62,1.33
1466,16,2004.0,4,455,1.27,1.33
1467,28,2010.0,10,524,0.79,1.33
1468,17,2011.0,8,66,0.47,1.33
1469,28,2013.0,4,21,0.86,1.33
1470,18,2013.0,10,493,0.89,1.33
1471,6,2002.0,0,21,0.92,1.33
1472,10,1998.0,2,17,1.08,1.33
1473,5,2000.0,10,21,0.9,1.33
1474,6,2003.0,9,138,0.93,1.33
1475,15,2000.0,10,138,0.74,1.33
1476,7,2004.0,8,359,0.87,1.33
1477,28,2010.0,2,487,0.9,1.33
1478,17,2013.0,7,464,0.43,1.33
1479,16,2004.0,6,485,0.65,1.33
1480,4,2007.0,9,524,0.71,1.33
1481,4,2010.0,7,359,0.51,1.33
1482,30,2014.0,0,547,0.72,1.32
1483,19,2005.0,6,138,0.69,1.32
1484,17,2008.0,0,547,0.72,1.32
1485,17,2014.0,7,347,0.4,1.32
1486,13,2008.0,7,21,0.01,1.32
1487,17,2014.0,7,464,0.52,1.32
1488,28,2014.0,0,547,0.69,1.32
1489,15,1998.0,6,91,0.03,1.32
1490,11,1985.0,5,359,0.73,1.32
1491,16,2002.0,10,53,1.06,1.32
1492,15,1997.0,2,137,0.73,1.32
1493,6,2003.0,7,85,0.31,1.32
1494,17,2010.0,8,455,0.77,1.32
1495,15,1996.0,10,138,0.73,1.32
1496,4,2011.0,6,126,0.72,1.32
1497,28,2012.0,0,21,0.75,1.32
1499,15,1996.0,6,12,0.73,1.31
1500,16,2002.0,6,66,0.64,1.31
1501,28,2009.0,3,292,0.97,1.31
1502,28,2009.0,2,347,0.71,1.31
1503,28,2009.0,0,21,0.84,1.31
1504,26,2009.0,3,565,1.22,1.31
1505,16,2005.0,4,21,0.78,1.31
1506,15,1999.0,1,487,0.57,1.31
1507,4,2009.0,11,547,0.81,1.31
1508,0,1983.0,4,21,1.22,1.31
1509,16,2002.0,8,17,0.64,1.31
1510,26,2008.0,3,126,0.68,1.31
1511,26,2008.0,10,524,1.11,1.31
1512,29,2004.0,6,138,0.84,1.31
1514,6,2002.0,7,275,0.94,1.3
1515,17,2011.0,0,138,0.45,1.3
1516,16,2006.0,10,138,1.07,1.3
1517,17,2013.0,0,120,0.56,1.3
1518,16,2005.0,3,455,0.27,1.3
1519,26,2007.0,10,138,0.69,1.3
1520,15,1997.0,6,18,1.05,1.3
1521,23,1995.0,7,465,0.0,1.3
1522,26,2010.0,10,138,0.78,1.3
1523,15,1999.0,7,347,0.56,1.3
1524,30,2015.0,1,464,0.53,1.3
1525,26,2006.0,6,138,0.46,1.29
1526,27,2015.0,4,359,0.61,1.29
1527,6,2002.0,7,85,0.39,1.29
1528,17,2012.0,10,138,0.11,1.29
1529,7,2002.0,0,85,0.54,1.29
1530,28,2005.0,6,138,1.0,1.29
1531,30,2015.0,8,524,0.73,1.29
1532,6,2003.0,4,485,0.93,1.29
1533,16,2004.0,8,53,0.63,1.29
1534,26,2008.0,3,21,1.04,1.29
1535,4,2008.0,1,359,0.76,1.29
1536,17,2008.0,7,445,0.71,1.29
1537,16,2005.0,6,493,1.22,1.29
1538,16,2004.0,7,459,0.63,1.28
1539,28,2014.0,0,524,0.72,1.28
1540,4,2008.0,9,524,0.55,1.28
1541,18,2014.0,0,275,0.45,1.28
1542,5,1989.0,3,359,0.0,1.28
1543,30,2015.0,0,524,0.61,1.28
1544,15,1999.0,0,4,1.1,1.28
1545,28,2012.0,0,487,0.72,1.28
1546,15,1999.0,6,10,1.07,1.28
1547,16,2003.0,0,493,0.63,1.28
1548,2,2012.0,0,359,0.48,1.28
1549,16,2001.0,0,275,0.62,1.28
1550,17,2008.0,0,137,0.45,1.27
1551,15,1997.0,4,275,0.58,1.27
1552,13,2005.0,9,138,1.22,1.27
1553,16,2008.0,0,547,0.72,1.27
1554,15,1995.0,6,138,0.71,1.27
1555,2,2012.0,7,359,0.44,1.27
1556,0,1981.0,8,237,1.18,1.27
1557,28,2008.0,10,493,1.0,1.27
1558,28,2011.0,2,487,0.74,1.27
1559,29,2003.0,10,21,0.85,1.27
1560,11,1984.0,8,359,0.68,1.27
1561,30,2015.0,7,66,0.77,1.27
1562,26,2008.0,10,120,0.96,1.27
1563,16,2002.0,7,53,0.49,1.27
1564,26,2007.0,10,493,0.39,1.27
1565,7,2003.0,4,445,0.87,1.27
1566,16,2004.0,0,455,0.62,1.27
1567,15,1994.0,2,455,0.39,1.27
1568,2,2016.0,0,281,0.0,1.27
1569,4,2008.0,0,21,0.56,1.26
1570,4,2005.0,9,53,0.1,1.26
1571,13,2010.0,10,445,0.0,1.26
1572,15,1998.0,5,487,0.05,1.26
1573,4,2007.0,9,464,0.54,1.26
1574,27,2014.0,0,359,0.61,1.26
1575,17,2006.0,6,138,0.49,1.26
1576,13,2003.0,10,137,0.0,1.26
1577,15,1998.0,10,91,0.02,1.26
1578,4,2007.0,0,487,0.5,1.26
1579,15,1998.0,3,214,0.99,1.26
1580,28,2012.0,0,547,0.63,1.26
1581,26,2007.0,10,419,0.45,1.26
1582,17,2008.0,8,455,0.94,1.25
1583,15,2000.0,10,138,0.7,1.25
1584,16,2008.0,0,288,0.49,1.25
1586,17,2007.0,8,524,0.47,1.25
1587,11,1988.0,7,347,0.0,1.25
1588,11,1987.0,7,347,0.0,1.25
1589,15,1996.0,10,348,0.99,1.25
1590,17,2013.0,2,547,0.48,1.25
1591,7,2005.0,7,359,0.71,1.25
1592,16,2006.0,8,138,1.01,1.25
1593,13,2002.0,11,53,1.19,1.25
1594,16,2003.0,0,137,0.61,1.25
1595,16,2004.0,0,524,0.52,1.25
1596,15,1998.0,6,138,1.05,1.25
1597,16,2005.0,8,455,0.85,1.24
1598,16,2001.0,7,540,0.61,1.24
1599,4,2007.0,0,21,1.12,1.24
1600,17,2011.0,7,347,0.29,1.24
1601,4,2007.0,6,359,1.1,1.24
1602,17,2009.0,0,21,0.65,1.24
1603,19,2009.0,0,524,0.43,1.24
1604,15,1997.0,4,177,0.75,1.24
1605,30,2015.0,7,347,0.66,1.24
1606,16,2000.0,0,347,0.24,1.24
1607,16,2008.0,2,487,0.69,1.24
1608,5,1992.0,5,359,0.56,1.24
1609,29,2005.0,0,21,0.82,1.24
1610,26,2007.0,0,109,0.55,1.23
1611,16,2001.0,4,275,0.6,1.23
1612,17,2010.0,10,138,0.3,1.23
1613,29,2004.0,0,323,0.92,1.23
1614,29,2002.0,4,527,0.59,1.23
1615,16,2004.0,6,53,0.6,1.23
1616,15,2003.0,3,455,0.69,1.23
1617,13,2014.0,9,160,0.08,1.23
1618,28,2008.0,3,21,1.0,1.23
1619,17,2007.0,8,138,0.25,1.23
1620,5,2000.0,5,359,0.29,1.23
1621,6,2003.0,4,487,0.88,1.23
1622,15,1998.0,6,21,0.68,1.23
1623,11,1986.0,4,275,0.54,1.23
1624,6,2004.0,4,359,0.79,1.23
1625,17,2009.0,0,445,0.44,1.23
1626,6,2003.0,5,359,0.4,1.23
1627,19,2005.0,8,288,1.05,1.23
1628,18,2016.0,10,138,0.92,1.23
1629,26,2008.0,5,138,0.72,1.23
1630,13,2015.0,7,66,0.5,1.23
1631,26,2007.0,9,138,0.45,1.23
1632,17,2012.0,0,547,0.5,1.22
1633,17,2010.0,2,347,0.42,1.22
1634,7,2004.0,10,359,0.58,1.22
1635,15,1997.0,5,455,0.13,1.22
1636,5,1997.0,3,359,0.76,1.22
1637,5,1999.0,3,359,0.79,1.22
1638,11,1984.0,5,347,0.27,1.22
1639,16,2006.0,1,30,0.59,1.22
1640,17,2011.0,6,91,0.12,1.22
1641,19,2006.0,6,487,0.72,1.22
1642,15,1997.0,10,138,1.13,1.22
1643,15,1997.0,7,465,0.0,1.22
1644,6,2002.0,7,359,0.61,1.22
1645,15,1996.0,9,308,0.68,1.22
1646,29,2001.0,8,493,0.98,1.22
1647,15,1998.0,2,138,0.68,1.22
1648,16,2002.0,10,445,0.59,1.22
1650,2,2011.0,2,85,0.55,1.22
1651,16,2006.0,6,487,1.01,1.21
1652,29,2001.0,3,323,0.93,1.21
1653,29,2004.0,8,21,0.78,1.21
1654,19,2010.0,10,138,0.13,1.21
1655,16,2002.0,4,455,1.03,1.21
1656,4,2009.0,0,21,0.66,1.21
1657,23,1992.0,4,85,0.66,1.21
1658,15,2001.0,7,144,0.0,1.21
1659,15,1999.0,0,288,0.66,1.21
1660,15,2000.0,0,540,0.34,1.21
1661,7,2003.0,6,138,0.69,1.21
1663,15,1997.0,6,138,0.67,1.21
1664,19,2006.0,10,138,0.24,1.21
1665,19,2005.0,10,275,0.01,1.2
1666,16,2002.0,0,71,0.59,1.2
1667,17,2011.0,0,288,0.52,1.2
1668,16,2004.0,6,460,1.0,1.2
1669,7,2004.0,11,359,0.48,1.2
1670,26,2015.0,3,524,0.52,1.2
1671,26,2008.0,3,126,0.77,1.2
1672,30,2015.0,8,138,0.72,1.2
1673,18,2015.0,10,493,0.41,1.2
1674,23,1993.0,2,347,0.0,1.2
1675,11,1986.0,8,275,0.0,1.2
1676,11,1986.0,4,275,0.0,1.2
1677,3,1999.0,10,445,1.12,1.2
1678,5,1989.0,8,359,0.4,1.2
1679,29,2003.0,0,53,0.72,1.2
1680,16,2001.0,10,138,0.59,1.2
1681,4,2006.0,5,359,0.74,1.2
1682,26,2009.0,1,359,0.55,1.2
1683,17,2012.0,0,347,0.01,1.2
1684,17,2013.0,10,493,0.49,1.19
1685,19,2006.0,0,275,0.38,1.19
1686,15,1997.0,9,138,0.66,1.19
1687,27,2014.0,5,359,0.56,1.19
1688,19,2007.0,2,487,0.45,1.19
1689,6,2003.0,6,487,0.86,1.19
1690,26,2008.0,10,275,0.09,1.19
1691,6,2002.0,4,487,0.92,1.19
1692,2,2012.0,10,445,0.18,1.19
1693,16,2006.0,0,543,0.99,1.19
1694,10,1998.0,10,359,1.02,1.19
1695,11,1990.0,4,85,0.68,1.19
1696,15,1999.0,6,524,0.99,1.19
1698,30,2013.0,10,138,0.41,1.19
1699,7,2002.0,0,21,0.86,1.19
1700,6,2004.0,7,359,0.64,1.19
1701,18,2016.0,10,493,0.83,1.19
1702,2,2015.0,7,359,0.46,1.19
1703,28,2012.0,3,524,0.9,1.19
1704,15,1999.0,1,275,0.66,1.18
1705,0,1982.0,6,53,1.1,1.18
1706,17,2012.0,0,85,0.48,1.18
1707,19,2008.0,0,288,0.4,1.18
1708,11,1988.0,10,347,0.1,1.18
1709,3,1999.0,1,445,0.52,1.18
1710,5,2000.0,10,359,0.5,1.18
1711,6,2001.0,10,21,0.85,1.18
1712,17,2011.0,2,487,0.53,1.18
1713,17,2009.0,2,487,0.48,1.18
1714,4,2011.0,11,303,0.95,1.18
1715,17,2006.0,4,445,0.41,1.18
1716,23,1991.0,4,85,0.5,1.18
1717,13,2008.0,11,138,0.03,1.17
1718,15,1996.0,9,138,0.65,1.17
1719,28,2011.0,10,524,0.7,1.17
1720,17,2008.0,8,138,0.74,1.17
1721,16,2005.0,8,21,0.98,1.17
1722,16,2002.0,4,138,0.57,1.17
1723,26,2008.0,4,359,0.6,1.17
1724,4,2007.0,4,445,0.54,1.17
1725,28,2012.0,0,138,0.58,1.17
1726,11,1990.0,4,85,0.68,1.17
1727,18,2016.0,4,455,0.32,1.17
1728,10,1997.0,0,372,0.74,1.17
1729,23,1993.0,7,465,0.0,1.17
1730,16,2003.0,10,564,0.57,1.17
1731,15,1998.0,10,10,0.65,1.17
1732,15,1996.0,6,455,0.16,1.17
1733,29,2003.0,8,138,0.76,1.17
1734,13,2012.0,10,445,0.0,1.17
1735,15,1996.0,6,413,0.65,1.17
1736,28,2008.0,4,138,0.51,1.17
1737,30,2015.0,8,21,0.82,1.17
1738,6,2004.0,5,359,0.68,1.17
1739,17,2008.0,0,21,0.43,1.16
1740,26,2009.0,10,138,0.78,1.16
1741,13,2010.0,7,66,0.58,1.16
1742,20,2012.0,6,138,0.38,1.16
1743,19,2007.0,7,464,0.45,1.16
1744,16,2006.0,6,493,0.97,1.16
1745,16,2004.0,8,524,0.57,1.16
1746,17,2007.0,3,455,0.45,1.16
1747,15,1997.0,2,455,0.39,1.16
1748,4,2011.0,0,288,0.66,1.16
1749,16,2001.0,6,138,0.57,1.16
1750,10,1999.0,8,359,0.78,1.16
1751,23,1993.0,4,85,0.57,1.16
1752,6,2002.0,7,275,0.84,1.16
1753,21,1995.0,6,445,0.21,1.16
1754,15,1997.0,6,137,0.65,1.16
1755,19,2007.0,8,138,0.5,1.16
1756,28,2010.0,8,88,0.54,1.16
1757,17,2011.0,3,524,0.52,1.16
1758,29,2005.0,0,137,0.83,1.16
1759,19,2009.0,10,138,0.15,1.16
1760,28,2014.0,8,138,0.51,1.16
1761,13,2008.0,9,445,0.0,1.15
1762,17,2011.0,9,275,0.52,1.15
1763,16,2001.0,0,325,0.56,1.15
1764,17,2007.0,0,137,0.57,1.15
1765,16,2004.0,8,142,0.56,1.15
1766,0,1980.0,3,21,1.07,1.15
1767,17,2010.0,0,493,0.44,1.15
1768,26,2009.0,4,445,0.69,1.15
1769,13,2007.0,8,21,0.0,1.15
1770,5,1990.0,5,359,0.51,1.15
1771,23,1995.0,10,13,0.0,1.15
1772,11,1986.0,0,224,0.0,1.15
1773,4,2008.0,3,126,0.5,1.15
1774,17,2011.0,4,455,0.75,1.15
1775,7,2003.0,3,359,0.5,1.15
1776,17,2011.0,2,138,0.45,1.15
1777,23,1993.0,7,144,0.0,1.15
1778,16,2003.0,4,487,0.56,1.15
1779,15,1998.0,8,472,0.64,1.15
1780,15,1997.0,5,97,0.0,1.15
1781,2,2011.0,0,359,0.47,1.14
1782,15,2000.0,0,493,0.64,1.14
1783,16,2003.0,0,21,0.44,1.14
1784,16,2005.0,0,455,0.78,1.14
1785,15,1998.0,7,465,0.25,1.14
1786,17,2007.0,10,455,0.31,1.14
1787,16,2005.0,9,275,0.95,1.14
1788,17,2008.0,4,138,0.31,1.14
1789,26,2009.0,4,524,0.26,1.14
1790,10,1998.0,8,17,0.9,1.14
1791,11,1986.0,0,85,0.71,1.14
1792,23,1990.0,9,359,0.46,1.14
1793,3,2000.0,0,137,0.41,1.14
1794,5,1991.0,6,359,0.58,1.14
1795,29,2003.0,0,138,0.71,1.14
1796,6,2005.0,0,137,0.82,1.14
1797,16,2005.0,7,493,0.0,1.14
1798,28,2009.0,3,21,0.65,1.14
1799,16,2001.0,9,53,0.12,1.14
1800,7,2004.0,6,138,0.7,1.14
1801,29,2002.0,9,323,1.01,1.13
1802,17,2010.0,6,455,0.5,1.13
1803,2,2011.0,0,288,0.61,1.13
1804,15,1999.0,10,13,0.0,1.13
1805,6,2006.0,6,487,0.81,1.13
1806,2,2012.0,7,359,0.33,1.13
1807,29,2004.0,8,524,0.99,1.13
1808,18,2014.0,10,493,0.38,1.13
1809,11,1983.0,4,359,0.23,1.13
1810,15,1998.0,3,455,0.63,1.13
1811,28,2013.0,10,493,0.64,1.13
1812,18,2014.0,8,445,0.34,1.13
1813,17,2009.0,0,445,0.21,1.13
1814,6,2005.0,7,359,0.81,1.13
1815,17,2009.0,3,292,0.67,1.13
1816,28,2011.0,0,138,0.72,1.12
1817,0,1982.0,8,53,1.05,1.12
1818,16,2001.0,6,21,0.55,1.12
1819,10,1996.0,9,359,0.56,1.12
1820,28,2010.0,8,323,0.63,1.12
1821,17,2013.0,7,464,0.36,1.12
1822,17,2010.0,0,275,0.5,1.12
1823,28,2011.0,3,524,0.84,1.12
1824,28,2014.0,0,126,0.62,1.12
1825,19,2005.0,8,455,1.03,1.12
1826,29,2005.0,8,21,0.66,1.12
1827,11,1992.0,5,359,0.41,1.12
1828,16,2009.0,3,21,0.28,1.12
1829,13,2007.0,10,434,0.0,1.12
1830,29,2004.0,0,21,0.82,1.12
1831,29,2003.0,8,323,0.85,1.11
1832,18,2015.0,0,547,0.32,1.11
1833,16,2007.0,0,21,0.63,1.11
1834,17,2008.0,6,91,0.31,1.11
1835,16,2007.0,3,426,0.92,1.11
1836,30,2014.0,8,323,0.62,1.11
1838,29,2005.0,0,524,0.68,1.11
1839,11,1983.0,4,359,0.33,1.11
1840,15,1995.0,7,455,0.0,1.11
1841,8,1994.0,10,17,0.95,1.11
1842,26,2007.0,6,138,0.54,1.11
1843,27,2013.0,11,359,0.45,1.11
1844,15,1999.0,7,465,0.18,1.11
1845,19,2004.0,5,524,0.52,1.11
1846,17,2010.0,0,126,0.51,1.11
1847,17,2009.0,3,21,0.53,1.1
1848,0,1981.0,8,21,1.03,1.1
1849,28,2007.0,8,138,0.45,1.1
1850,2,2015.0,0,359,0.52,1.1
1851,0,1982.0,4,53,1.03,1.1
1852,15,1997.0,10,138,0.61,1.1
1853,17,2012.0,0,547,0.36,1.1
1854,4,2007.0,9,524,0.47,1.1
1855,17,2010.0,2,487,0.44,1.1
1856,5,1999.0,11,275,0.0,1.1
1857,11,1984.0,5,224,0.0,1.1
1858,5,1989.0,7,465,0.0,1.1
1859,11,1989.0,7,347,0.0,1.1
1860,10,1998.0,6,359,0.45,1.1
1861,11,1983.0,4,359,0.51,1.1
1862,26,2008.0,8,138,0.92,1.1
1863,16,2001.0,10,138,0.52,1.1
1864,16,2006.0,3,455,0.12,1.1
1865,16,2006.0,3,455,0.0,1.1
1866,7,2003.0,7,359,0.54,1.1
1867,19,2005.0,7,21,0.54,1.1
1868,15,1998.0,7,455,0.26,1.1
1869,17,2013.0,7,464,0.31,1.1
1870,19,2008.0,0,288,0.43,1.09
1871,4,2008.0,9,524,0.63,1.09
1872,19,2007.0,0,138,0.24,1.09
1873,16,2006.0,1,445,0.05,1.09
1874,28,2009.0,10,138,0.82,1.09
1875,6,2003.0,7,53,0.78,1.09
1876,17,2007.0,2,445,0.29,1.09
1877,3,2000.0,10,445,1.02,1.09
1878,15,1998.0,9,275,0.0,1.09
1879,19,2005.0,3,455,0.75,1.09
1880,4,2006.0,0,288,0.96,1.09
1881,29,2003.0,10,138,1.02,1.09
1882,13,2009.0,11,445,0.01,1.09
1883,16,2006.0,0,138,0.89,1.09
1884,26,2009.0,10,138,0.61,1.09
1885,16,2002.0,8,288,0.53,1.09
1886,15,1997.0,9,490,0.0,1.09
1887,17,2010.0,0,138,0.64,1.09
1888,4,2010.0,6,445,0.44,1.09
1889,17,2012.0,0,21,0.35,1.09
1890,26,2007.0,1,359,0.44,1.09
1891,15,1998.0,10,325,0.6,1.09
1892,28,2010.0,6,445,0.74,1.09
1893,16,2003.0,6,138,0.53,1.08
1894,17,2008.0,0,524,0.47,1.08
1895,16,2002.0,4,487,0.53,1.08
1896,13,2015.0,0,493,0.36,1.08
1897,26,2009.0,10,487,0.87,1.08
1898,16,2002.0,10,27,0.53,1.08
1899,4,2009.0,1,138,0.55,1.08
1900,26,2009.0,0,85,0.48,1.08
1901,28,2012.0,0,138,1.02,1.08
1902,19,2009.0,0,493,0.28,1.08
1903,26,2010.0,10,138,0.26,1.08
1904,17,2007.0,8,138,0.28,1.08
1905,0,1982.0,4,53,1.01,1.08
1906,28,2008.0,0,137,0.53,1.08
1907,16,2004.0,8,524,0.64,1.08
1908,17,2011.0,6,91,0.27,1.08
1909,27,2013.0,4,359,0.47,1.08
1910,4,2008.0,9,138,0.67,1.08
1911,15,1998.0,10,325,0.6,1.08
1912,6,2003.0,2,53,0.77,1.08
1913,6,2002.0,4,524,0.77,1.08
1914,7,2005.0,8,359,0.68,1.08
1915,17,2008.0,2,347,0.49,1.08
1916,28,2011.0,2,85,0.79,1.08
1917,28,2013.0,10,138,1.01,1.07
1918,15,1999.0,3,455,0.0,1.07
1919,16,2006.0,8,21,0.89,1.07
1920,4,2008.0,9,524,0.65,1.07
1921,28,2010.0,0,493,0.57,1.07
1922,28,2008.0,0,493,0.53,1.07
1923,21,1994.0,2,445,0.17,1.07
1924,13,1999.0,10,137,0.0,1.07
1925,16,2009.0,2,487,0.53,1.07
1926,28,2007.0,10,275,0.08,1.07
1927,4,2005.0,4,359,0.72,1.07
1928,15,1997.0,10,138,0.59,1.07
1929,16,2005.0,2,347,0.74,1.07
1930,17,2013.0,4,21,0.43,1.07
1931,17,2012.0,6,91,0.12,1.07
1932,19,2005.0,10,455,0.1,1.07
1933,26,2011.0,0,126,0.67,1.07
1934,15,1995.0,6,455,0.17,1.07
1935,28,2011.0,0,126,0.54,1.07
1936,15,1999.0,6,138,0.59,1.07
1937,15,1998.0,10,138,0.59,1.06
1938,16,2006.0,2,325,0.88,1.06
1939,28,2010.0,8,445,0.55,1.06
1940,16,2002.0,6,138,0.52,1.06
1941,4,2008.0,3,176,0.23,1.06
1942,28,2010.0,0,487,0.67,1.06
1943,17,2007.0,6,91,0.16,1.06
1944,4,2007.0,8,21,0.96,1.06
1945,15,1998.0,3,109,0.0,1.06
1946,26,2008.0,10,445,0.28,1.06
1947,16,2005.0,10,138,0.52,1.06
1948,17,2012.0,0,464,0.31,1.06
1949,28,2008.0,8,138,0.65,1.06
1950,15,1999.0,11,322,0.18,1.06
1951,16,2003.0,0,527,0.52,1.06
1952,17,2008.0,0,21,0.44,1.06
1953,10,1998.0,10,325,1.02,1.06
1954,10,1997.0,10,17,1.01,1.06
1955,28,2009.0,3,21,0.56,1.06
1956,4,2007.0,4,493,0.97,1.06
1957,13,2001.0,7,543,1.03,1.06
1958,18,2016.0,2,347,0.39,1.06
1959,6,2004.0,0,21,0.76,1.06
1960,17,2007.0,10,445,0.23,1.06
1961,16,2002.0,6,400,0.52,1.06
1962,17,2007.0,9,455,0.49,1.06
1963,4,2007.0,1,85,0.32,1.06
1964,28,2014.0,0,524,0.58,1.05
1965,0,1981.0,8,237,0.99,1.05
1966,19,2006.0,8,455,0.81,1.05
1967,26,2014.0,0,21,0.42,1.05
1968,17,2010.0,8,445,0.41,1.05
1969,0,1980.0,3,53,0.99,1.05
1970,26,2010.0,3,524,0.27,1.05
1971,11,1986.0,4,224,0.0,1.05
1972,15,1996.0,7,455,0.0,1.05
1973,11,1985.0,2,347,0.0,1.05
1974,23,1996.0,10,13,0.0,1.05
1975,17,2012.0,0,487,0.55,1.05
1976,16,2002.0,10,445,0.51,1.05
1977,18,2015.0,2,347,0.3,1.05
1978,29,2001.0,6,138,0.78,1.05
1979,15,2000.0,10,17,0.91,1.05
1980,4,2007.0,9,524,0.45,1.05
1981,28,2009.0,2,487,0.56,1.05
1982,29,2005.0,6,323,0.52,1.05
1983,28,2006.0,4,445,0.44,1.05
1984,26,2009.0,1,138,0.62,1.05
1985,15,1998.0,9,455,0.19,1.05
1986,4,2012.0,7,359,0.58,1.05
1987,28,2007.0,0,138,0.54,1.05
1988,26,2008.0,0,547,0.46,1.04
1989,16,2003.0,10,138,0.51,1.04
1991,26,2007.0,2,53,0.33,1.04
1992,4,2010.0,0,126,0.58,1.04
1993,15,1997.0,7,347,0.09,1.04
1994,15,2000.0,6,17,0.58,1.04
1995,4,2009.0,1,126,0.57,1.04
1996,15,1996.0,0,540,0.45,1.04
1997,7,2003.0,2,359,0.44,1.04
1998,16,2006.0,9,275,0.87,1.04
1999,28,2011.0,8,66,0.59,1.04
2000,6,2001.0,6,359,0.39,1.04
2001,10,1997.0,5,224,0.5,1.04
2002,15,1998.0,6,17,0.91,1.04
2003,28,2009.0,0,21,0.62,1.04
2004,18,2015.0,6,450,0.17,1.04
2005,29,2005.0,6,138,0.53,1.04
2006,4,2011.0,4,359,0.52,1.04
2007,30,2013.0,0,547,0.61,1.04
2008,4,2010.0,9,21,0.68,1.04
2009,17,2007.0,8,524,0.34,1.04
2010,19,2009.0,6,455,0.16,1.04
2011,19,2005.0,6,455,0.47,1.04
2012,18,2014.0,10,138,0.46,1.04
2013,16,2005.0,6,487,0.86,1.03
2014,17,2008.0,4,445,0.56,1.03
2015,26,2007.0,10,138,0.94,1.03
2016,17,2011.0,4,524,0.33,1.03
2017,26,2012.0,0,126,0.72,1.03
2018,16,2003.0,10,138,0.5,1.03
2020,11,1985.0,5,224,0.18,1.03
2021,26,2007.0,0,138,0.45,1.03
2022,13,1996.0,0,137,0.96,1.03
2023,26,2008.0,3,292,0.94,1.03
2024,15,1998.0,2,540,0.38,1.03
2025,28,2011.0,8,138,0.61,1.02
2026,26,2007.0,10,138,0.32,1.02
2027,26,2007.0,2,511,0.45,1.02
2028,28,2007.0,8,524,0.87,1.02
2029,27,2012.0,0,524,0.53,1.02
2030,7,2004.0,4,21,0.73,1.02
2031,4,2007.0,9,524,0.51,1.02
2032,17,2010.0,7,347,0.28,1.02
2033,23,1993.0,0,85,0.39,1.02
2034,26,2008.0,4,487,0.51,1.02
2035,15,1997.0,0,138,0.57,1.02
2036,28,2007.0,9,53,0.69,1.02
2037,29,2006.0,10,138,0.97,1.02
2038,17,2014.0,0,126,0.44,1.02
2039,16,2004.0,0,138,0.5,1.02
2040,15,1998.0,5,214,0.56,1.01
2041,27,2014.0,0,359,0.34,1.01
2042,28,2008.0,0,524,0.54,1.01
2043,19,2010.0,0,455,0.41,1.01
2044,2,2011.0,4,445,0.44,1.01
2045,28,2008.0,0,499,0.65,1.01
2046,23,1995.0,10,17,0.87,1.01
2047,13,2003.0,10,137,0.0,1.01
2048,26,2010.0,3,21,0.48,1.01
2049,4,2006.0,3,445,0.0,1.01
2050,15,1997.0,9,499,0.12,1.01
2051,17,2014.0,0,547,0.33,1.01
2052,17,2009.0,6,91,0.27,1.01
2053,18,2014.0,4,524,0.21,1.01
2054,26,2009.0,8,138,0.93,1.0
2055,16,2003.0,6,142,0.49,1.0
2056,15,1997.0,7,85,0.29,1.0
2057,28,2008.0,10,275,0.13,1.0
2058,16,2000.0,2,499,0.3,1.0
2059,11,1985.0,8,85,0.65,1.0
2060,10,2000.0,6,359,0.65,1.0
2061,11,1991.0,10,359,0.41,1.0
2062,5,1997.0,3,359,0.63,1.0
2063,16,2004.0,3,441,0.0,1.0
2064,29,2003.0,2,347,0.78,1.0
2065,17,2008.0,8,524,0.49,1.0
2066,28,2012.0,0,487,0.72,1.0
2067,28,2006.0,10,275,0.08,1.0
2068,15,1995.0,6,138,0.56,1.0
2069,15,2000.0,10,455,0.56,1.0
2070,20,2013.0,8,457,0.25,1.0
2071,15,1996.0,10,138,0.55,1.0
2072,16,2002.0,0,499,0.13,1.0
2073,4,2005.0,11,487,0.86,1.0
2074,17,2013.0,3,524,0.51,1.0
2075,17,2013.0,0,138,0.44,1.0
2076,26,2010.0,3,487,0.89,1.0
2077,17,2013.0,0,126,0.48,1.0
2078,28,2011.0,7,347,0.64,1.0
2079,4,2008.0,5,524,0.17,1.0
2080,15,2000.0,3,455,0.55,1.0
2081,28,2013.0,0,138,0.64,0.99
2082,4,2005.0,1,85,0.49,0.99
2083,29,2000.0,10,323,0.74,0.99
2084,7,2003.0,6,543,0.77,0.99
2085,4,2008.0,9,138,0.59,0.99
2087,28,2013.0,0,524,0.57,0.99
2088,19,2006.0,9,347,0.37,0.99
2089,28,2011.0,10,138,0.94,0.99
2090,17,2011.0,0,126,0.36,0.99
2091,26,2009.0,3,21,0.6,0.99
2092,26,2009.0,6,487,0.61,0.99
2093,15,1998.0,4,177,0.55,0.99
2094,17,2009.0,9,455,0.35,0.99
2095,26,2009.0,0,547,0.88,0.99
2096,19,2008.0,6,493,0.52,0.99
2097,16,2000.0,0,455,0.3,0.99
2098,17,2008.0,3,21,0.73,0.99
2099,26,2007.0,2,487,0.38,0.99
2100,26,2009.0,10,138,0.23,0.99
2101,7,2005.0,4,445,0.76,0.99
2102,13,2012.0,9,160,0.0,0.99
2103,13,2008.0,7,66,0.02,0.99
2104,4,2006.0,6,487,0.85,0.98
2105,19,2008.0,10,275,0.02,0.98
2106,13,2012.0,8,524,0.21,0.98
2107,26,2010.0,7,359,0.49,0.98
2108,28,2013.0,3,524,0.72,0.98
2109,6,2005.0,3,359,0.5,0.98
2110,17,2010.0,6,445,0.36,0.98
2111,11,1993.0,5,359,0.62,0.98
2112,10,1998.0,6,138,0.94,0.98
2115,4,2010.0,7,464,0.56,0.98
2116,17,2014.0,7,524,0.42,0.98
2117,17,2011.0,6,524,0.24,0.98
2118,17,2012.0,8,6,0.38,0.98
2119,28,2014.0,8,524,0.45,0.98
2120,13,2005.0,0,493,0.0,0.98
2121,17,2013.0,0,524,0.34,0.98
2122,17,2013.0,0,275,0.03,0.98
2123,28,2015.0,10,138,0.82,0.98
2124,16,2009.0,10,138,0.88,0.98
2125,28,2009.0,0,138,0.62,0.98
2126,4,2006.0,9,347,0.09,0.98
2127,18,2015.0,7,464,0.37,0.97
2128,17,2007.0,10,138,0.89,0.97
2129,26,2008.0,4,487,0.5,0.97
2130,29,2005.0,10,138,0.73,0.97
2131,13,2012.0,7,138,0.4,0.97
2132,28,2009.0,10,493,0.88,0.97
2133,6,2003.0,11,359,0.49,0.97
2135,28,2011.0,0,21,0.53,0.97
2136,26,2010.0,10,126,0.56,0.97
2137,16,2003.0,10,138,0.47,0.97
2138,16,2007.0,0,493,0.78,0.97
2139,28,2015.0,10,493,0.77,0.97
2140,29,2004.0,10,138,0.33,0.97
2141,26,2012.0,0,547,0.52,0.97
2142,23,1992.0,7,465,0.0,0.97
2143,0,1981.0,4,53,0.9,0.97
2144,7,2006.0,0,288,0.75,0.97
2146,20,2013.0,7,464,0.21,0.97
2147,15,2000.0,8,138,0.54,0.97
2148,4,2005.0,9,138,0.82,0.96
2149,16,2002.0,7,455,0.38,0.96
2150,15,1999.0,3,455,0.54,0.96
2151,17,2012.0,0,455,0.5,0.96
2152,15,1999.0,9,275,0.0,0.96
2153,4,2011.0,3,487,0.72,0.96
2154,26,2012.0,7,464,0.0,0.96
2155,4,2011.0,0,126,0.37,0.96
2156,19,2006.0,1,455,0.3,0.96
2157,10,1996.0,2,177,0.72,0.96
2158,11,1986.0,8,224,0.32,0.96
2159,28,2008.0,4,445,0.54,0.96
2160,17,2010.0,8,85,0.29,0.96
2161,16,2000.0,10,138,0.47,0.96
2162,2,2012.0,7,464,0.0,0.96
2163,4,2008.0,10,524,0.3,0.96
2164,17,2012.0,8,524,0.41,0.96
2165,4,2006.0,0,85,0.39,0.96
2166,16,2002.0,4,455,0.36,0.96
2167,29,2002.0,2,325,0.77,0.96
2168,13,2011.0,0,347,0.25,0.96
2169,2,2011.0,9,359,0.4,0.96
2170,17,2013.0,2,347,0.32,0.96
2171,28,2015.0,0,547,0.47,0.95
2172,29,2004.0,10,198,0.88,0.95
2174,16,2004.0,3,400,0.8,0.95
2175,16,2005.0,0,524,0.36,0.95
2176,7,2003.0,4,487,0.74,0.95
2177,28,2014.0,7,524,0.57,0.95
2178,4,2008.0,0,273,0.65,0.95
2179,17,2008.0,3,455,0.27,0.95
2180,26,2011.0,6,126,0.46,0.95
2181,15,1996.0,7,455,0.26,0.95
2182,16,2000.0,11,138,0.27,0.95
2183,6,2003.0,3,275,0.68,0.95
2184,15,1999.0,10,138,0.53,0.95
2185,17,2009.0,0,138,0.54,0.95
2186,17,2011.0,0,21,0.39,0.95
2187,26,2009.0,3,21,0.41,0.95
2188,18,2015.0,8,493,0.35,0.95
2189,17,2008.0,2,487,0.51,0.95
2190,28,2010.0,8,138,0.62,0.95
2191,26,2009.0,10,21,0.7,0.95
2192,28,2014.0,0,547,0.48,0.95
2193,26,2011.0,3,359,0.24,0.95
2194,16,2004.0,8,455,0.79,0.94
2195,17,2011.0,0,464,0.27,0.94
2196,16,2003.0,6,91,0.01,0.94
2197,2,2011.0,8,359,0.48,0.94
2198,7,2004.0,4,487,0.73,0.94
2199,28,2013.0,3,524,0.69,0.94
2200,15,1996.0,3,177,0.52,0.94
2201,26,2006.0,6,487,0.83,0.94
2202,13,2012.0,0,524,0.28,0.94
2203,16,2003.0,0,275,0.46,0.94
2204,2,2012.0,10,359,0.26,0.94
2205,28,2012.0,0,347,0.48,0.94
2206,28,2009.0,0,445,0.51,0.94
2207,16,2005.0,8,487,0.78,0.94
2208,29,2005.0,10,138,0.7,0.94
2209,15,1999.0,7,465,0.1,0.94
2210,28,2009.0,10,138,0.87,0.94
2211,15,1999.0,10,455,0.52,0.94
2212,27,2016.0,0,359,0.48,0.94
2213,16,2006.0,0,493,0.75,0.94
2214,29,2003.0,0,524,0.57,0.94
2215,19,2008.0,7,445,0.19,0.94
2216,16,2003.0,10,455,0.46,0.94
2217,16,2006.0,10,455,0.78,0.94
2218,16,2002.0,10,138,0.46,0.93
2219,28,2009.0,8,91,0.36,0.93
2220,26,2010.0,10,493,0.78,0.93
2221,17,2009.0,3,455,0.16,0.93
2223,29,2002.0,10,21,0.59,0.93
2224,13,2012.0,8,493,0.42,0.93
2225,26,2009.0,10,138,0.29,0.93
2226,17,2008.0,7,455,0.33,0.93
2227,17,2012.0,10,138,0.35,0.93
2228,26,2008.0,6,445,0.5,0.93
2229,17,2015.0,0,547,0.34,0.93
2230,4,2007.0,9,182,0.85,0.93
2231,6,2004.0,6,487,0.67,0.93
2232,0,1981.0,0,391,0.87,0.93
2233,11,1991.0,4,85,0.51,0.93
2234,11,1987.0,4,275,0.45,0.93
2235,10,1999.0,4,21,0.71,0.93
2236,6,2003.0,0,528,0.67,0.93
2237,16,2007.0,10,455,0.77,0.93
2238,28,2014.0,0,21,0.54,0.93
2239,7,2006.0,6,487,0.72,0.93
2240,17,2008.0,8,524,0.44,0.93
2241,4,2010.0,7,281,0.0,0.93
2242,27,2016.0,2,347,0.47,0.93
2243,15,1999.0,6,524,0.52,0.93
2244,16,2003.0,0,275,0.45,0.92
2245,16,2001.0,9,508,0.45,0.92
2246,28,2006.0,7,323,0.3,0.92
2247,15,2000.0,0,138,0.51,0.92
2248,28,2010.0,10,138,0.86,0.92
2249,15,1997.0,10,138,0.51,0.92
2250,28,2012.0,10,138,0.17,0.92
2251,17,2010.0,10,138,0.52,0.92
2252,19,2006.0,0,487,0.55,0.92
2253,28,2008.0,2,487,0.58,0.92
2254,28,2010.0,0,138,0.63,0.92
2255,28,2011.0,3,21,0.87,0.92
2256,15,1996.0,10,17,0.51,0.92
2257,26,2008.0,0,21,0.5,0.92
2258,10,1999.0,2,138,0.63,0.92
2259,11,1985.0,4,359,0.39,0.92
2260,13,2008.0,1,524,0.01,0.92
2261,2,2013.0,1,359,0.16,0.92
2262,28,2013.0,8,138,0.51,0.92
2263,18,2014.0,0,547,0.37,0.92
2264,17,2011.0,0,499,0.25,0.92
2265,17,2014.0,0,66,0.26,0.92
2266,17,2012.0,10,455,0.86,0.92
2267,7,2006.0,6,445,0.71,0.92
2268,16,2003.0,6,142,0.45,0.92
2269,15,1996.0,2,455,0.12,0.92
2270,28,2007.0,7,323,0.45,0.92
2271,18,2015.0,10,455,0.67,0.92
2272,17,2009.0,8,91,0.23,0.92
2273,17,2011.0,8,487,0.32,0.91
2274,26,2007.0,10,66,0.85,0.91
2275,16,2002.0,10,21,0.45,0.91
2276,17,2009.0,0,524,0.32,0.91
2277,2,2012.0,0,299,0.41,0.91
2278,28,2008.0,11,524,0.58,0.91
2279,16,2002.0,10,138,0.45,0.91
2280,16,2003.0,6,191,0.35,0.91
2281,17,2009.0,0,21,0.47,0.91
2282,15,2000.0,6,91,0.02,0.91
2283,10,1998.0,4,214,0.72,0.91
2284,17,2009.0,6,487,0.52,0.91
2285,28,2015.0,1,334,0.46,0.91
2287,28,2009.0,7,21,0.68,0.91
2288,4,2008.0,8,21,0.57,0.91
2289,23,1994.0,9,224,0.0,0.91
2290,29,2004.0,3,445,0.61,0.91
2291,17,2009.0,3,21,0.42,0.91
2292,30,2014.0,7,138,0.55,0.91
2293,17,2007.0,0,138,0.38,0.91
2294,16,2002.0,10,138,0.44,0.9
2296,23,1996.0,6,13,0.0,0.9
2297,16,2004.0,10,455,0.44,0.9
2298,17,2011.0,8,455,0.66,0.9
2299,16,2005.0,6,138,0.75,0.9
2300,17,2008.0,3,455,0.28,0.9
2301,26,2008.0,10,53,0.38,0.9
2302,15,1995.0,6,413,0.5,0.9
2303,4,2008.0,5,325,0.3,0.9
2304,17,2013.0,8,138,0.26,0.9
2305,15,1999.0,0,10,0.5,0.9
2306,16,2006.0,10,455,0.17,0.9
2307,29,2003.0,4,445,0.41,0.9
2308,19,2009.0,8,455,0.27,0.9
2309,17,2011.0,10,138,0.52,0.9
2310,4,2008.0,0,288,0.51,0.9
2311,10,1998.0,10,138,0.84,0.9
2312,16,2007.0,4,21,0.74,0.9
2313,29,2002.0,8,138,0.65,0.9
2314,26,2008.0,3,445,0.42,0.9
2315,13,2014.0,7,66,0.32,0.9
2316,17,2008.0,6,126,0.42,0.9
2317,26,2008.0,10,138,0.29,0.9
2318,4,2008.0,7,359,0.84,0.9
2319,17,2012.0,0,455,0.42,0.9
2320,29,2004.0,7,21,0.62,0.9
2321,29,2004.0,10,138,0.81,0.9
2322,16,2003.0,10,138,0.44,0.9
2323,28,2010.0,10,487,0.73,0.9
2324,6,2005.0,4,21,0.62,0.89
2325,17,2009.0,8,524,0.35,0.89
2326,19,2006.0,8,455,0.44,0.89
2327,26,2007.0,10,138,0.82,0.89
2328,16,2005.0,10,528,0.74,0.89
2329,18,2015.0,0,547,0.32,0.89
2330,6,2001.0,4,275,0.6,0.89
2331,4,2008.0,7,445,0.51,0.89
2332,16,2005.0,10,138,0.74,0.89
2333,6,2004.0,1,359,0.46,0.89
2334,17,2012.0,4,455,0.6,0.89
2335,6,2004.0,11,359,0.42,0.89
2336,5,2001.0,11,359,0.0,0.89
2337,7,2003.0,0,487,0.69,0.89
2338,26,2008.0,1,524,0.36,0.89
2339,15,1997.0,9,455,0.16,0.89
2340,26,2009.0,6,91,0.15,0.89
2341,16,2001.0,10,445,0.44,0.89
2342,18,2016.0,10,138,0.28,0.89
2343,19,2011.0,2,464,0.21,0.89
2344,2,2013.0,0,547,0.42,0.89
2345,28,2010.0,6,91,0.18,0.89
2346,26,2006.0,6,524,0.81,0.89
2347,13,2009.0,8,21,0.01,0.89
2348,27,2013.0,10,359,0.39,0.89
2349,28,2012.0,7,138,0.55,0.89
2350,26,2011.0,8,21,0.6,0.89
2351,15,2000.0,10,455,0.49,0.89
2352,16,2006.0,3,455,0.0,0.89
2353,23,1995.0,7,465,0.0,0.89
2354,15,1996.0,4,85,0.44,0.88
2355,28,2010.0,2,487,0.44,0.88
2356,28,2012.0,0,464,0.38,0.88
2357,13,2008.0,0,493,0.01,0.88
2358,4,2008.0,3,398,0.0,0.88
2359,28,2011.0,3,524,0.62,0.88
2360,26,2009.0,0,53,0.6,0.88
2361,28,2010.0,3,292,0.73,0.88
2362,2,2012.0,0,85,0.3,0.88
2363,16,2005.0,0,493,0.43,0.88
2364,16,2007.0,3,455,0.32,0.88
2365,26,2009.0,9,359,0.47,0.88
2366,15,1996.0,8,84,0.49,0.88
2367,30,2015.0,0,464,0.42,0.88
2368,19,2004.0,11,275,0.32,0.88
2369,26,2008.0,9,6,0.51,0.88
2370,17,2012.0,2,347,0.28,0.88
2371,16,2004.0,10,198,0.43,0.88
2372,28,2008.0,6,91,0.33,0.88
2373,19,2009.0,7,445,0.08,0.88
2374,29,2003.0,9,323,0.65,0.87
2375,15,2001.0,8,495,0.49,0.87
2376,15,1995.0,4,104,0.49,0.87
2377,30,2013.0,10,493,0.7,0.87
2378,28,2007.0,6,91,0.38,0.87
2379,23,1994.0,10,13,0.0,0.87
2380,26,2010.0,10,524,0.71,0.87
2381,28,2009.0,8,487,0.48,0.87
2382,29,2003.0,8,524,0.61,0.87
2383,17,2008.0,8,138,0.29,0.87
2384,15,1997.0,6,241,0.43,0.87
2385,16,2008.0,7,464,0.73,0.87
2386,26,2010.0,5,487,0.61,0.87
2387,17,2012.0,0,138,0.82,0.87
2388,17,2012.0,7,138,0.37,0.87
2389,15,1996.0,10,455,0.48,0.87
2390,17,2008.0,10,445,0.14,0.87
2391,26,2009.0,8,445,0.46,0.87
2392,16,2006.0,10,21,0.72,0.87
2393,18,2013.0,2,547,0.46,0.87
2394,15,1998.0,10,138,0.48,0.87
2395,19,2008.0,3,455,0.2,0.87
2396,28,2008.0,8,524,0.47,0.87
2397,16,2005.0,2,138,0.72,0.87
2398,4,2009.0,3,126,0.59,0.87
2399,4,2009.0,0,547,0.63,0.87
2400,29,2002.0,8,436,0.48,0.87
2401,16,2002.0,10,138,0.43,0.87
2402,15,2000.0,7,101,0.3,0.87
2403,19,2006.0,5,455,0.12,0.87
2404,16,2007.0,0,499,0.11,0.87
2405,28,2010.0,3,21,0.47,0.87
2406,0,1982.0,3,414,0.81,0.87
2407,17,2012.0,7,347,0.2,0.87
2408,16,2007.0,3,455,0.1,0.87
2409,2,2015.0,0,574,0.0,0.86
2410,26,2007.0,0,137,0.12,0.86
2411,19,2006.0,10,275,0.01,0.86
2412,17,2012.0,0,487,0.35,0.86
2413,17,2009.0,0,455,0.34,0.86
2414,4,2007.0,7,464,0.54,0.86
2416,16,2002.0,2,420,0.42,0.86
2417,2,2015.0,7,464,0.0,0.86
2418,15,2001.0,6,142,0.48,0.86
2419,10,1997.0,10,138,0.81,0.86
2420,15,1998.0,10,455,0.48,0.86
2421,17,2008.0,2,53,0.22,0.86
2423,4,2008.0,4,359,0.61,0.86
2424,28,2010.0,10,138,0.32,0.86
2425,16,2003.0,0,499,0.17,0.86
2426,17,2009.0,0,525,0.52,0.86
2427,28,2014.0,6,323,0.35,0.85
2428,17,2009.0,10,138,0.46,0.85
2429,4,2007.0,10,138,0.1,0.85
2430,15,1999.0,0,4,0.47,0.85
2431,26,2009.0,6,138,0.46,0.85
2432,26,2008.0,10,138,0.78,0.85
2433,28,2007.0,10,493,0.79,0.85
2434,30,2016.0,0,524,0.46,0.85
2435,15,1996.0,2,540,0.14,0.85
2436,29,2004.0,10,138,0.64,0.85
2437,17,2010.0,8,138,0.44,0.85
2438,26,2007.0,9,524,0.74,0.85
2439,11,1989.0,4,275,0.4,0.85
2440,4,2007.0,0,138,0.28,0.85
2441,15,1997.0,0,177,0.47,0.85
2442,19,2005.0,6,138,0.7,0.85
2443,17,2014.0,10,493,0.36,0.85
2444,30,2016.0,8,21,0.52,0.85
2445,16,2007.0,0,487,0.31,0.85
2446,15,1995.0,10,455,0.47,0.85
2447,16,2002.0,6,17,0.42,0.85
2448,2,2016.0,0,359,0.26,0.85
2449,16,2000.0,2,540,0.32,0.85
2450,26,2010.0,3,275,0.52,0.85
2451,28,2012.0,8,6,0.46,0.85
2452,18,2014.0,0,464,0.28,0.84
2453,7,2004.0,0,21,0.65,0.84
2454,4,2010.0,7,359,0.56,0.84
2455,17,2010.0,10,138,0.37,0.84
2456,17,2012.0,0,85,0.42,0.84
2457,18,2016.0,0,455,0.68,0.84
2458,17,2009.0,10,493,0.75,0.84
2459,27,2015.0,7,359,0.36,0.84
2460,4,2008.0,9,524,0.46,0.84
2461,7,2004.0,0,487,0.65,0.84
2462,17,2010.0,10,138,0.79,0.84
2463,17,2011.0,0,138,0.4,0.84
2464,16,2003.0,6,17,0.41,0.84
2465,26,2007.0,9,430,0.69,0.84
2466,11,1987.0,7,465,0.32,0.84
2467,17,2012.0,2,85,0.42,0.84
2468,15,2001.0,10,487,0.47,0.84
2469,28,2011.0,8,493,0.52,0.84
2470,16,2002.0,6,142,0.41,0.84
2471,18,2015.0,8,493,0.36,0.84
2472,16,2005.0,7,455,0.24,0.84
2473,16,2004.0,10,445,0.41,0.84
2474,6,2004.0,1,359,0.6,0.84
2475,20,2014.0,10,138,0.13,0.84
2476,17,2007.0,8,347,0.32,0.84
2477,16,2007.0,0,109,0.09,0.84
2478,28,2013.0,6,138,0.37,0.84
2479,15,1999.0,5,53,0.46,0.84
2480,26,2008.0,2,487,0.44,0.83
2481,15,1999.0,9,455,0.22,0.83
2482,16,2000.0,0,487,0.24,0.83
2483,4,2008.0,11,524,0.38,0.83
2485,6,2004.0,0,126,0.6,0.83
2486,20,2014.0,8,493,0.43,0.83
2487,16,2000.0,10,138,0.27,0.83
2488,29,2003.0,8,323,0.62,0.83
2489,28,2012.0,3,323,0.57,0.83
2490,5,2000.0,3,275,0.0,0.83
2491,15,1998.0,3,528,0.46,0.83
2492,15,1997.0,1,85,0.39,0.83
2493,17,2011.0,10,138,0.78,0.83
2494,16,2005.0,4,455,0.69,0.83
2495,26,2008.0,3,524,0.77,0.83
2496,28,2008.0,11,493,0.58,0.83
2498,4,2007.0,5,443,0.77,0.83
2499,17,2012.0,0,21,0.31,0.83
2500,17,2010.0,2,347,0.42,0.83
2501,15,1998.0,4,455,0.46,0.83
2502,15,1996.0,1,246,0.46,0.83
2503,26,2009.0,10,224,0.33,0.82
2504,29,2002.0,8,138,0.58,0.82
2505,30,2016.0,10,138,0.72,0.82
2506,19,2005.0,10,21,0.46,0.82
2507,7,2001.0,10,21,0.64,0.82
2508,16,2006.0,7,21,0.69,0.82
2509,26,2009.0,0,288,0.44,0.82
2510,28,2010.0,3,21,0.64,0.82
2511,18,2016.0,2,85,0.35,0.82
2512,29,2002.0,6,138,0.68,0.82
2513,11,1984.0,5,359,0.42,0.82
2514,10,1996.0,2,359,0.61,0.82
2515,29,2001.0,10,323,0.69,0.82
2516,0,1981.0,0,341,0.76,0.82
2517,19,2005.0,1,455,0.19,0.82
2518,17,2013.0,0,85,0.24,0.82
2519,2,2011.0,7,347,0.42,0.82
2520,16,2002.0,4,487,0.4,0.82
2521,17,2010.0,3,21,0.33,0.82
2522,26,2010.0,3,138,0.47,0.82
2523,17,2015.0,10,138,0.56,0.82
2524,28,2007.0,8,325,0.4,0.82
2525,4,2008.0,9,524,0.4,0.82
2526,16,2008.0,7,55,0.34,0.82
2527,17,2008.0,3,455,0.29,0.82
2529,18,2013.0,10,138,0.62,0.82
2530,17,2012.0,0,455,0.67,0.82
2531,5,2000.0,7,144,0.0,0.81
2532,4,2006.0,0,126,0.73,0.81
2533,16,2000.0,2,325,0.4,0.81
2534,23,1994.0,1,87,0.0,0.81
2535,19,2007.0,3,455,0.33,0.81
2536,15,2000.0,7,347,0.06,0.81
2537,23,1994.0,5,224,0.0,0.81
2538,15,2000.0,6,138,0.45,0.81
2539,26,2010.0,10,138,0.77,0.81
2540,7,2004.0,0,359,0.63,0.81
2541,15,1999.0,10,275,0.0,0.81
2542,18,2015.0,3,21,0.32,0.81
2543,15,1999.0,7,144,0.07,0.81
2544,19,2011.0,7,528,0.0,0.81
2545,28,2009.0,10,275,0.12,0.81
2546,10,1999.0,0,4,0.68,0.81
2547,11,1987.0,4,85,0.45,0.81
2548,16,2004.0,8,524,0.4,0.81
2549,17,2014.0,0,547,0.33,0.81
2550,23,1994.0,7,359,0.0,0.81
2551,28,2009.0,6,91,0.32,0.81
2552,2,2012.0,5,281,0.2,0.81
2553,15,1998.0,5,53,0.45,0.81
2554,30,2015.0,0,547,0.43,0.81
2555,17,2009.0,10,138,0.75,0.81
2556,26,2008.0,0,273,0.52,0.81
2557,15,1998.0,10,275,0.0,0.81
2558,16,2007.0,7,464,0.35,0.81
2559,16,2005.0,9,138,0.67,0.81
2560,28,2009.0,3,21,0.52,0.81
2561,17,2013.0,10,138,0.75,0.8
2562,26,2009.0,0,445,0.46,0.8
2563,28,2011.0,2,138,0.4,0.8
2564,15,2000.0,3,137,0.45,0.8
2565,16,2005.0,0,445,0.03,0.8
2566,7,2003.0,9,288,0.62,0.8
2567,26,2011.0,3,524,0.19,0.8
2568,15,1997.0,6,138,0.45,0.8
2569,16,2004.0,8,137,0.39,0.8
2570,19,2006.0,9,138,0.19,0.8
2571,15,1999.0,7,463,0.45,0.8
2572,28,2013.0,8,445,0.36,0.8
2573,19,2009.0,10,275,0.09,0.8
2574,28,2012.0,0,21,0.48,0.8
2575,28,2010.0,6,445,0.37,0.8
2576,17,2011.0,8,21,0.33,0.8
2577,17,2015.0,10,493,0.44,0.8
2578,26,2008.0,10,487,0.43,0.8
2579,19,2007.0,9,138,0.08,0.8
2580,29,2004.0,0,524,0.48,0.8
2581,28,2012.0,7,85,0.42,0.8
2582,28,2012.0,0,487,0.45,0.8
2583,17,2013.0,0,85,0.14,0.8
2584,4,2007.0,3,524,0.73,0.8
2585,15,2000.0,11,63,0.0,0.8
2587,7,2002.0,6,138,0.68,0.8
2588,26,2010.0,0,288,0.54,0.8
2589,28,2009.0,3,21,0.51,0.8
2590,27,2013.0,10,359,0.39,0.8
2591,16,2002.0,7,347,0.0,0.8
2592,23,1993.0,10,359,0.0,0.8
2593,17,2011.0,8,88,0.26,0.8
2594,28,2009.0,0,138,0.47,0.79
2595,19,2010.0,10,275,0.05,0.79
2596,0,1981.0,0,2,0.74,0.79
2597,16,2006.0,2,53,0.66,0.79
2598,17,2012.0,1,58,0.4,0.79
2599,28,2011.0,4,524,0.38,0.79
2600,16,2008.0,3,21,0.61,0.79
2601,15,1994.0,6,455,0.0,0.79
2602,4,2007.0,7,464,0.42,0.79
2603,7,2003.0,7,524,0.61,0.79
2604,15,1997.0,9,223,0.0,0.79
2605,19,2009.0,11,455,0.17,0.79
2606,15,2001.0,6,493,0.44,0.79
2607,17,2009.0,10,138,0.42,0.79
2608,4,2008.0,0,288,0.62,0.79
2609,10,1999.0,2,138,0.63,0.79
2610,11,1992.0,4,85,0.39,0.79
2611,28,2009.0,7,464,0.32,0.79
2612,16,2007.0,9,275,0.64,0.79
2613,16,2000.0,9,524,0.28,0.79
2614,2,2014.0,7,464,0.0,0.79
2615,26,2007.0,8,445,0.42,0.79
2616,28,2013.0,0,120,0.44,0.79
2617,4,2007.0,0,487,0.71,0.79
2618,10,1998.0,10,359,0.75,0.79
2619,26,2011.0,10,138,0.16,0.79
2620,28,2008.0,7,323,0.38,0.79
2621,17,2008.0,11,493,0.49,0.79
2622,16,2007.0,10,138,0.65,0.79
2623,29,2003.0,10,138,0.24,0.79
2624,4,2008.0,10,359,0.22,0.79
2625,28,2010.0,2,347,0.43,0.79
2626,26,2011.0,0,359,0.27,0.79
2627,2,2013.0,5,359,0.0,0.78
2628,28,2006.0,0,524,0.67,0.78
2629,0,1982.0,8,53,0.73,0.78
2630,28,2008.0,3,323,0.12,0.78
2631,6,2002.0,4,543,0.56,0.78
2632,4,2006.0,8,359,0.58,0.78
2633,13,1992.0,1,540,0.01,0.78
2634,15,1994.0,8,241,0.43,0.78
2635,16,2007.0,3,455,0.17,0.78
2636,4,2009.0,5,524,0.41,0.78
2637,4,2008.0,1,487,0.72,0.78
2638,26,2009.0,3,367,0.0,0.78
2639,15,1999.0,2,85,0.43,0.78
2640,17,2012.0,0,455,0.72,0.78
2641,15,1997.0,11,138,0.43,0.78
2642,4,2010.0,5,359,0.29,0.78
2643,18,2015.0,10,275,0.13,0.78
2644,19,2006.0,11,487,0.11,0.78
2645,19,2009.0,8,288,0.38,0.78
2646,28,2011.0,10,487,0.53,0.78
2647,28,2012.0,0,85,0.55,0.78
2648,16,2006.0,10,493,0.65,0.78
2649,19,2008.0,6,138,0.24,0.78
2650,28,2010.0,0,126,0.41,0.78
2651,23,1993.0,7,87,0.0,0.78
2652,0,1983.0,5,53,0.72,0.78
2653,7,2002.0,8,138,0.6,0.78
2654,28,2008.0,4,323,0.32,0.78
2655,15,1998.0,10,455,0.43,0.78
2656,28,2009.0,0,524,0.34,0.78
2657,26,2009.0,0,138,0.28,0.77
2658,26,2009.0,3,21,0.47,0.77
2659,28,2005.0,8,323,0.66,0.77
2660,0,1982.0,8,53,0.72,0.77
2661,15,1996.0,6,138,0.43,0.77
2662,15,2000.0,3,246,0.43,0.77
2663,30,2013.0,10,138,0.67,0.77
2664,0,1981.0,0,314,0.72,0.77
2665,19,2008.0,6,138,0.23,0.77
2666,17,2011.0,8,493,0.33,0.77
2667,20,2014.0,7,455,0.22,0.77
2668,16,2005.0,2,138,0.64,0.77
2669,0,1980.0,2,21,0.72,0.77
2670,15,1999.0,6,138,0.43,0.77
2671,17,2009.0,2,347,0.37,0.77
2672,0,1983.0,0,53,0.72,0.77
2673,10,2001.0,4,487,0.53,0.77
2674,5,1999.0,7,144,0.0,0.77
2675,6,2002.0,0,487,0.55,0.77
2676,4,2008.0,9,365,0.61,0.77
2677,4,2012.0,0,547,0.43,0.77
2678,19,2005.0,0,455,0.71,0.77
2679,16,2003.0,8,436,0.38,0.77
2680,16,2001.0,4,85,0.38,0.77
2681,4,2004.0,6,359,0.21,0.77
2682,6,2005.0,4,359,0.45,0.77
2683,16,2002.0,10,17,0.38,0.77
2684,16,2002.0,7,53,0.1,0.77
2685,16,2003.0,10,23,0.37,0.76
2686,16,2008.0,4,445,0.37,0.76
2687,15,1996.0,6,413,0.18,0.76
2688,17,2014.0,8,138,0.22,0.76
2689,26,2010.0,1,524,0.22,0.76
2690,2,2011.0,9,138,0.3,0.76
2691,29,2004.0,6,53,0.36,0.76
2692,16,2005.0,0,288,0.64,0.76
2693,16,2003.0,2,199,0.37,0.76
2694,15,1995.0,2,540,0.17,0.76
2695,20,2012.0,2,547,0.47,0.76
2696,15,1998.0,10,275,0.0,0.76
2697,28,2010.0,8,85,0.38,0.76
2698,17,2012.0,2,347,0.35,0.76
2699,13,2011.0,8,532,0.33,0.76
2700,4,2005.0,3,445,0.7,0.76
2701,18,2014.0,10,275,0.09,0.76
2702,26,2009.0,5,487,0.29,0.76
2703,17,2009.0,0,138,0.38,0.76
2704,11,1988.0,7,465,0.0,0.76
2705,10,2001.0,10,21,0.59,0.76
2706,16,2002.0,3,347,0.0,0.76
2707,6,2005.0,7,85,0.09,0.76
2708,16,2004.0,8,455,0.37,0.76
2709,16,2010.0,10,138,0.11,0.76
2710,26,2009.0,10,67,0.67,0.76
2711,28,2007.0,8,137,0.36,0.76
2712,13,2011.0,0,524,0.14,0.76
2713,29,2004.0,2,325,0.61,0.76
2714,4,2009.0,1,85,0.27,0.76
2715,6,2004.0,1,126,0.54,0.76
2716,26,2014.0,10,138,0.24,0.76
2717,16,2002.0,2,85,0.31,0.76
2718,19,2009.0,6,138,0.16,0.76
2719,17,2007.0,8,137,0.29,0.76
2720,28,2014.0,7,347,0.48,0.76
2721,16,2005.0,0,21,0.57,0.76
2722,16,2001.0,2,17,0.37,0.76
2723,28,2006.0,10,493,0.28,0.76
2724,26,2010.0,3,138,0.24,0.76
2725,17,2006.0,0,455,0.18,0.76
2726,26,2008.0,9,430,0.6,0.76
2727,5,1991.0,7,465,0.0,0.76
2728,13,2013.0,11,445,0.12,0.76
2729,30,2015.0,3,323,0.47,0.75
2730,4,2007.0,7,126,0.67,0.75
2731,16,2008.0,4,487,0.21,0.75
2732,19,2008.0,2,487,0.41,0.75
2733,17,2009.0,3,21,0.41,0.75
2734,15,2000.0,4,85,0.3,0.75
2735,20,2013.0,1,457,0.17,0.75
2736,17,2010.0,3,21,0.47,0.75
2737,17,2009.0,0,138,0.41,0.75
2738,26,2009.0,2,487,0.51,0.75
2739,28,2008.0,0,513,0.46,0.75
2740,17,2012.0,0,21,0.36,0.75
2741,16,2004.0,0,21,0.37,0.75
2742,10,1997.0,6,177,0.63,0.75
2743,28,2012.0,0,21,0.43,0.75
2744,16,2001.0,8,275,0.3,0.75
2745,17,2009.0,8,487,0.33,0.75
2746,15,1997.0,2,540,0.28,0.75
2747,19,2005.0,10,138,0.69,0.75
2748,19,2005.0,8,275,0.28,0.75
2749,29,2004.0,10,21,0.48,0.75
2750,28,2008.0,7,53,0.32,0.75
2751,17,2009.0,0,21,0.31,0.75
2752,4,2008.0,0,21,0.42,0.75
2753,17,2010.0,6,126,0.31,0.75
2754,16,2001.0,2,85,0.22,0.75
2755,16,2006.0,10,138,0.62,0.75
2756,27,2014.0,3,524,0.4,0.75
2757,28,2014.0,8,493,0.46,0.75
2758,17,2014.0,4,455,0.2,0.75
2759,17,2009.0,7,21,0.49,0.75
2760,4,2008.0,10,445,0.29,0.75
2761,28,2012.0,1,58,0.55,0.75
2762,17,2011.0,0,347,0.3,0.74
2763,4,2006.0,2,359,0.0,0.74
2764,16,2001.0,3,455,0.36,0.74
2765,17,2010.0,7,445,0.2,0.74
2766,16,2001.0,6,17,0.36,0.74
2767,19,2007.0,8,524,0.42,0.74
2768,28,2011.0,7,464,0.36,0.74
2769,2,2012.0,0,547,0.41,0.74
2770,19,2006.0,2,325,0.67,0.74
2771,2,2015.0,7,359,0.16,0.74
2772,6,2001.0,3,275,0.42,0.74
2773,17,2011.0,8,66,0.29,0.74
2774,27,2013.0,0,547,0.31,0.74
2775,17,2010.0,6,21,0.22,0.74
2777,26,2007.0,3,53,0.68,0.74
2778,29,2005.0,6,493,0.61,0.74
2779,13,2011.0,0,138,0.16,0.74
2780,6,2002.0,0,138,0.53,0.74
2781,16,2001.0,10,138,0.36,0.74
2782,26,2009.0,0,21,0.36,0.74
2783,15,1999.0,6,455,0.41,0.74
2784,17,2012.0,2,347,0.27,0.74
2785,29,2002.0,8,53,0.59,0.74
2787,17,2007.0,0,126,0.17,0.74
2788,17,2007.0,10,138,0.22,0.74
2789,17,2012.0,2,55,0.3,0.74
2790,6,2003.0,7,359,0.31,0.74
2791,4,2007.0,9,430,0.44,0.74
2792,17,2010.0,7,464,0.28,0.73
2793,4,2007.0,9,138,0.63,0.73
2794,15,1997.0,10,138,0.14,0.73
2795,23,1993.0,2,347,0.0,0.73
2796,6,2004.0,4,359,0.4,0.73
2797,13,2013.0,8,21,0.23,0.73
2798,5,1991.0,5,359,0.0,0.73
2799,10,1998.0,2,177,0.55,0.73
2800,28,2011.0,6,91,0.11,0.73
2801,26,2009.0,10,138,0.63,0.73
2802,4,2005.0,4,359,0.37,0.73
2803,15,1999.0,4,164,0.41,0.73
2804,4,2007.0,3,359,0.0,0.73
2805,29,2001.0,4,53,0.54,0.73
2806,0,1981.0,8,53,0.68,0.73
2807,28,2010.0,10,138,0.61,0.73
2808,13,2014.0,7,138,0.32,0.73
2809,4,2009.0,1,21,0.67,0.73
2810,28,2011.0,6,91,0.23,0.73
2811,28,2006.0,10,138,0.67,0.73
2812,26,2011.0,3,359,0.0,0.73
2813,29,2004.0,11,487,0.54,0.73
2814,16,2004.0,5,347,0.47,0.73
2815,6,2003.0,0,53,0.52,0.73
2816,17,2012.0,0,455,0.47,0.73
2817,26,2009.0,0,524,0.33,0.73
2818,16,2001.0,10,91,0.36,0.73
2819,28,2009.0,6,487,0.52,0.73
2820,4,2008.0,9,524,0.34,0.73
2821,28,2012.0,10,138,0.38,0.72
2822,2,2012.0,9,359,0.16,0.72
2823,7,2002.0,8,138,0.56,0.72
2824,13,2012.0,11,493,0.26,0.72
2825,4,2009.0,4,524,0.35,0.72
2826,6,2005.0,0,524,0.52,0.72
2827,16,2005.0,0,21,0.6,0.72
2828,26,2012.0,0,138,0.19,0.72
2829,19,2010.0,0,528,0.0,0.72
2830,18,2014.0,7,464,0.32,0.72
2831,15,1998.0,11,347,0.0,0.72
2832,15,1996.0,8,177,0.4,0.72
2833,16,2007.0,10,138,0.59,0.72
2834,29,2002.0,8,138,0.53,0.72
2835,16,2006.0,10,138,0.6,0.72
2836,15,1999.0,6,53,0.4,0.72
2837,6,2005.0,0,445,0.0,0.72
2839,28,2007.0,10,461,0.67,0.72
2840,15,2001.0,2,21,0.4,0.72
2841,28,2013.0,0,6,0.35,0.72
2842,16,2001.0,3,455,0.35,0.72
2843,0,1982.0,4,53,0.67,0.72
2844,17,2010.0,8,21,0.18,0.72
2845,19,2007.0,0,109,0.23,0.72
2846,28,2007.0,10,138,0.62,0.72
2847,6,2002.0,5,53,0.51,0.72
2848,28,2011.0,6,524,0.25,0.72
2849,17,2009.0,10,455,0.66,0.72
2850,27,2012.0,7,359,0.26,0.72
2851,16,2003.0,9,347,0.05,0.72
2852,17,2011.0,1,120,0.3,0.72
2853,15,1998.0,0,137,0.4,0.72
2854,4,2010.0,10,138,0.13,0.72
2855,13,2007.0,8,138,0.0,0.72
2856,13,2010.0,8,138,0.19,0.71
2857,29,2002.0,0,138,0.45,0.71
2858,29,2002.0,10,138,0.67,0.71
2859,26,2007.0,7,464,0.18,0.71
2860,17,2013.0,10,455,0.66,0.71
2861,28,2011.0,9,275,0.42,0.71
2862,18,2015.0,0,464,0.16,0.71
2863,16,2003.0,2,445,0.35,0.71
2864,17,2011.0,10,493,0.17,0.71
2865,15,2000.0,0,137,0.23,0.71
2866,17,2007.0,0,499,0.18,0.71
2867,16,2002.0,6,256,0.35,0.71
2868,2,2014.0,7,362,0.33,0.71
2869,19,2007.0,10,138,0.6,0.71
2870,7,2002.0,2,53,0.55,0.71
2871,15,2000.0,6,17,0.4,0.71
2872,29,2005.0,1,323,0.49,0.71
2873,16,2003.0,0,275,0.35,0.71
2874,19,2008.0,10,138,0.65,0.71
2875,18,2015.0,7,464,0.29,0.71
2876,7,2002.0,11,275,0.49,0.71
2877,26,2009.0,3,547,0.42,0.71
2878,17,2010.0,10,455,0.66,0.71
2879,7,2002.0,4,527,0.55,0.71
2880,6,2004.0,0,487,0.51,0.71
2881,16,2004.0,0,487,0.35,0.71
2882,2,2015.0,3,359,0.0,0.71
2883,10,1999.0,6,277,0.51,0.71
2884,10,1999.0,2,17,0.57,0.71
2885,10,1997.0,0,359,0.39,0.71
2886,19,2010.0,0,547,0.14,0.71
2887,23,1995.0,7,415,0.0,0.71
2888,7,2003.0,5,359,0.2,0.71
2889,13,2013.0,10,445,0.0,0.71
2890,15,1995.0,2,455,0.15,0.71
2891,19,2010.0,2,487,0.22,0.71
2892,15,1997.0,3,214,0.39,0.71
2893,15,1998.0,8,17,0.39,0.71
2894,30,2015.0,0,275,0.37,0.71
2895,28,2007.0,7,460,0.41,0.71
2896,29,2005.0,8,21,0.53,0.71
2897,28,2008.0,10,138,0.65,0.71
2898,28,2008.0,10,138,0.5,0.71
2899,17,2013.0,8,455,0.3,0.71
2900,19,2005.0,0,21,0.35,0.71
2901,17,2014.0,10,138,0.15,0.71
2902,17,2012.0,10,445,0.06,0.7
2903,28,2011.0,10,138,0.55,0.7
2904,7,2003.0,10,21,0.54,0.7
2905,28,2008.0,7,464,0.34,0.7
2906,23,1994.0,5,224,0.0,0.7
2907,15,1998.0,11,540,0.39,0.7
2908,4,2008.0,9,138,0.32,0.7
2909,29,2001.0,0,21,0.52,0.7
2910,28,2007.0,10,138,0.65,0.7
2911,16,2003.0,8,455,0.34,0.7
2912,4,2011.0,9,21,0.54,0.7
2913,7,2004.0,10,138,0.54,0.7
2914,6,2001.0,0,296,0.5,0.7
2915,16,2001.0,6,53,0.34,0.7
2916,15,1997.0,10,138,0.39,0.7
2917,29,2005.0,7,323,0.48,0.7
2918,17,2009.0,8,21,0.28,0.7
2919,4,2010.0,9,138,0.39,0.7
2920,27,2014.0,0,21,0.39,0.7
2921,17,2010.0,0,524,0.19,0.7
2922,15,1998.0,7,465,0.04,0.7
2923,6,2001.0,11,359,0.5,0.7
2924,4,2009.0,1,126,0.38,0.7
2925,4,2009.0,9,487,0.43,0.7
2926,19,2005.0,4,455,0.52,0.7
2927,16,2000.0,6,138,0.34,0.7
2928,17,2009.0,9,6,0.34,0.7
2929,17,2012.0,0,455,0.13,0.7
2930,15,2000.0,10,138,0.39,0.7
2931,16,2004.0,0,233,0.34,0.7
2932,16,2000.0,9,347,0.16,0.7
2933,17,2015.0,0,275,0.21,0.7
2934,16,2002.0,8,137,0.34,0.7
2935,28,2010.0,10,524,0.38,0.7
2936,17,2008.0,10,455,0.64,0.7
2937,6,2004.0,1,359,0.37,0.7
2938,23,1994.0,7,359,0.0,0.7
2939,6,2005.0,4,126,0.5,0.7
2940,0,1981.0,0,506,0.65,0.69
2941,28,2014.0,10,493,0.38,0.69
2942,2,2014.0,0,547,0.28,0.69
2943,28,2009.0,0,21,0.42,0.69
2944,19,2007.0,0,275,0.26,0.69
2945,26,2010.0,0,126,0.47,0.69
2946,28,2007.0,0,21,0.54,0.69
2948,15,1997.0,6,138,0.39,0.69
2949,29,2005.0,8,323,0.54,0.69
2950,17,2015.0,1,334,0.25,0.69
2951,16,2005.0,0,325,0.58,0.69
2952,19,2006.0,6,487,0.64,0.69
2953,17,2014.0,0,21,0.24,0.69
2954,6,2004.0,3,359,0.5,0.69
2955,11,1984.0,4,347,0.0,0.69
2956,23,1993.0,10,347,0.0,0.69
2957,7,2003.0,2,53,0.53,0.69
2958,15,1998.0,10,455,0.38,0.69
2959,17,2010.0,4,455,0.52,0.69
2960,17,2013.0,0,347,0.0,0.69
2961,13,2013.0,0,524,0.22,0.69
2962,7,2002.0,0,138,0.53,0.69
2963,17,2011.0,6,138,0.2,0.69
2964,7,2003.0,0,138,0.53,0.69
2965,2,2015.0,3,359,0.01,0.69
2966,28,2007.0,6,487,0.55,0.69
2967,28,2008.0,7,464,0.25,0.69
2968,4,2013.0,4,126,0.28,0.69
2969,13,2011.0,9,138,0.27,0.69
2970,16,2004.0,7,246,0.34,0.68
2971,6,2004.0,0,21,0.49,0.68
2972,30,2014.0,8,138,0.39,0.68
2973,26,2012.0,0,359,0.34,0.68
2974,26,2009.0,0,21,0.6,0.68
2975,15,1997.0,0,288,0.38,0.68
2976,26,2011.0,7,359,0.32,0.68
2977,29,2003.0,10,138,0.62,0.68
2978,17,2008.0,0,445,0.32,0.68
2979,18,2015.0,0,126,0.21,0.68
2980,17,2007.0,4,21,0.26,0.68
2981,29,2004.0,10,138,0.63,0.68
2982,15,1997.0,2,177,0.38,0.68
2983,27,2013.0,4,524,0.26,0.68
2984,7,2003.0,2,511,0.53,0.68
2985,16,2005.0,0,524,0.57,0.68
2986,19,2007.0,10,455,0.21,0.68
2987,18,2014.0,0,120,0.22,0.68
2988,4,2010.0,7,359,0.32,0.68
2989,29,2005.0,0,288,0.54,0.68
2990,18,2014.0,8,6,0.22,0.68
2991,30,2016.0,8,66,0.39,0.68
2992,15,1998.0,2,465,0.25,0.68
2993,15,1998.0,7,275,0.15,0.68
2994,30,2015.0,6,138,0.3,0.68
2995,4,2007.0,6,487,0.63,0.68
2996,29,2005.0,10,138,0.29,0.68
2997,4,2009.0,1,176,0.19,0.68
2998,26,2006.0,8,524,0.55,0.68
2999,29,2004.0,2,138,0.51,0.68
3000,16,2006.0,6,455,0.28,0.68
3001,13,2008.0,7,138,0.0,0.68
3002,16,2002.0,7,53,0.23,0.68
3003,26,2011.0,3,170,0.59,0.68
3004,17,2008.0,0,513,0.35,0.68
3005,16,2004.0,3,325,0.33,0.68
3006,4,2008.0,3,359,0.13,0.67
3007,17,2007.0,8,325,0.33,0.67
3008,4,2007.0,7,464,0.22,0.67
3009,29,2003.0,8,21,0.49,0.67
3010,30,2013.0,6,138,0.45,0.67
3011,17,2012.0,0,547,0.26,0.67
3012,17,2007.0,8,493,0.2,0.67
3013,15,1998.0,10,138,0.37,0.67
3014,4,2010.0,1,126,0.4,0.67
3015,15,1996.0,8,275,0.37,0.67
3016,17,2006.0,9,524,0.35,0.67
3017,29,2004.0,2,138,0.46,0.67
3018,30,2014.0,8,66,0.33,0.67
3019,26,2010.0,10,487,0.49,0.67
3020,4,2006.0,3,432,0.0,0.67
3021,15,1998.0,0,455,0.37,0.67
3022,29,2005.0,8,21,0.48,0.67
3023,16,2002.0,9,318,0.22,0.67
3024,26,2008.0,6,138,0.27,0.67
3025,26,2008.0,3,347,0.0,0.67
3026,13,2015.0,7,347,0.2,0.67
3027,19,2005.0,10,445,0.16,0.67
3028,18,2014.0,0,547,0.24,0.67
3029,19,2007.0,0,487,0.22,0.67
3030,13,2011.0,7,528,0.44,0.67
3031,15,1999.0,7,455,0.19,0.67
3032,26,2008.0,10,524,0.0,0.67
3033,28,2010.0,0,275,0.42,0.67
3034,13,2013.0,8,493,0.28,0.67
3035,18,2015.0,1,334,0.23,0.67
3036,26,2008.0,5,524,0.18,0.67
3037,4,2010.0,9,6,0.4,0.67
3038,26,2008.0,0,21,0.3,0.67
3039,26,2010.0,3,292,0.56,0.67
3040,13,2008.0,11,138,0.01,0.67
3041,16,2003.0,4,487,0.33,0.67
3042,19,2006.0,2,487,0.33,0.67
3043,4,2010.0,3,524,0.0,0.67
3044,0,1981.0,0,305,0.63,0.67
3045,4,2007.0,1,85,0.33,0.67
3046,28,2012.0,10,138,0.51,0.67
3047,17,2014.0,8,493,0.25,0.67
3048,13,2010.0,9,138,0.01,0.67
3050,4,2006.0,3,227,0.0,0.66
3051,15,1999.0,9,493,0.37,0.66
3052,29,2004.0,10,138,0.49,0.66
3053,17,2008.0,10,524,0.31,0.66
3054,27,2014.0,0,547,0.35,0.66
3055,16,2007.0,10,21,0.55,0.66
3056,16,2003.0,10,455,0.32,0.66
3057,16,2007.0,2,53,0.26,0.66
3058,15,1998.0,10,138,0.37,0.66
3059,15,2001.0,7,138,0.37,0.66
3060,16,2002.0,10,138,0.32,0.66
3061,29,2003.0,0,487,0.48,0.66
3062,16,2006.0,11,53,0.55,0.66
3063,28,2009.0,10,138,0.51,0.66
3064,16,2000.0,10,275,0.0,0.66
3065,7,2005.0,4,21,0.52,0.66
3066,26,2012.0,5,347,0.0,0.66
3067,6,2003.0,7,144,0.0,0.66
3068,6,2004.0,1,296,0.47,0.66
3069,17,2013.0,4,524,0.14,0.66
3070,13,2013.0,3,524,0.35,0.66
3071,16,2004.0,2,85,0.32,0.66
3072,15,1998.0,7,455,0.37,0.66
3073,13,2010.0,11,445,0.02,0.66
3074,17,2010.0,0,525,0.06,0.66
3075,4,2007.0,4,359,0.28,0.66
3076,19,2010.0,0,126,0.27,0.66
3077,7,2003.0,9,138,0.43,0.66
3078,17,2008.0,10,138,0.34,0.66
3079,0,1982.0,0,21,0.62,0.66
3080,20,2013.0,0,547,0.15,0.66
3081,26,2008.0,11,359,0.29,0.66
3082,6,2002.0,0,485,0.47,0.66
3083,16,2004.0,7,275,0.17,0.66
3084,19,2010.0,0,347,0.03,0.66
3085,6,2004.0,4,126,0.47,0.66
3086,15,1998.0,3,455,0.12,0.66
3087,29,2005.0,8,524,0.49,0.66
3088,19,2009.0,10,138,0.5,0.66
3089,19,2007.0,0,21,0.23,0.66
3090,4,2007.0,3,347,0.0,0.66
3091,18,2015.0,6,91,0.09,0.66
3092,28,2008.0,3,323,0.33,0.66
3093,15,1998.0,10,12,0.36,0.66
3094,27,2014.0,0,126,0.38,0.65
3095,17,2012.0,10,138,0.33,0.65
3096,16,2008.0,0,21,0.24,0.65
3097,17,2008.0,11,524,0.32,0.65
3098,30,2014.0,0,66,0.35,0.65
3099,28,2008.0,10,138,0.35,0.65
3100,16,2005.0,7,464,0.18,0.65
3101,7,2003.0,6,359,0.41,0.65
3102,16,2005.0,4,126,0.32,0.65
3103,19,2008.0,4,487,0.29,0.65
3104,6,2004.0,4,359,0.25,0.65
3105,4,2009.0,0,487,0.31,0.65
3106,16,2002.0,6,524,0.32,0.65
3107,26,2009.0,0,433,0.56,0.65
3108,6,2005.0,3,487,0.47,0.65
3109,15,1999.0,7,144,0.02,0.65
3110,4,2009.0,5,487,0.45,0.65
3111,18,2014.0,10,456,0.58,0.65
3112,28,2009.0,10,138,0.39,0.65
3113,6,2003.0,11,359,0.47,0.65
3114,4,2008.0,7,359,0.31,0.65
3115,15,1998.0,8,53,0.36,0.65
3116,16,2003.0,7,464,0.19,0.65
3117,16,2007.0,3,455,0.0,0.65
3118,0,1987.0,0,21,0.6,0.65
3119,16,2005.0,7,459,0.32,0.65
3120,16,2005.0,0,138,0.54,0.65
3121,16,2007.0,3,455,0.0,0.65
3122,15,2000.0,1,17,0.36,0.65
3123,19,2007.0,6,487,0.35,0.65
3124,26,2010.0,3,126,0.5,0.65
3125,17,2012.0,2,499,0.23,0.65
3126,19,2007.0,7,464,0.2,0.65
3127,16,2002.0,11,63,0.0,0.65
3128,17,2014.0,7,138,0.26,0.65
3129,26,2011.0,3,524,0.39,0.65
3130,4,2008.0,3,347,0.0,0.65
3131,17,2010.0,0,85,0.17,0.65
3132,13,2013.0,8,138,0.17,0.64
3133,4,2007.0,9,487,0.6,0.64
3134,16,2009.0,0,138,0.13,0.64
3135,6,2004.0,4,543,0.46,0.64
3136,30,2014.0,7,21,0.35,0.64
3137,16,2004.0,4,543,0.32,0.64
3138,19,2007.0,0,543,0.25,0.64
3139,17,2013.0,8,445,0.2,0.64
3140,16,2004.0,4,543,0.32,0.64
3142,29,2003.0,8,493,0.47,0.64
3143,28,2010.0,2,347,0.49,0.64
3144,16,2004.0,8,138,0.54,0.64
3145,30,2016.0,10,493,0.54,0.64
3146,17,2008.0,8,85,0.31,0.64
3147,28,2012.0,11,493,0.36,0.64
3148,2,2011.0,4,524,0.23,0.64
3149,18,2016.0,0,547,0.25,0.64
3150,29,2004.0,8,138,0.43,0.64
3151,16,2003.0,4,21,0.31,0.64
3152,28,2007.0,6,487,0.25,0.64
3153,29,2005.0,10,138,0.57,0.64
3154,13,2011.0,0,138,0.23,0.64
3155,28,2006.0,0,288,0.55,0.64
3156,10,1999.0,8,425,0.48,0.64
3157,10,1999.0,4,275,0.44,0.64
3158,10,1999.0,4,524,0.4,0.64
3160,28,2009.0,0,138,0.37,0.64
3161,29,2002.0,8,137,0.29,0.64
3162,16,2006.0,0,85,0.15,0.64
3163,17,2010.0,7,464,0.17,0.64
3164,4,2009.0,4,126,0.41,0.64
3165,17,2007.0,6,445,0.07,0.64
3167,20,2012.0,0,455,0.26,0.64
3168,6,2002.0,3,275,0.46,0.64
3169,17,2010.0,7,455,0.23,0.64
3170,17,2009.0,8,21,0.25,0.64
3171,16,2005.0,3,455,0.31,0.64
3172,18,2015.0,0,547,0.22,0.64
3173,17,2010.0,3,455,0.07,0.64
3174,10,1998.0,6,359,0.59,0.64
3175,10,2000.0,10,138,0.6,0.64
3176,17,2007.0,10,138,0.56,0.64
3177,28,2013.0,8,21,0.46,0.64
3178,26,2007.0,6,359,0.2,0.64
3179,26,2008.0,0,85,0.45,0.64
3180,16,2004.0,4,21,0.31,0.64
3181,17,2014.0,0,547,0.2,0.64
3182,26,2009.0,3,524,0.59,0.64
3183,26,2010.0,8,524,0.36,0.63
3184,16,2005.0,7,21,0.53,0.63
3185,15,1997.0,0,455,0.35,0.63
3186,16,2009.0,3,455,0.08,0.63
3187,28,2014.0,3,524,0.41,0.63
3188,17,2013.0,6,91,0.01,0.63
3189,28,2007.0,6,487,0.22,0.63
3190,29,2001.0,10,21,0.41,0.63
3191,15,1999.0,11,138,0.35,0.63
3192,29,2002.0,10,138,0.2,0.63
3193,28,2009.0,0,53,0.43,0.63
3195,16,2005.0,6,138,0.53,0.63
3196,17,2006.0,10,21,0.3,0.63
3197,6,2004.0,9,524,0.45,0.63
3198,17,2011.0,0,126,0.3,0.63
3199,17,2009.0,3,21,0.28,0.63
3200,19,2008.0,0,445,0.46,0.63
3201,2,2012.0,3,347,0.0,0.63
3202,4,2009.0,0,138,0.21,0.63
3203,10,1998.0,4,21,0.49,0.63
3204,23,1991.0,4,275,0.32,0.63
3205,26,2010.0,3,21,0.49,0.63
3206,2,2012.0,0,21,0.38,0.63
3207,28,2008.0,0,445,0.38,0.63
3208,26,2007.0,10,21,0.58,0.63
3209,16,2003.0,2,347,0.0,0.63
3210,17,2011.0,3,524,0.33,0.63
3211,4,2010.0,8,21,0.54,0.63
3212,18,2015.0,0,455,0.23,0.63
3213,16,2002.0,4,455,0.12,0.63
3214,26,2009.0,8,359,0.43,0.63
3215,0,1982.0,0,526,0.58,0.63
3216,28,2009.0,8,21,0.34,0.63
3218,13,2011.0,9,138,0.4,0.63
3219,30,2014.0,6,524,0.24,0.63
3220,4,2009.0,11,524,0.31,0.63
3221,2,2016.0,7,464,0.0,0.63
3222,28,2012.0,6,445,0.2,0.63
3223,16,2007.0,7,499,0.22,0.63
3224,16,2001.0,10,138,0.31,0.63
3225,19,2009.0,7,193,0.18,0.63
3226,15,1997.0,7,462,0.0,0.63
3227,28,2011.0,10,138,0.4,0.63
3228,16,2006.0,0,85,0.11,0.63
3229,15,2000.0,10,138,0.35,0.63
3230,26,2009.0,9,487,0.41,0.63
3231,30,2015.0,0,547,0.35,0.63
3232,17,2009.0,8,66,0.22,0.63
3233,4,2009.0,6,138,0.26,0.63
3234,15,2000.0,4,21,0.35,0.63
3235,7,2002.0,3,347,0.48,0.63
3236,23,1993.0,11,499,0.3,0.62
3237,21,1995.0,8,445,0.0,0.62
3239,29,2005.0,10,21,0.4,0.62
3240,15,1996.0,2,17,0.35,0.62
3241,28,2010.0,0,524,0.3,0.62
3242,17,2010.0,8,445,0.21,0.62
3243,16,2002.0,7,524,0.16,0.62
3244,15,1997.0,10,455,0.35,0.62
3245,17,2009.0,7,120,0.22,0.62
3246,7,2006.0,10,138,0.48,0.62
3247,13,2014.0,8,524,0.15,0.62
3248,0,1982.0,8,53,0.58,0.62
3249,29,2003.0,10,138,0.47,0.62
3250,2,2011.0,0,126,0.29,0.62
3251,17,2014.0,10,275,0.1,0.62
3252,30,2015.0,8,493,0.36,0.62
3253,16,2004.0,4,487,0.3,0.62
3254,17,2013.0,0,120,0.26,0.62
3255,17,2011.0,0,525,0.0,0.62
3256,4,2008.0,1,126,0.35,0.62
3257,7,2003.0,0,85,0.38,0.62
3258,6,2004.0,9,138,0.37,0.62
3259,10,1999.0,6,138,0.4,0.62
3260,20,2012.0,10,138,0.17,0.62
3261,15,2000.0,4,137,0.34,0.62
3262,4,2010.0,3,21,0.58,0.62
3263,16,2004.0,10,400,0.3,0.62
3264,26,2007.0,0,487,0.57,0.62
3265,17,2014.0,0,275,0.14,0.62
3266,0,1982.0,0,552,0.58,0.62
3267,17,2011.0,2,347,0.27,0.62
3268,19,2009.0,2,487,0.25,0.62
3269,15,1999.0,10,13,0.21,0.62
3270,16,2004.0,6,137,0.3,0.62
3271,5,1995.0,5,359,0.0,0.62
3272,7,2003.0,3,347,0.48,0.62
3273,18,2014.0,3,524,0.34,0.62
3274,21,1996.0,2,445,0.0,0.62
3275,23,1996.0,7,465,0.0,0.62
3276,28,2008.0,4,487,0.29,0.62
3277,13,1998.0,0,137,0.59,0.62
3278,2,2012.0,1,347,0.0,0.62
3279,4,2011.0,7,464,0.0,0.62
3280,10,1998.0,10,17,0.59,0.62
3281,15,2001.0,11,63,0.0,0.62
3282,17,2006.0,6,455,0.0,0.61
3283,26,2009.0,7,430,0.33,0.61
3284,17,2008.0,10,493,0.56,0.61
3285,16,2008.0,3,455,0.0,0.61
3286,18,2015.0,10,138,0.35,0.61
3287,18,2014.0,8,138,0.21,0.61
3288,29,2002.0,10,323,0.46,0.61
3289,16,2006.0,0,499,0.02,0.61
3290,17,2013.0,0,499,0.12,0.61
3291,26,2010.0,3,126,0.39,0.61
3292,6,2005.0,3,487,0.44,0.61
3293,16,2002.0,8,485,0.3,0.61
3294,6,2004.0,4,199,0.44,0.61
3295,26,2010.0,3,493,0.35,0.61
3296,28,2009.0,10,21,0.46,0.61
3297,27,2013.0,3,524,0.33,0.61
3298,2,2011.0,9,6,0.5,0.61
3299,6,2004.0,3,296,0.44,0.61
3300,16,2003.0,8,347,0.3,0.61
3301,26,2010.0,10,21,0.58,0.61
3302,4,2007.0,3,359,0.0,0.61
3303,28,2010.0,10,275,0.09,0.61
3304,26,2008.0,4,359,0.24,0.61
3305,15,1998.0,4,138,0.34,0.61
3306,17,2011.0,8,445,0.09,0.61
3307,4,2008.0,9,138,0.31,0.61
3308,29,2005.0,8,138,0.37,0.61
3309,15,1997.0,8,177,0.34,0.61
3310,26,2010.0,3,347,0.47,0.61
3311,19,2009.0,4,455,0.18,0.61
3312,28,2008.0,10,66,0.56,0.61
3313,4,2007.0,9,138,0.33,0.61
3314,28,2009.0,10,461,0.56,0.61
3315,4,2008.0,9,524,0.56,0.61
3316,28,2010.0,6,126,0.32,0.61
3317,6,2005.0,7,359,0.27,0.61
3318,6,2002.0,10,138,0.44,0.61
3319,15,1999.0,0,137,0.34,0.61
3320,6,2005.0,0,138,0.44,0.61
3321,6,2004.0,0,53,0.44,0.61
3322,7,2001.0,10,138,0.47,0.61
3323,26,2009.0,3,21,0.33,0.61
3324,26,2008.0,3,126,0.37,0.61
3325,6,2001.0,0,21,0.43,0.61
3326,10,1999.0,10,138,0.58,0.61
3327,28,2007.0,0,21,0.51,0.61
3328,6,2002.0,3,359,0.43,0.61
3329,4,2008.0,9,138,0.34,0.61
3330,16,2003.0,2,53,0.5,0.61
3331,28,2010.0,2,524,0.31,0.61
3332,28,2009.0,8,524,0.3,0.61
3333,26,2009.0,11,359,0.11,0.6
3334,6,2003.0,10,21,0.43,0.6
3335,20,2011.0,10,455,0.19,0.6
3336,6,2004.0,6,296,0.43,0.6
3337,16,2005.0,4,445,0.5,0.6
3338,7,2001.0,6,359,0.4,0.6
3339,16,2003.0,2,137,0.3,0.6
3340,29,2005.0,2,138,0.42,0.6
3341,19,2010.0,7,85,0.0,0.6
3342,4,2007.0,0,445,0.28,0.6
3343,16,2007.0,10,493,0.5,0.6
3344,26,2011.0,0,126,0.36,0.6
3345,27,2013.0,0,126,0.33,0.6
3347,4,2009.0,3,359,0.18,0.6
3348,17,2009.0,10,21,0.38,0.6
3349,2,2015.0,0,547,0.31,0.6
3350,17,2011.0,1,138,0.22,0.6
3351,18,2014.0,0,547,0.12,0.6
3352,15,1995.0,7,275,0.21,0.6
3353,16,2009.0,4,455,0.13,0.6
3354,16,2001.0,6,524,0.29,0.6
3355,19,2009.0,0,524,0.22,0.6
3356,16,2006.0,0,487,0.5,0.6
3357,21,1997.0,5,97,0.0,0.6
3358,16,2001.0,8,543,0.29,0.6
3359,30,2014.0,0,464,0.34,0.6
3360,10,2000.0,6,359,0.37,0.6
3361,10,1997.0,10,275,0.09,0.6
3362,27,2013.0,4,21,0.4,0.6
3363,16,2001.0,6,241,0.29,0.6
3364,26,2008.0,3,126,0.32,0.6
3365,15,2002.0,2,347,0.0,0.6
3366,15,1998.0,9,275,0.0,0.6
3367,28,2005.0,6,323,0.49,0.6
3368,17,2012.0,11,493,0.24,0.6
3369,28,2010.0,6,21,0.25,0.6
3370,15,1998.0,1,138,0.33,0.6
3371,2,2012.0,0,547,0.55,0.6
3372,23,1995.0,11,465,0.0,0.6
3373,17,2010.0,10,138,0.4,0.6
3374,28,2012.0,1,323,0.38,0.6
3375,28,2008.0,3,138,0.34,0.6
3376,18,2014.0,0,126,0.26,0.6
3377,16,2007.0,10,461,0.29,0.6
3378,4,2004.0,6,524,0.31,0.6
3379,17,2010.0,2,455,0.29,0.6
3380,16,2003.0,11,63,0.0,0.6
3381,4,2005.0,5,359,0.26,0.6
3382,13,2008.0,0,138,0.0,0.59
3383,16,2004.0,6,487,0.29,0.59
3384,20,2012.0,4,524,0.13,0.59
3385,28,2012.0,10,445,0.07,0.59
3386,28,2008.0,10,445,0.15,0.59
3387,16,2005.0,11,63,0.0,0.59
3388,26,2010.0,3,487,0.56,0.59
3389,15,1997.0,10,275,0.0,0.59
3390,13,2011.0,0,524,0.15,0.59
3391,15,1998.0,10,138,0.33,0.59
3392,15,2001.0,3,455,0.33,0.59
3393,7,2002.0,8,138,0.46,0.59
3394,4,2009.0,7,464,0.23,0.59
3395,26,2008.0,0,445,0.31,0.59
3396,17,2010.0,8,464,0.17,0.59
3397,15,2000.0,10,325,0.33,0.59
3398,13,2011.0,11,445,0.19,0.59
3399,15,1998.0,10,275,0.0,0.59
3400,16,2008.0,3,292,0.29,0.59
3401,17,2012.0,0,445,0.0,0.59
3402,19,2009.0,0,21,0.21,0.59
3403,0,1981.0,5,305,0.55,0.59
3404,28,2008.0,0,524,0.24,0.59
3405,16,2002.0,10,138,0.21,0.59
3406,29,2004.0,10,138,0.44,0.59
3407,7,2002.0,4,527,0.46,0.59
3408,0,1981.0,0,94,0.55,0.59
3409,4,2007.0,3,6,0.54,0.59
3410,26,2008.0,0,493,0.53,0.59
3411,26,2007.0,0,21,0.52,0.59
3412,10,1997.0,6,17,0.47,0.59
3413,10,1999.0,10,325,0.47,0.59
3414,28,2013.0,8,6,0.33,0.59
3415,29,2003.0,10,323,0.36,0.59
3416,16,2004.0,7,347,0.0,0.59
3417,28,2012.0,2,347,0.39,0.59
3418,17,2011.0,10,138,0.36,0.59
3419,17,2015.0,7,347,0.05,0.59
3420,16,2010.0,0,275,0.13,0.59
3422,26,2008.0,10,138,0.51,0.59
3423,28,2010.0,3,547,0.36,0.59
3424,15,1999.0,0,455,0.33,0.59
3425,28,2008.0,0,524,0.18,0.59
3426,16,2004.0,4,85,0.29,0.59
3427,19,2007.0,7,464,0.39,0.59
3428,18,2015.0,7,347,0.2,0.59
3429,19,2008.0,0,273,0.35,0.59
3430,13,2011.0,8,464,0.25,0.59
3431,17,2010.0,10,6,0.28,0.59
3432,6,2003.0,9,524,0.34,0.59
3433,16,2003.0,10,53,0.29,0.59
3434,4,2009.0,10,138,0.14,0.59
3435,23,1994.0,10,359,0.0,0.59
3436,17,2012.0,8,66,0.26,0.59
3437,16,2003.0,0,85,0.22,0.58
3438,26,2008.0,0,493,0.15,0.58
3439,26,2007.0,9,524,0.53,0.58
3440,16,2008.0,0,487,0.29,0.58
3441,26,2009.0,8,445,0.29,0.58
3442,27,2015.0,3,524,0.28,0.58
3443,15,1995.0,9,275,0.0,0.58
3444,15,1997.0,7,138,0.29,0.58
3445,26,2010.0,10,21,0.53,0.58
3446,18,2014.0,10,138,0.3,0.58
3447,0,1982.0,5,391,0.55,0.58
3448,16,2005.0,7,464,0.06,0.58
3449,16,2004.0,7,138,0.49,0.58
3450,4,2008.0,9,430,0.35,0.58
3451,26,2009.0,3,138,0.21,0.58
3452,26,2008.0,4,543,0.35,0.58
3453,13,2009.0,9,138,0.02,0.58
3454,30,2014.0,10,323,0.3,0.58
3455,26,2011.0,4,524,0.23,0.58
3456,30,2015.0,10,493,0.31,0.58
3457,13,2014.0,8,138,0.21,0.58
3458,17,2008.0,10,138,0.54,0.58
3459,28,2009.0,0,524,0.31,0.58
3460,15,2000.0,10,4,0.32,0.58
3461,2,2013.0,4,126,0.27,0.58
3462,16,2003.0,0,53,0.28,0.58
3463,28,2010.0,8,21,0.37,0.58
3464,4,2010.0,9,348,0.27,0.58
3465,10,1997.0,10,138,0.15,0.58
3466,10,1998.0,10,138,0.14,0.58
3467,10,1998.0,10,275,0.06,0.58
3469,16,2000.0,8,241,0.28,0.58
3470,15,2000.0,7,347,0.23,0.58
3471,15,1998.0,7,347,0.0,0.58
3472,29,2005.0,0,524,0.33,0.58
3473,16,2004.0,7,455,0.28,0.58
3474,15,1998.0,4,61,0.32,0.58
3475,6,2004.0,1,21,0.42,0.58
3476,4,2007.0,0,85,0.25,0.58
3477,17,2013.0,2,347,0.05,0.58
3478,4,2009.0,9,524,0.53,0.58
3479,16,2002.0,8,275,0.28,0.58
3480,15,1998.0,6,487,0.32,0.58
3481,23,1992.0,7,347,0.0,0.58
3482,28,2006.0,10,493,0.53,0.58
3483,17,2015.0,10,493,0.21,0.58
3484,4,2006.0,1,85,0.24,0.58
3485,23,1996.0,11,359,0.0,0.58
3486,17,2010.0,3,292,0.43,0.58
3487,17,2011.0,7,362,0.27,0.58
3488,17,2009.0,2,381,0.36,0.58
3489,15,2000.0,0,21,0.32,0.58
3490,7,2002.0,10,21,0.45,0.58
3491,17,2011.0,10,455,0.54,0.58
3492,16,2006.0,0,347,0.28,0.58
3493,16,2005.0,10,138,0.48,0.58
3494,17,2009.0,10,138,0.38,0.58
3495,4,2010.0,1,359,0.1,0.58
3496,26,2009.0,10,21,0.52,0.58
3497,15,1999.0,7,465,0.32,0.58
3498,26,2010.0,5,359,0.34,0.58
3499,10,1999.0,10,325,0.55,0.58
3500,17,2008.0,4,455,0.0,0.58
3502,16,2009.0,10,138,0.28,0.58
3503,17,2008.0,0,493,0.08,0.57
3504,2,2013.0,7,55,0.28,0.57
3505,15,1994.0,9,138,0.24,0.57
3506,28,2007.0,8,325,0.29,0.57
3507,28,2007.0,4,21,0.49,0.57
3508,19,2005.0,6,460,0.53,0.57
3509,29,2005.0,8,524,0.32,0.57
3510,16,2008.0,5,138,0.28,0.57
3511,6,2002.0,10,21,0.41,0.57
3512,26,2009.0,0,487,0.23,0.57
3513,16,2005.0,7,347,0.0,0.57
3514,28,2011.0,0,126,0.37,0.57
3515,28,2008.0,0,445,0.27,0.57
3516,15,2000.0,11,347,0.0,0.57
3517,6,2004.0,0,543,0.41,0.57
3518,17,2010.0,0,347,0.24,0.57
3519,4,2008.0,0,487,0.53,0.57
3520,15,1995.0,7,455,0.11,0.57
3521,16,2008.0,0,273,0.22,0.57
3522,19,2007.0,0,137,0.21,0.57
3523,28,2011.0,8,487,0.25,0.57
3524,7,2005.0,10,138,0.44,0.57
3525,26,2007.0,0,430,0.3,0.57
3526,13,2010.0,0,524,0.01,0.57
3527,4,2008.0,9,524,0.52,0.57
3528,16,2004.0,2,347,0.47,0.57
3529,28,2013.0,8,515,0.38,0.57
3530,4,2006.0,9,524,0.51,0.57
3531,17,2009.0,7,460,0.36,0.57
3532,11,1986.0,0,359,0.0,0.57
3533,10,1997.0,10,177,0.48,0.57
3534,26,2009.0,10,296,0.52,0.57
3535,19,2011.0,0,275,0.1,0.57
3536,26,2010.0,3,6,0.27,0.57
3537,29,2001.0,8,323,0.43,0.57
3538,16,2005.0,0,499,0.11,0.57
3539,2,2011.0,0,21,0.32,0.57
3540,26,2008.0,4,493,0.5,0.57
3541,16,2002.0,3,455,0.28,0.57
3542,16,2006.0,10,138,0.47,0.57
3543,29,2002.0,6,21,0.42,0.57
3544,23,1992.0,5,224,0.0,0.57
3545,29,2003.0,4,487,0.45,0.57
3546,17,2012.0,8,493,0.19,0.57
3547,16,2002.0,11,347,0.0,0.57
3548,4,2007.0,1,487,0.29,0.57
3549,29,2002.0,6,323,0.39,0.57
3550,16,2004.0,0,85,0.19,0.57
3551,15,2000.0,0,487,0.31,0.57
3552,16,2003.0,8,524,0.28,0.57
3553,17,2013.0,10,138,0.28,0.57
3554,28,2009.0,3,547,0.4,0.57
3555,26,2008.0,1,126,0.19,0.57
3556,28,2008.0,0,493,0.09,0.57
3557,17,2009.0,0,524,0.21,0.57
3558,28,2015.0,0,547,0.24,0.56
3559,15,2000.0,7,85,0.11,0.56
3560,7,2003.0,0,21,0.44,0.56
3561,16,2007.0,7,464,0.23,0.56
3562,4,2007.0,4,359,0.26,0.56
3563,6,2003.0,0,527,0.4,0.56
3564,6,2004.0,5,564,0.4,0.56
3565,16,2006.0,10,138,0.28,0.56
3566,6,2003.0,0,138,0.4,0.56
3567,16,2001.0,10,325,0.28,0.56
3568,6,2004.0,5,359,0.31,0.56
3569,29,2003.0,9,138,0.4,0.56
3570,16,2007.0,10,138,0.28,0.56
3571,15,2001.0,4,455,0.31,0.56
3572,16,2006.0,3,138,0.28,0.56
3573,19,2006.0,10,21,0.41,0.56
3574,6,2004.0,3,275,0.4,0.56
3575,16,2004.0,10,21,0.28,0.56
3576,4,2007.0,1,359,0.27,0.56
3577,16,2001.0,2,138,0.28,0.56
3578,15,1999.0,0,4,0.31,0.56
3579,4,2011.0,0,126,0.32,0.56
3580,16,2007.0,9,524,0.28,0.56
3581,29,2005.0,8,138,0.39,0.56
3582,28,2009.0,8,21,0.28,0.56
3583,16,2001.0,10,17,0.27,0.56
3584,6,2002.0,10,241,0.4,0.56
3585,7,2005.0,6,138,0.43,0.56
3586,15,2000.0,6,138,0.31,0.56
3587,26,2010.0,10,21,0.41,0.56
3588,28,2007.0,10,21,0.49,0.56
3589,29,2003.0,2,487,0.43,0.56
3590,10,1999.0,0,540,0.39,0.56
3591,23,1993.0,4,279,0.09,0.56
3592,16,2007.0,0,493,0.27,0.56
3593,2,2015.0,7,359,0.26,0.56
3594,16,2003.0,7,464,0.15,0.56
3595,26,2011.0,3,487,0.44,0.56
3596,19,2011.0,7,464,0.13,0.56
3597,28,2008.0,8,487,0.34,0.56
3598,28,2009.0,3,323,0.15,0.56
3599,5,2001.0,7,359,0.0,0.56
3600,16,2005.0,0,138,0.27,0.56
3601,4,2008.0,9,487,0.27,0.56
3602,16,2003.0,3,543,0.27,0.56
3603,6,2002.0,3,527,0.4,0.56
3604,6,2003.0,11,275,0.4,0.56
3605,29,2002.0,4,323,0.39,0.56
3606,26,2008.0,0,21,0.32,0.56
3607,19,2005.0,5,232,0.17,0.56
3608,16,2003.0,10,445,0.27,0.56
3609,23,1994.0,2,491,0.0,0.56
3610,4,2006.0,9,524,0.49,0.56
3611,29,2005.0,10,493,0.52,0.56
3612,4,2008.0,3,359,0.0,0.56
3613,30,2014.0,10,493,0.28,0.56
3614,4,2008.0,9,524,0.48,0.56
3615,20,2013.0,7,455,0.18,0.56
3616,4,2009.0,0,126,0.27,0.56
3617,26,2010.0,10,138,0.24,0.56
3618,16,2001.0,8,91,0.27,0.56
3619,4,2006.0,7,430,0.37,0.56
3620,26,2010.0,6,21,0.5,0.56
3621,26,2006.0,10,21,0.51,0.56
3622,16,2001.0,6,487,0.27,0.56
3623,4,2007.0,9,487,0.18,0.56
3624,29,2006.0,10,138,0.42,0.56
3625,17,2011.0,0,455,0.39,0.56
3626,28,2011.0,6,487,0.37,0.56
3627,15,1998.0,7,263,0.27,0.55
3628,17,2015.0,2,347,0.15,0.55
3629,15,1999.0,10,325,0.31,0.55
3630,4,2010.0,9,21,0.41,0.55
3631,28,2014.0,7,138,0.35,0.55
3632,16,2001.0,0,137,0.27,0.55
3633,16,2005.0,0,275,0.34,0.55
3634,17,2013.0,4,457,0.35,0.55
3635,29,2006.0,0,138,0.42,0.55
3636,21,1994.0,6,445,0.0,0.55
3637,26,2010.0,0,138,0.22,0.55
3638,17,2012.0,10,138,0.24,0.55
3639,29,2002.0,2,487,0.4,0.55
3640,15,1996.0,7,63,0.0,0.55
3641,4,2005.0,2,359,0.0,0.55
3642,17,2009.0,2,487,0.3,0.55
3643,0,1982.0,10,21,0.52,0.55
3644,15,2001.0,8,109,0.31,0.55
3645,4,2009.0,3,122,0.52,0.55
3646,15,1999.0,0,137,0.31,0.55
3647,21,1996.0,1,445,0.0,0.55
3648,2,2016.0,0,281,0.0,0.55
3649,16,2001.0,0,455,0.21,0.55
3650,16,2001.0,1,524,0.27,0.55
3651,20,2012.0,8,455,0.29,0.55
3652,26,2010.0,2,85,0.32,0.55
3653,28,2007.0,0,524,0.47,0.55
3654,17,2007.0,8,543,0.18,0.55
3655,19,2008.0,4,455,0.33,0.55
3656,13,2014.0,0,524,0.17,0.55
3657,16,2004.0,10,146,0.0,0.55
3658,17,2007.0,10,493,0.5,0.55
3659,4,2008.0,10,21,0.51,0.55
3660,4,2008.0,5,120,0.51,0.55
3661,29,2002.0,10,21,0.34,0.55
3662,6,2002.0,4,85,0.22,0.55
3663,15,2000.0,2,4,0.31,0.55
3664,18,2014.0,0,21,0.2,0.55
3665,15,1996.0,8,288,0.31,0.55
3666,15,1999.0,11,347,0.0,0.55
3667,21,1997.0,11,63,0.0,0.55
3668,29,2004.0,4,21,0.4,0.55
3669,16,2002.0,10,445,0.0,0.55
3670,17,2010.0,8,347,0.18,0.55
3671,6,2001.0,0,487,0.39,0.55
3672,21,1998.0,11,63,0.0,0.55
3673,28,2010.0,0,347,0.3,0.55
3674,2,2012.0,7,557,0.31,0.55
3675,26,2008.0,10,524,0.49,0.55
3676,6,2003.0,4,487,0.39,0.55
3677,17,2010.0,0,499,0.11,0.55
3678,15,1995.0,2,455,0.29,0.55
3679,29,2002.0,8,17,0.39,0.55
3680,16,2005.0,6,455,0.45,0.55
3681,28,2010.0,8,487,0.22,0.55
3682,26,2008.0,3,487,0.51,0.55
3683,16,2003.0,3,91,0.27,0.55
3684,15,1996.0,3,322,0.3,0.55
3685,29,2004.0,8,493,0.4,0.55
3686,19,2006.0,2,53,0.26,0.55
3687,17,2014.0,0,547,0.12,0.54
3688,16,2008.0,0,445,0.36,0.54
3689,16,2008.0,3,455,0.0,0.54
3690,28,2007.0,10,138,0.49,0.54
3691,17,2009.0,10,138,0.46,0.54
3692,29,2004.0,4,487,0.4,0.54
3693,29,2006.0,10,138,0.16,0.54
3694,16,2000.0,10,465,0.0,0.54
3695,5,1999.0,7,238,0.0,0.54
3696,26,2006.0,6,359,0.4,0.54
3697,28,2009.0,7,120,0.29,0.54
3698,26,2008.0,6,481,0.07,0.54
3699,29,2003.0,9,275,0.42,0.54
3700,19,2010.0,6,455,0.11,0.54
3701,16,2005.0,6,543,0.27,0.54
3702,28,2011.0,7,528,0.4,0.54
3703,17,2012.0,6,445,0.08,0.54
3704,17,2011.0,3,524,0.25,0.54
3705,16,2003.0,11,464,0.14,0.54
3706,6,2003.0,4,487,0.39,0.54
3707,17,2015.0,0,547,0.15,0.54
3708,4,2008.0,7,359,0.0,0.54
3709,4,2010.0,7,281,0.0,0.54
3710,30,2015.0,1,334,0.29,0.54
3711,18,2015.0,0,85,0.13,0.54
3712,26,2007.0,0,493,0.25,0.54
3713,16,2004.0,6,347,0.26,0.54
3714,4,2010.0,5,109,0.42,0.54
3716,0,1982.0,0,83,0.5,0.54
3717,10,1999.0,0,325,0.43,0.54
3718,10,1998.0,10,138,0.11,0.54
3719,17,2011.0,2,347,0.0,0.54
3720,28,2011.0,2,347,0.39,0.54
3721,17,2013.0,7,347,0.21,0.54
3722,15,1998.0,3,455,0.09,0.54
3723,7,2005.0,0,359,0.29,0.54
3724,16,2002.0,7,144,0.0,0.54
3725,4,2008.0,3,524,0.24,0.54
3726,15,1999.0,3,44,0.0,0.54
3727,28,2013.0,10,138,0.4,0.54
3728,19,2010.0,7,445,0.12,0.54
3729,28,2014.0,0,547,0.28,0.54
3730,26,2012.0,10,138,0.51,0.54
3731,4,2008.0,7,430,0.33,0.54
3732,17,2009.0,8,547,0.13,0.54
3733,17,2011.0,6,126,0.22,0.54
3734,6,2004.0,3,487,0.39,0.54
3735,4,2010.0,0,21,0.32,0.54
3736,7,2001.0,10,138,0.42,0.54
3737,4,2009.0,2,487,0.35,0.54
3738,29,2004.0,8,21,0.46,0.54
3739,4,2008.0,5,142,0.42,0.54
3740,4,2006.0,8,359,0.39,0.54
3741,16,2004.0,10,275,0.0,0.54
3742,16,2003.0,10,445,0.26,0.54
3743,2,2011.0,7,359,0.0,0.54
3744,16,2006.0,4,21,0.45,0.54
3745,15,2001.0,10,21,0.3,0.54
3746,18,2016.0,0,547,0.14,0.54
3747,28,2012.0,0,126,0.32,0.54
3748,0,1982.0,4,391,0.5,0.54
3749,4,2008.0,7,275,0.04,0.54
3750,16,2003.0,4,543,0.26,0.54
3751,16,2003.0,2,455,0.26,0.54
3752,26,2008.0,7,347,0.22,0.54
3754,16,2005.0,0,543,0.26,0.54
3755,13,2015.0,8,138,0.13,0.54
3756,21,1998.0,1,445,0.0,0.53
3757,4,2009.0,5,433,0.21,0.53
3758,16,2001.0,8,347,0.26,0.53
3759,15,1996.0,1,13,0.07,0.53
3760,16,2005.0,10,138,0.45,0.53
3761,26,2008.0,0,487,0.49,0.53
3762,16,2004.0,3,455,0.26,0.53
3763,17,2013.0,7,362,0.25,0.53
3764,19,2010.0,7,464,0.15,0.53
3765,16,2003.0,0,137,0.26,0.53
3767,16,2004.0,10,138,0.44,0.53
3768,15,2000.0,6,138,0.3,0.53
3769,16,2004.0,8,436,0.26,0.53
3770,29,2004.0,3,445,0.4,0.53
3771,4,2006.0,7,445,0.18,0.53
3772,4,2009.0,9,138,0.26,0.53
3773,16,2003.0,10,325,0.26,0.53
3774,15,1999.0,4,137,0.3,0.53
3775,16,2008.0,6,138,0.26,0.53
3776,29,2004.0,10,325,0.4,0.53
3777,15,1996.0,3,455,0.3,0.53
3778,27,2015.0,0,547,0.28,0.53
3779,28,2011.0,3,547,0.39,0.53
3780,23,1993.0,10,224,0.0,0.53
3781,23,1994.0,11,499,0.0,0.53
3782,23,1993.0,10,499,0.0,0.53
3783,29,2005.0,0,524,0.34,0.53
3784,17,2010.0,3,455,0.09,0.53
3785,27,2015.0,4,359,0.23,0.53
3786,29,2005.0,6,138,0.32,0.53
3787,19,2011.0,10,138,0.12,0.53
3788,29,2005.0,8,138,0.32,0.53
3789,13,2011.0,0,547,0.16,0.53
3790,16,2004.0,4,138,0.26,0.53
3791,29,2002.0,0,527,0.31,0.53
3792,16,2005.0,10,455,0.26,0.53
3793,27,2012.0,6,445,0.2,0.53
3794,10,2000.0,0,21,0.43,0.53
3795,26,2008.0,9,6,0.48,0.53
3796,19,2007.0,8,524,0.35,0.53
3797,7,2004.0,7,21,0.41,0.53
3798,26,2010.0,1,126,0.27,0.53
3799,4,2010.0,9,138,0.5,0.53
3800,15,1997.0,11,465,0.0,0.53
3801,17,2011.0,8,138,0.23,0.53
3802,28,2009.0,8,547,0.32,0.53
3803,28,2010.0,10,138,0.28,0.53
3804,17,2007.0,6,487,0.17,0.53
3805,4,2007.0,3,330,0.48,0.53
3806,19,2009.0,6,91,0.08,0.53
3807,16,2001.0,0,493,0.26,0.53
3808,7,2002.0,0,138,0.41,0.53
3809,16,2005.0,6,487,0.26,0.53
3810,16,2005.0,0,493,0.44,0.53
3811,20,2013.0,0,547,0.2,0.53
3812,23,1994.0,10,347,0.0,0.53
3813,26,2008.0,0,493,0.48,0.53
3814,17,2013.0,8,21,0.28,0.53
3815,4,2009.0,5,359,0.3,0.53
3816,30,2014.0,3,524,0.35,0.53
3817,19,2007.0,0,275,0.22,0.53
3818,10,1999.0,6,138,0.49,0.53
3819,10,1996.0,10,359,0.49,0.53
3820,15,2000.0,3,44,0.0,0.53
3821,16,2003.0,8,21,0.26,0.53
3822,6,2005.0,10,359,0.24,0.52
3823,3,1999.0,9,445,0.0,0.52
3824,4,2008.0,0,547,0.47,0.52
3825,15,1999.0,1,275,0.29,0.52
3826,26,2006.0,6,524,0.46,0.52
3827,16,2006.0,7,347,0.0,0.52
3828,4,2008.0,7,126,0.37,0.52
3829,4,2009.0,3,524,0.09,0.52
3830,26,2009.0,2,359,0.45,0.52
3831,19,2006.0,2,138,0.46,0.52
3832,16,2007.0,0,445,0.13,0.52
3833,15,2001.0,7,462,0.29,0.52
3834,28,2007.0,10,138,0.47,0.52
3835,15,2001.0,8,455,0.29,0.52
3836,4,2009.0,8,288,0.44,0.52
3837,16,2002.0,0,275,0.18,0.52
3838,16,2005.0,5,138,0.26,0.52
3839,29,2002.0,10,138,0.39,0.52
3840,17,2008.0,0,186,0.18,0.52
3841,17,2008.0,10,138,0.46,0.52
3842,17,2011.0,7,459,0.35,0.52
3843,15,2000.0,2,325,0.29,0.52
3844,11,1993.0,4,85,0.28,0.52
3845,15,1999.0,0,241,0.29,0.52
3846,2,2014.0,7,464,0.15,0.52
3847,15,1998.0,2,85,0.12,0.52
3848,26,2008.0,0,493,0.17,0.52
3849,28,2009.0,9,6,0.23,0.52
3850,20,2012.0,0,455,0.26,0.52
3851,17,2007.0,0,487,0.09,0.52
3852,26,2010.0,3,126,0.46,0.52
3853,17,2008.0,0,21,0.21,0.52
3854,16,2000.0,10,138,0.17,0.52
3855,16,2003.0,10,445,0.0,0.52
3856,16,2006.0,0,137,0.25,0.52
3857,26,2007.0,0,487,0.44,0.52
3858,16,2003.0,8,138,0.25,0.52
3859,29,2005.0,8,21,0.38,0.52
3860,6,2005.0,1,126,0.37,0.52
3861,17,2007.0,0,455,0.36,0.52
3862,17,2006.0,10,138,0.47,0.52
3863,16,2005.0,0,487,0.25,0.52
3864,15,1999.0,11,465,0.1,0.52
3865,4,2006.0,3,359,0.0,0.52
3866,16,2005.0,10,138,0.25,0.52
3867,6,2002.0,10,21,0.37,0.52
3868,6,2004.0,0,138,0.37,0.52
3869,4,2007.0,3,524,0.48,0.52
3870,15,1999.0,8,455,0.17,0.52
3871,13,2006.0,9,138,0.46,0.52
3872,4,2008.0,0,445,0.35,0.52
3873,29,2002.0,10,445,0.38,0.52
3874,15,2001.0,10,138,0.29,0.52
3875,16,2002.0,3,455,0.25,0.52
3876,26,2007.0,3,524,0.46,0.51
3877,16,2002.0,0,137,0.13,0.51
3878,13,2009.0,7,138,0.0,0.51
3879,28,2013.0,2,347,0.29,0.51
3881,16,2001.0,3,455,0.25,0.51
3882,30,2014.0,0,547,0.34,0.51
3883,19,2010.0,7,464,0.13,0.51
3884,17,2010.0,0,524,0.17,0.51
3885,15,1996.0,10,275,0.08,0.51
3886,4,2009.0,5,524,0.35,0.51
3887,16,2002.0,6,324,0.25,0.51
3888,13,2015.0,11,21,0.18,0.51
3889,28,2012.0,10,138,0.29,0.51
3890,19,2009.0,2,347,0.12,0.51
3891,28,2009.0,0,138,0.26,0.51
3892,18,2014.0,7,464,0.17,0.51
3893,26,2009.0,10,275,0.12,0.51
3894,28,2011.0,8,21,0.25,0.51
3895,4,2008.0,3,359,0.0,0.51
3896,7,2003.0,10,138,0.4,0.51
3897,16,2003.0,10,275,0.0,0.51
3898,16,2000.0,7,487,0.25,0.51
3899,15,1997.0,10,246,0.28,0.51
3900,19,2006.0,10,138,0.47,0.51
3901,26,2008.0,10,445,0.46,0.51
3902,26,2007.0,11,359,0.28,0.51
3903,19,2004.0,0,499,0.18,0.51
3904,6,2005.0,3,487,0.37,0.51
3905,28,2009.0,2,347,0.36,0.51
3906,10,1999.0,3,487,0.41,0.51
3907,11,1985.0,4,359,0.0,0.51
3908,10,1999.0,10,275,0.01,0.51
3909,28,2010.0,10,493,0.47,0.51
3910,4,2009.0,0,21,0.33,0.51
3911,17,2010.0,8,21,0.24,0.51
3912,26,2006.0,4,487,0.45,0.51
3913,17,2008.0,0,524,0.19,0.51
3914,29,2003.0,10,138,0.44,0.51
3915,15,1996.0,11,63,0.0,0.51
3916,6,2002.0,4,487,0.37,0.51
3917,28,2006.0,2,487,0.44,0.51
3918,16,2006.0,9,347,0.15,0.51
3919,17,2010.0,11,524,0.18,0.51
3920,17,2008.0,7,464,0.32,0.51
3921,19,2007.0,6,53,0.08,0.51
3922,27,2015.0,0,547,0.3,0.51
3923,4,2007.0,5,359,0.17,0.51
3924,19,2007.0,7,464,0.36,0.51
3925,16,2006.0,10,138,0.42,0.51
3926,19,2009.0,0,138,0.18,0.51
3927,30,2016.0,0,323,0.27,0.51
3928,26,2010.0,0,493,0.47,0.51
3929,29,2004.0,3,101,0.37,0.51
3930,16,2007.0,10,493,0.25,0.51
3931,25,2000.0,7,465,0.0,0.51
3932,28,2006.0,6,138,0.42,0.51
3933,18,2015.0,0,138,0.18,0.51
3934,13,2008.0,9,433,0.0,0.51
3935,6,2004.0,2,53,0.36,0.51
3936,13,2012.0,0,66,0.26,0.51
3937,4,2007.0,9,487,0.46,0.51
3938,29,2004.0,10,325,0.37,0.51
3939,16,2004.0,0,275,0.25,0.51
3940,0,1988.0,8,21,0.47,0.51
3941,16,2005.0,3,85,0.22,0.51
3942,30,2015.0,3,21,0.29,0.51
3943,17,2014.0,8,66,0.14,0.51
3944,16,2002.0,3,241,0.25,0.51
3945,4,2009.0,1,176,0.12,0.51
3946,15,1997.0,10,455,0.28,0.51
3947,6,2004.0,0,487,0.36,0.5
3948,28,2012.0,6,91,0.1,0.5
3949,28,2008.0,10,138,0.45,0.5
3950,16,2006.0,6,445,0.42,0.5
3951,16,2003.0,4,547,0.25,0.5
3953,0,1983.0,0,53,0.47,0.5
3954,28,2011.0,1,138,0.27,0.5
3955,28,2011.0,0,275,0.1,0.5
3956,17,2006.0,10,138,0.31,0.5
3957,29,2003.0,6,493,0.42,0.5
3958,17,2009.0,7,362,0.22,0.5
3959,17,2011.0,7,85,0.0,0.5
3960,4,2005.0,2,53,0.14,0.5
3961,7,2006.0,1,487,0.39,0.5
3962,15,2001.0,3,487,0.28,0.5
3963,16,2001.0,0,527,0.25,0.5
3964,16,2006.0,0,137,0.25,0.5
3965,16,2008.0,3,126,0.25,0.5
3966,0,1982.0,8,21,0.47,0.5
3967,16,2002.0,3,21,0.25,0.5
3968,16,2008.0,4,543,0.25,0.5
3969,28,2015.0,10,493,0.27,0.5
3970,28,2014.0,0,547,0.2,0.5
3971,26,2010.0,9,6,0.34,0.5
3972,26,2007.0,3,138,0.43,0.5
3973,2,2012.0,3,464,0.22,0.5
3974,17,2011.0,2,362,0.27,0.5
3975,26,2006.0,10,138,0.46,0.5
3976,10,2000.0,0,487,0.4,0.5
3977,28,2007.0,9,275,0.46,0.5
3978,16,2002.0,9,21,0.24,0.5
3979,6,2001.0,7,359,0.13,0.5
3980,26,2011.0,3,359,0.27,0.5
3981,16,2004.0,11,63,0.0,0.5
3982,4,2010.0,1,126,0.27,0.5
3983,28,2007.0,10,138,0.45,0.5
3984,4,2004.0,0,21,0.41,0.5
3985,15,1995.0,10,255,0.28,0.5
3986,29,2004.0,2,499,0.3,0.5
3987,15,1997.0,7,13,0.11,0.5
3988,20,2013.0,10,138,0.11,0.5
3989,16,2002.0,8,288,0.24,0.5
3990,17,2009.0,0,138,0.2,0.5
3991,16,2004.0,0,487,0.24,0.5
3992,28,2013.0,0,275,0.29,0.5
3993,16,2010.0,10,138,0.41,0.5
3994,28,2012.0,10,493,0.47,0.5
3995,30,2014.0,8,445,0.22,0.5
3996,4,2008.0,3,524,0.46,0.5
3997,16,2004.0,7,85,0.11,0.5
3998,28,2011.0,6,126,0.28,0.5
3999,26,2009.0,6,21,0.29,0.5
4000,7,2004.0,10,21,0.38,0.5
4001,16,2003.0,6,487,0.24,0.5
4002,23,1996.0,10,347,0.0,0.5
4003,17,2008.0,0,347,0.09,0.5
4004,16,2005.0,0,21,0.24,0.5
4005,6,2001.0,4,524,0.36,0.5
4006,16,2008.0,11,347,0.0,0.5
4007,15,1996.0,7,455,0.0,0.5
4008,16,2007.0,0,137,0.41,0.5
4009,16,2005.0,0,21,0.41,0.5
4010,17,2012.0,0,126,0.21,0.5
4011,16,2002.0,8,241,0.24,0.5
4012,28,2014.0,0,66,0.25,0.5
4013,0,1982.0,10,53,0.46,0.5
4014,16,2007.0,4,487,0.24,0.5
4015,0,1981.0,0,53,0.46,0.5
4016,0,1982.0,0,36,0.46,0.5
4017,2,2011.0,6,347,0.19,0.5
4018,26,2007.0,6,487,0.46,0.49
4019,28,2011.0,0,347,0.3,0.49
4020,2,2011.0,0,85,0.16,0.49
4021,2,2011.0,0,445,0.26,0.49
4022,28,2006.0,10,21,0.44,0.49
4023,6,2004.0,10,21,0.35,0.49
4024,17,2011.0,6,455,0.21,0.49
4025,0,1980.0,10,21,0.46,0.49
4026,17,2015.0,0,464,0.0,0.49
4027,20,2014.0,0,547,0.09,0.49
4028,16,2005.0,0,53,0.41,0.49
4029,28,2010.0,8,464,0.2,0.49
4030,28,2012.0,0,547,0.31,0.49
4031,7,2002.0,2,487,0.38,0.49
4032,2,2013.0,4,445,0.24,0.49
4033,6,2003.0,0,487,0.35,0.49
4034,29,2004.0,8,138,0.34,0.49
4035,26,2008.0,1,443,0.45,0.49
4036,4,2006.0,4,487,0.45,0.49
4037,7,2003.0,9,138,0.35,0.49
4038,16,2005.0,7,464,0.12,0.49
4039,4,2008.0,10,138,0.12,0.49
4040,16,2006.0,8,347,0.0,0.49
4041,23,1993.0,5,359,0.0,0.49
4042,29,2006.0,0,543,0.37,0.49
4043,26,2009.0,8,21,0.24,0.49
4044,2,2014.0,3,359,0.18,0.49
4045,10,1997.0,10,138,0.16,0.49
4046,28,2008.0,2,53,0.24,0.49
4047,4,2010.0,0,21,0.42,0.49
4048,13,2010.0,8,138,0.2,0.49
4049,28,2012.0,8,66,0.28,0.49
4050,21,1997.0,10,445,0.0,0.49
4051,17,2013.0,0,6,0.07,0.49
4052,16,2004.0,10,53,0.24,0.49
4053,16,2009.0,6,455,0.0,0.49
4054,16,2003.0,10,527,0.24,0.49
4055,2,2012.0,0,126,0.36,0.49
4056,4,2013.0,0,547,0.28,0.49
4057,16,2003.0,3,347,0.0,0.49
4058,28,2008.0,1,53,0.14,0.49
4059,15,2001.0,2,53,0.0,0.49
4060,16,2009.0,8,21,0.25,0.49
4061,19,2008.0,10,445,0.0,0.49
4062,13,2008.0,8,88,0.0,0.49
4063,7,2001.0,6,17,0.36,0.49
4064,16,2003.0,6,325,0.24,0.49
4065,17,2014.0,6,91,0.07,0.49
4066,29,2002.0,0,347,0.36,0.49
4067,26,2009.0,10,553,0.45,0.49
4068,15,1999.0,0,164,0.27,0.49
4069,4,2008.0,1,524,0.08,0.49
4070,2,2011.0,6,524,0.27,0.49
4071,16,2001.0,3,224,0.0,0.49
4072,2,2011.0,0,359,0.31,0.49
4073,16,2005.0,7,347,0.07,0.49
4074,23,1995.0,9,487,0.0,0.49
4075,4,2007.0,0,543,0.42,0.49
4076,13,2008.0,0,524,0.01,0.49
4077,17,2015.0,8,138,0.12,0.49
4078,26,2007.0,0,138,0.38,0.49
4079,4,2008.0,3,524,0.44,0.49
4080,17,2009.0,8,547,0.19,0.49
4081,20,2012.0,6,445,0.12,0.48
4082,28,2007.0,3,323,0.43,0.48
4083,26,2009.0,8,138,0.33,0.48
4084,4,2007.0,5,524,0.0,0.48
4085,16,2007.0,0,21,0.4,0.48
4086,20,2012.0,0,275,0.16,0.48
4087,4,2006.0,7,359,0.16,0.48
4088,6,2005.0,0,21,0.35,0.48
4089,26,2009.0,10,347,0.15,0.48
4090,26,2007.0,9,138,0.42,0.48
4091,2,2014.0,10,359,0.15,0.48
4092,6,2004.0,6,564,0.35,0.48
4093,15,1999.0,7,275,0.0,0.48
4094,29,2004.0,10,138,0.36,0.48
4095,26,2009.0,0,275,0.23,0.48
4096,0,1983.0,8,53,0.45,0.48
4097,23,1991.0,1,275,0.0,0.48
4098,28,2008.0,3,323,0.27,0.48
4099,28,2008.0,8,109,0.22,0.48
4100,28,2010.0,8,21,0.2,0.48
4101,16,2003.0,3,53,0.24,0.48
4102,16,2006.0,0,487,0.4,0.48
4103,15,1999.0,2,17,0.27,0.48
4104,26,2008.0,3,481,0.42,0.48
4105,28,2006.0,10,138,0.44,0.48
4106,15,1998.0,2,21,0.27,0.48
4107,13,2014.0,0,22,0.08,0.48
4108,19,2009.0,3,292,0.24,0.48
4109,4,2010.0,1,85,0.25,0.48
4110,28,2008.0,4,543,0.22,0.48
4111,19,2010.0,10,138,0.09,0.48
4112,16,2003.0,9,288,0.24,0.48
4113,4,2008.0,0,493,0.44,0.48
4114,10,1998.0,10,17,0.44,0.48
4115,10,1999.0,9,383,0.25,0.48
4116,16,2008.0,10,138,0.4,0.48
4117,16,2007.0,9,487,0.24,0.48
4118,27,2012.0,0,138,0.18,0.48
4119,4,2005.0,9,430,0.41,0.48
4120,15,1999.0,6,21,0.27,0.48
4121,17,2011.0,7,528,0.26,0.48
4122,13,2014.0,9,445,0.0,0.48
4123,16,2000.0,11,138,0.23,0.48
4124,26,2010.0,6,138,0.18,0.48
4125,27,2015.0,0,21,0.25,0.48
4126,28,2008.0,9,323,0.16,0.48
4127,4,2011.0,0,493,0.45,0.48
4128,26,2010.0,0,359,0.38,0.48
4129,15,1999.0,10,10,0.27,0.48
4130,26,2007.0,4,21,0.42,0.48
4131,6,2001.0,6,422,0.34,0.48
4132,17,2007.0,0,499,0.14,0.48
4133,26,2008.0,0,137,0.14,0.48
4134,4,2009.0,7,464,0.12,0.48
4135,28,2014.0,7,323,0.25,0.48
4136,29,2005.0,10,138,0.35,0.48
4137,28,2006.0,10,138,0.19,0.48
4138,16,2009.0,0,487,0.19,0.48
4139,0,1981.0,6,21,0.45,0.48
4140,26,2008.0,6,556,0.06,0.48
4141,26,2008.0,9,138,0.37,0.48
4142,16,2002.0,6,232,0.23,0.48
4143,4,2009.0,6,487,0.35,0.48
4144,26,2008.0,6,524,0.15,0.48
4146,16,2000.0,5,455,0.14,0.47
4147,0,1989.0,0,21,0.45,0.47
4148,15,1996.0,8,17,0.24,0.47
4149,10,1998.0,10,138,0.45,0.47
4150,2,2015.0,7,359,0.16,0.47
4152,17,2008.0,8,109,0.23,0.47
4153,28,2008.0,8,325,0.25,0.47
4154,16,2002.0,2,21,0.23,0.47
4155,28,2012.0,2,85,0.31,0.47
4156,16,2006.0,0,138,0.39,0.47
4157,26,2009.0,6,138,0.19,0.47
4158,4,2006.0,0,524,0.43,0.47
4159,28,2010.0,7,138,0.33,0.47
4160,23,1995.0,5,97,0.0,0.47
4161,15,2000.0,0,325,0.26,0.47
4162,4,2005.0,4,275,0.37,0.47
4163,17,2014.0,2,347,0.15,0.47
4164,17,2013.0,0,21,0.23,0.47
4165,15,1995.0,0,413,0.26,0.47
4166,16,2001.0,0,455,0.23,0.47
4167,17,2012.0,0,275,0.21,0.47
4168,28,2014.0,10,138,0.14,0.47
4169,26,2010.0,2,487,0.3,0.47
4170,26,2011.0,7,464,0.0,0.47
4171,16,2000.0,2,142,0.05,0.47
4172,26,2008.0,9,524,0.42,0.47
4173,27,2014.0,0,547,0.23,0.47
4174,6,2002.0,4,359,0.0,0.47
4175,16,2006.0,7,464,0.04,0.47
4176,16,2002.0,6,487,0.23,0.47
4177,28,2007.0,7,323,0.41,0.47
4178,20,2012.0,0,138,0.0,0.47
4179,20,2011.0,10,445,0.05,0.47
4180,13,2009.0,11,487,0.0,0.47
4181,19,2007.0,6,445,0.1,0.47
4182,4,2010.0,0,281,0.0,0.47
4183,4,2007.0,4,21,0.41,0.47
4184,17,2015.0,0,126,0.14,0.47
4185,16,2005.0,6,325,0.23,0.47
4186,10,1998.0,4,359,0.27,0.47
4187,10,1997.0,6,508,0.28,0.47
4188,10,1998.0,7,275,0.38,0.47
4189,15,1999.0,3,223,0.0,0.47
4190,10,1997.0,8,325,0.38,0.47
4191,26,2009.0,5,138,0.34,0.47
4192,13,2010.0,9,138,0.0,0.47
4193,28,2005.0,2,499,0.3,0.47
4194,0,1987.0,0,21,0.44,0.47
4195,28,2011.0,0,445,0.28,0.47
4196,26,2009.0,4,126,0.29,0.47
4197,16,2006.0,10,325,0.23,0.47
4198,29,2006.0,6,138,0.35,0.47
4200,30,2015.0,10,138,0.37,0.47
4201,13,2011.0,10,138,0.04,0.47
4202,15,1999.0,3,91,0.26,0.47
4203,4,2007.0,0,21,0.43,0.47
4204,28,2013.0,10,493,0.44,0.47
4205,23,1995.0,3,224,0.0,0.47
4206,16,2005.0,10,275,0.0,0.47
4207,13,2011.0,9,138,0.0,0.47
4208,16,2009.0,6,487,0.27,0.47
4209,16,2003.0,6,91,0.23,0.47
4210,28,2014.0,10,138,0.35,0.47
4211,6,2006.0,1,126,0.33,0.47
4212,16,2005.0,3,21,0.39,0.47
4213,2,2012.0,7,281,0.0,0.47
4214,15,1996.0,10,138,0.26,0.47
4215,26,2010.0,3,367,0.0,0.47
4216,6,2005.0,0,524,0.33,0.47
4217,17,2011.0,6,487,0.24,0.47
4218,4,2008.0,0,85,0.22,0.47
4219,4,2007.0,5,232,0.43,0.47
4220,16,2004.0,2,53,0.23,0.47
4221,7,2005.0,3,359,0.36,0.47
4222,7,2004.0,0,275,0.3,0.47
4223,4,2007.0,10,524,0.46,0.47
4224,16,2002.0,10,21,0.23,0.46
4225,16,2007.0,1,275,0.23,0.46
4226,4,2008.0,4,543,0.26,0.46
4227,6,2001.0,8,487,0.33,0.46
4228,17,2007.0,6,487,0.35,0.46
4229,6,2004.0,5,359,0.25,0.46
4230,29,2005.0,8,487,0.34,0.46
4231,6,2002.0,3,241,0.33,0.46
4233,26,2011.0,3,184,0.44,0.46
4234,15,1999.0,10,524,0.26,0.46
4235,26,2007.0,0,543,0.4,0.46
4236,17,2011.0,8,547,0.21,0.46
4237,6,2005.0,4,126,0.33,0.46
4238,16,2002.0,0,544,0.2,0.46
4239,19,2007.0,8,455,0.25,0.46
4240,23,1992.0,10,347,0.0,0.46
4241,16,2001.0,11,487,0.13,0.46
4242,23,1993.0,4,347,0.0,0.46
4243,6,2002.0,4,21,0.33,0.46
4244,13,2014.0,8,66,0.12,0.46
4245,17,2011.0,8,487,0.13,0.46
4246,6,2004.0,4,487,0.33,0.46
4247,2,2012.0,0,359,0.2,0.46
4248,4,2008.0,11,493,0.38,0.46
4249,19,2006.0,6,455,0.37,0.46
4250,4,2008.0,4,493,0.27,0.46
4251,16,2007.0,3,455,0.23,0.46
4252,16,2005.0,8,524,0.38,0.46
4253,26,2010.0,10,275,0.36,0.46
4254,4,2011.0,0,21,0.34,0.46
4255,16,2005.0,2,53,0.38,0.46
4256,6,2001.0,4,487,0.33,0.46
4257,17,2008.0,4,543,0.19,0.46
4258,15,1999.0,6,325,0.26,0.46
4259,19,2006.0,8,524,0.23,0.46
4260,4,2008.0,1,487,0.42,0.46
4261,2,2016.0,0,359,0.04,0.46
4262,15,1996.0,10,455,0.26,0.46
4263,28,2013.0,0,21,0.26,0.46
4264,16,2005.0,8,524,0.38,0.46
4265,17,2011.0,10,445,0.09,0.46
4266,30,2014.0,10,138,0.3,0.46
4267,0,1983.0,0,53,0.43,0.46
4268,16,2002.0,0,455,0.22,0.46
4269,16,2003.0,3,455,0.22,0.46
4270,6,2001.0,0,487,0.33,0.46
4271,6,2003.0,6,543,0.33,0.46
4272,17,2009.0,0,288,0.19,0.46
4273,17,2015.0,9,273,0.11,0.46
4274,4,2006.0,2,445,0.3,0.46
4275,26,2011.0,10,138,0.43,0.46
4276,4,2009.0,3,547,0.33,0.46
4277,30,2015.0,0,547,0.26,0.46
4278,4,2011.0,3,487,0.37,0.46
4279,16,2009.0,4,455,0.22,0.46
4280,16,2002.0,3,224,0.0,0.46
4281,28,2008.0,11,138,0.18,0.46
4282,19,2006.0,0,137,0.09,0.46
4283,28,2015.0,0,21,0.24,0.46
4284,28,2007.0,0,445,0.3,0.46
4285,15,2000.0,6,21,0.25,0.46
4286,26,2010.0,0,547,0.29,0.46
4287,20,2015.0,7,347,0.08,0.46
4288,15,1999.0,2,540,0.25,0.46
4289,16,2005.0,8,368,0.22,0.46
4290,19,2007.0,6,138,0.02,0.46
4291,28,2006.0,10,138,0.42,0.46
4292,28,2009.0,6,524,0.24,0.46
4293,23,1994.0,8,490,0.0,0.46
4294,16,2002.0,7,53,0.14,0.46
4295,28,2013.0,4,524,0.19,0.46
4296,6,2003.0,7,359,0.0,0.46
4297,17,2010.0,7,499,0.22,0.46
4298,26,2009.0,1,21,0.42,0.46
4299,2,2015.0,5,359,0.05,0.46
4300,28,2010.0,0,138,0.21,0.46
4301,29,2003.0,10,323,0.36,0.46
4302,26,2010.0,3,126,0.43,0.46
4303,15,1995.0,9,455,0.25,0.46
4304,26,2007.0,0,126,0.39,0.46
4305,17,2011.0,8,487,0.2,0.46
4306,17,2011.0,3,455,0.0,0.46
4307,20,2015.0,3,362,0.13,0.46
4308,17,2009.0,7,347,0.0,0.45
4309,30,2014.0,0,464,0.26,0.45
4310,19,2009.0,0,525,0.03,0.45
4311,6,2005.0,4,487,0.33,0.45
4312,20,2013.0,7,347,0.15,0.45
4313,15,1999.0,8,53,0.25,0.45
4314,2,2014.0,0,547,0.21,0.45
4315,26,2007.0,1,21,0.42,0.45
4316,23,1996.0,10,275,0.0,0.45
4317,18,2014.0,1,501,0.12,0.45
4318,16,2005.0,10,275,0.0,0.45
4319,7,2003.0,0,53,0.34,0.45
4320,26,2008.0,4,543,0.36,0.45
4321,29,2004.0,6,138,0.34,0.45
4322,23,1995.0,10,148,0.0,0.45
4323,4,2007.0,5,296,0.42,0.45
4324,7,2002.0,7,241,0.23,0.45
4325,4,2012.0,3,21,0.03,0.45
4326,16,2002.0,0,60,0.22,0.45
4327,20,2012.0,8,455,0.21,0.45
4328,26,2012.0,10,493,0.39,0.45
4329,2,2011.0,2,525,0.13,0.45
4331,4,2008.0,3,524,0.41,0.45
4332,16,2006.0,10,138,0.38,0.45
4333,13,2014.0,0,524,0.14,0.45
4334,26,2008.0,3,275,0.42,0.45
4335,28,2011.0,10,493,0.4,0.45
4336,28,2008.0,8,21,0.3,0.45
4337,0,1985.0,5,21,0.42,0.45
4338,15,1998.0,10,10,0.25,0.45
4339,16,2005.0,8,325,0.22,0.45
4340,15,1998.0,10,347,0.0,0.45
4341,28,2007.0,6,445,0.12,0.45
4342,16,2004.0,10,138,0.22,0.45
4343,28,2008.0,2,325,0.26,0.45
4344,29,2003.0,8,21,0.34,0.45
4345,26,2007.0,11,288,0.39,0.45
4346,0,1981.0,9,53,0.42,0.45
4347,17,2010.0,0,21,0.26,0.45
4348,28,2011.0,8,547,0.3,0.45
4349,4,2007.0,3,524,0.41,0.45
4350,18,2016.0,8,138,0.17,0.45
4351,26,2009.0,3,292,0.42,0.45
4352,17,2015.0,10,275,0.08,0.45
4353,15,1998.0,0,21,0.25,0.45
4354,4,2009.0,0,21,0.27,0.45
4355,26,2009.0,10,275,0.09,0.45
4356,6,2004.0,3,275,0.32,0.45
4357,17,2009.0,3,455,0.11,0.45
4358,20,2013.0,7,347,0.0,0.45
4359,26,2009.0,0,359,0.1,0.45
4360,16,2001.0,10,275,0.0,0.45
4361,18,2015.0,0,347,0.08,0.45
4362,16,2003.0,0,487,0.22,0.45
4363,23,1993.0,2,491,0.0,0.45
4364,10,1998.0,0,177,0.36,0.45
4365,10,2000.0,5,359,0.36,0.45
4366,17,2008.0,7,53,0.19,0.45
4367,26,2009.0,9,275,0.26,0.45
4368,2,2014.0,10,138,0.09,0.45
4369,26,2007.0,9,524,0.41,0.45
4370,4,2007.0,0,21,0.41,0.45
4371,6,2001.0,2,241,0.32,0.45
4372,16,2006.0,7,499,0.22,0.45
4373,15,1995.0,7,55,0.0,0.45
4374,4,2009.0,3,21,0.21,0.45
4375,28,2012.0,2,347,0.26,0.45
4376,6,2004.0,6,487,0.32,0.45
4377,28,2008.0,0,445,0.16,0.45
4379,15,1995.0,0,347,0.0,0.45
4381,16,2009.0,3,455,0.0,0.45
4382,19,2010.0,8,455,0.17,0.45
4383,15,1999.0,7,462,0.0,0.45
4384,16,2008.0,3,126,0.09,0.45
4385,28,2009.0,10,138,0.4,0.45
4386,16,2004.0,0,499,0.04,0.45
4387,17,2007.0,10,21,0.36,0.45
4388,15,1994.0,10,455,0.25,0.45
4389,29,2005.0,2,487,0.34,0.45
4390,28,2010.0,10,6,0.38,0.45
4391,19,2007.0,11,487,0.04,0.45
4392,7,2004.0,10,138,0.35,0.45
4393,0,1987.0,8,53,0.42,0.45
4394,7,2004.0,2,487,0.35,0.45
4395,4,2005.0,0,464,0.13,0.45
4396,29,2003.0,6,17,0.36,0.45
4397,15,2000.0,6,137,0.25,0.45
4398,16,2002.0,6,138,0.22,0.45
4399,15,1996.0,7,275,0.14,0.45
4400,27,2015.0,10,359,0.13,0.45
4401,26,2008.0,10,138,0.18,0.45
4402,0,1981.0,0,506,0.42,0.45
4403,16,2004.0,0,487,0.22,0.45
4404,6,2004.0,10,359,0.32,0.45
4405,19,2008.0,4,543,0.11,0.45
4406,26,2009.0,3,275,0.24,0.45
4407,4,2009.0,9,6,0.42,0.45
4408,30,2013.0,3,524,0.3,0.45
4409,16,2004.0,3,275,0.22,0.44
4410,17,2013.0,8,6,0.21,0.44
4411,16,2006.0,10,461,0.37,0.44
4412,16,2005.0,3,455,0.37,0.44
4413,29,2005.0,10,275,0.06,0.44
4414,10,1999.0,10,138,0.42,0.44
4415,16,2004.0,0,275,0.22,0.44
4416,16,2005.0,3,487,0.37,0.44
4417,28,2015.0,0,126,0.19,0.44
4418,4,2009.0,5,547,0.3,0.44
4419,16,2002.0,1,543,0.22,0.44
4420,27,2015.0,0,126,0.2,0.44
4421,16,2004.0,0,21,0.22,0.44
4422,29,2005.0,7,21,0.3,0.44
4423,26,2009.0,3,347,0.41,0.44
4424,28,2012.0,0,21,0.28,0.44
4425,17,2013.0,0,120,0.14,0.44
4426,4,2004.0,9,138,0.4,0.44
4427,16,2003.0,0,138,0.22,0.44
4428,29,2006.0,0,138,0.33,0.44
4429,28,2013.0,0,85,0.26,0.44
4430,30,2016.0,8,138,0.26,0.44
4431,15,1996.0,10,347,0.0,0.44
4432,29,2002.0,10,138,0.35,0.44
4433,16,2005.0,8,138,0.37,0.44
4434,26,2009.0,0,126,0.19,0.44
4435,26,2009.0,0,109,0.25,0.44
4436,29,2005.0,0,543,0.33,0.44
4437,6,2003.0,4,359,0.0,0.44
4438,15,1997.0,8,164,0.25,0.44
4439,28,2011.0,6,138,0.18,0.44
4440,15,1999.0,6,465,0.07,0.44
4441,17,2012.0,0,499,0.19,0.44
4442,28,2011.0,8,524,0.28,0.44
4443,29,2006.0,0,288,0.33,0.44
4444,26,2008.0,3,524,0.1,0.44
4445,4,2007.0,3,524,0.4,0.44
4446,28,2007.0,8,493,0.36,0.44
4447,16,2005.0,8,347,0.0,0.44
4448,15,2000.0,5,347,0.25,0.44
4449,15,1996.0,7,104,0.25,0.44
4450,23,1996.0,5,224,0.0,0.44
4451,11,1991.0,5,224,0.16,0.44
4452,10,1997.0,8,177,0.35,0.44
4453,26,2009.0,8,359,0.2,0.44
4454,26,2009.0,3,272,0.41,0.44
4455,17,2010.0,0,6,0.18,0.44
4456,7,2005.0,3,487,0.34,0.44
4457,16,2007.0,11,63,0.0,0.44
4458,15,2001.0,0,4,0.24,0.44
4459,4,2007.0,9,524,0.41,0.44
4460,4,2007.0,9,21,0.4,0.44
4461,19,2009.0,11,275,0.19,0.44
4462,29,2004.0,6,487,0.34,0.44
4463,16,2002.0,10,275,0.0,0.44
4464,15,2000.0,10,455,0.24,0.44
4465,7,2004.0,2,511,0.0,0.44
4466,4,2010.0,0,487,0.26,0.44
4467,7,2003.0,4,359,0.34,0.44
4468,6,2003.0,0,487,0.31,0.44
4470,16,2003.0,3,347,0.0,0.44
4471,4,2010.0,10,304,0.41,0.44
4473,17,2012.0,3,524,0.26,0.44
4474,7,2002.0,8,137,0.34,0.44
4475,6,2003.0,0,296,0.31,0.44
4476,28,2012.0,0,85,0.28,0.44
4477,7,2002.0,1,359,0.34,0.44
4478,6,2004.0,0,487,0.31,0.44
4479,16,2005.0,2,53,0.36,0.44
4480,16,2009.0,3,455,0.0,0.44
4481,21,1996.0,1,445,0.0,0.44
4482,26,2007.0,4,487,0.4,0.44
4483,16,2005.0,0,347,0.0,0.44
4484,4,2010.0,9,275,0.0,0.44
4485,16,2002.0,10,325,0.21,0.44
4486,26,2011.0,3,524,0.41,0.44
4487,16,2007.0,0,487,0.36,0.44
4488,19,2007.0,2,53,0.19,0.44
4489,4,2006.0,5,359,0.16,0.44
4490,29,2002.0,9,21,0.35,0.44
4491,26,2009.0,10,304,0.41,0.44
4492,6,2004.0,1,359,0.26,0.43
4493,17,2010.0,7,445,0.19,0.43
4494,2,2011.0,5,503,0.2,0.43
4495,4,2009.0,3,493,0.39,0.43
4496,16,2003.0,0,455,0.21,0.43
4497,10,2001.0,10,138,0.41,0.43
4498,6,2004.0,6,138,0.31,0.43
4499,16,2008.0,0,21,0.17,0.43
4500,15,2001.0,8,493,0.24,0.43
4501,29,2001.0,10,138,0.32,0.43
4502,6,2005.0,9,487,0.31,0.43
4503,13,2013.0,10,138,0.01,0.43
4504,16,2005.0,0,126,0.36,0.43
4505,18,2014.0,6,524,0.13,0.43
4506,4,2010.0,3,487,0.41,0.43
4507,21,1996.0,4,445,0.0,0.43
4508,29,2003.0,10,138,0.4,0.43
4509,13,2016.0,8,21,0.22,0.43
4510,30,2015.0,3,213,0.35,0.43
4511,26,2010.0,10,138,0.38,0.43
4512,16,2003.0,0,138,0.21,0.43
4513,27,2016.0,3,323,0.18,0.43
4514,15,2001.0,10,455,0.24,0.43
4515,18,2014.0,0,464,0.16,0.43
4516,16,2000.0,8,137,0.21,0.43
4517,0,1981.0,0,21,0.4,0.43
4518,16,2004.0,7,347,0.21,0.43
4519,4,2009.0,7,430,0.28,0.43
4520,6,2002.0,4,60,0.31,0.43
4521,6,2003.0,4,85,0.18,0.43
4522,23,1994.0,9,144,0.0,0.43
4523,26,2010.0,10,138,0.23,0.43
4524,17,2010.0,7,362,0.12,0.43
4525,28,2012.0,8,493,0.21,0.43
4527,16,2009.0,0,53,0.15,0.43
4528,16,2003.0,0,246,0.21,0.43
4529,26,2010.0,0,21,0.24,0.43
4530,28,2007.0,11,138,0.35,0.43
4531,10,1998.0,6,325,0.28,0.43
4532,10,1997.0,4,359,0.25,0.43
4533,13,2012.0,8,493,0.15,0.43
4534,4,2008.0,9,524,0.39,0.43
4535,4,2006.0,4,275,0.33,0.43
4537,16,2004.0,10,455,0.36,0.43
4538,26,2013.0,10,138,0.0,0.43
4539,16,2003.0,7,459,0.21,0.43
4540,15,1996.0,10,455,0.1,0.43
4541,4,2009.0,1,87,0.37,0.43
4542,16,2001.0,9,347,0.09,0.43
4543,17,2012.0,9,275,0.21,0.43
4544,17,2007.0,0,138,0.16,0.43
4545,19,2006.0,7,524,0.17,0.43
4546,16,2008.0,3,138,0.21,0.43
4547,16,2006.0,7,464,0.07,0.43
4548,13,2006.0,9,323,0.02,0.43
4549,30,2014.0,0,547,0.23,0.43
4550,7,2002.0,10,138,0.33,0.43
4551,26,2009.0,6,138,0.39,0.43
4552,28,2008.0,3,126,0.39,0.43
4553,6,2002.0,10,53,0.31,0.43
4554,27,2012.0,8,21,0.21,0.43
4555,17,2010.0,0,126,0.27,0.43
4556,29,2003.0,3,325,0.33,0.43
4557,4,2009.0,8,21,0.37,0.43
4558,26,2007.0,9,524,0.39,0.43
4559,4,2011.0,0,524,0.24,0.43
4560,16,2009.0,0,21,0.21,0.43
4561,15,1997.0,10,10,0.24,0.43
4562,18,2014.0,0,21,0.18,0.43
4563,16,2005.0,3,445,0.21,0.43
4564,19,2007.0,0,126,0.15,0.43
4565,19,2006.0,6,487,0.11,0.43
4566,4,2006.0,0,109,0.39,0.42
4567,21,1997.0,7,445,0.0,0.42
4568,19,2011.0,11,63,0.0,0.42
4569,7,2002.0,10,138,0.33,0.42
4570,4,2009.0,0,109,0.22,0.42
4571,19,2009.0,0,109,0.13,0.42
4572,4,2008.0,7,464,0.23,0.42
4573,16,2007.0,4,543,0.21,0.42
4574,6,2001.0,7,85,0.14,0.42
4575,17,2009.0,3,547,0.24,0.42
4576,16,2006.0,8,137,0.35,0.42
4577,16,2005.0,10,493,0.21,0.42
4578,7,2003.0,8,138,0.33,0.42
4579,29,2003.0,9,138,0.31,0.42
4580,28,2009.0,3,21,0.23,0.42
4581,16,2003.0,1,455,0.21,0.42
4582,15,1999.0,1,455,0.24,0.42
4583,23,1991.0,0,347,0.0,0.42
4584,15,1998.0,0,413,0.24,0.42
4585,2,2013.0,7,430,0.22,0.42
4586,7,2005.0,10,21,0.33,0.42
4587,28,2011.0,10,493,0.15,0.42
4588,6,2004.0,4,359,0.0,0.42
4589,4,2008.0,4,543,0.39,0.42
4590,26,2007.0,8,138,0.34,0.42
4591,19,2007.0,11,275,0.03,0.42
4592,15,1997.0,9,413,0.24,0.42
4593,16,2003.0,10,17,0.21,0.42
4594,15,2003.0,10,199,0.23,0.42
4595,20,2012.0,7,206,0.22,0.42
4596,4,2010.0,0,138,0.2,0.42
4597,4,2006.0,9,524,0.38,0.42
4598,4,2009.0,0,487,0.42,0.42
4599,15,2001.0,6,138,0.23,0.42
4600,21,1997.0,7,133,0.0,0.42
4601,29,2004.0,10,198,0.32,0.42
4602,6,2005.0,3,275,0.3,0.42
4603,16,2003.0,6,487,0.21,0.42
4604,16,2007.0,0,487,0.21,0.42
4605,16,2002.0,0,53,0.21,0.42
4606,26,2007.0,4,445,0.33,0.42
4607,16,2004.0,6,564,0.35,0.42
4608,28,2010.0,8,445,0.19,0.42
4609,6,2004.0,0,524,0.3,0.42
4610,4,2009.0,2,487,0.37,0.42
4611,6,2004.0,4,21,0.3,0.42
4612,15,1998.0,6,489,0.23,0.42
4613,19,2005.0,10,138,0.39,0.42
4614,15,1999.0,7,455,0.0,0.42
4615,4,2007.0,3,500,0.39,0.42
4616,19,2008.0,2,347,0.0,0.42
4617,29,2002.0,6,53,0.35,0.42
4618,16,2004.0,10,275,0.0,0.42
4619,4,2010.0,1,85,0.2,0.42
4620,16,2003.0,0,487,0.21,0.42
4621,10,1998.0,6,325,0.35,0.42
4622,10,2000.0,10,325,0.34,0.42
4623,10,2001.0,5,359,0.34,0.42
4624,10,1999.0,10,275,0.0,0.42
4625,10,2000.0,8,4,0.34,0.42
4626,7,2004.0,8,138,0.32,0.42
4627,17,2010.0,3,292,0.19,0.42
4628,18,2015.0,0,66,0.09,0.42
4629,16,2008.0,10,455,0.35,0.42
4630,30,2014.0,0,126,0.24,0.42
4631,29,2004.0,9,275,0.32,0.42
4632,7,2004.0,4,85,0.32,0.42
4633,28,2006.0,9,524,0.36,0.42
4634,23,1995.0,10,347,0.0,0.42
4636,16,2008.0,10,21,0.21,0.42
4637,4,2010.0,3,347,0.0,0.42
4638,7,2005.0,0,138,0.32,0.42
4639,26,2009.0,1,272,0.39,0.42
4640,16,2007.0,11,288,0.2,0.42
4641,4,2009.0,9,524,0.35,0.42
4642,28,2005.0,0,445,0.36,0.42
4643,15,2001.0,0,85,0.14,0.42
4644,26,2008.0,6,21,0.39,0.42
4645,16,2002.0,8,527,0.2,0.42
4646,7,2005.0,5,445,0.32,0.42
4647,16,2005.0,0,275,0.18,0.42
4648,17,2010.0,0,524,0.21,0.42
4649,4,2008.0,9,430,0.22,0.42
4650,15,1998.0,10,275,0.02,0.42
4651,6,2001.0,4,487,0.3,0.42
4652,29,2006.0,8,138,0.31,0.42
4653,26,2007.0,1,359,0.18,0.42
4654,29,2006.0,0,487,0.31,0.42
4655,19,2009.0,0,288,0.21,0.42
4656,19,2010.0,0,493,0.39,0.42
4657,27,2015.0,3,359,0.19,0.42
4658,2,2016.0,0,359,0.16,0.42
4659,17,2010.0,0,138,0.13,0.42
4660,26,2011.0,10,347,0.16,0.42
4661,17,2011.0,2,487,0.16,0.42
4662,29,2004.0,7,138,0.31,0.42
4663,19,2010.0,10,445,0.0,0.42
4664,16,2007.0,0,126,0.2,0.42
4665,15,2000.0,1,85,0.17,0.42
4666,15,1997.0,2,85,0.16,0.42
4667,16,2004.0,3,337,0.2,0.42
4668,19,2007.0,4,275,0.22,0.42
4669,16,2004.0,0,325,0.2,0.42
4670,21,1995.0,2,445,0.0,0.42
4671,17,2009.0,5,347,0.26,0.42
4672,29,2001.0,9,288,0.3,0.42
4673,28,2007.0,8,543,0.36,0.41
4674,16,2003.0,10,17,0.2,0.41
4675,16,2003.0,9,275,0.15,0.41
4676,4,2009.0,0,53,0.26,0.41
4677,2,2013.0,0,444,0.0,0.41
4678,16,2003.0,3,455,0.2,0.41
4679,6,2001.0,1,60,0.3,0.41
4680,16,2003.0,10,455,0.2,0.41
4681,6,2001.0,1,524,0.3,0.41
4682,20,2013.0,3,362,0.14,0.41
4684,13,1998.0,0,137,0.41,0.41
4685,16,2010.0,10,275,0.04,0.41
4686,3,1999.0,6,445,0.0,0.41
4687,15,1998.0,8,21,0.23,0.41
4688,16,2007.0,0,543,0.34,0.41
4689,13,2007.0,8,493,0.01,0.41
4690,17,2007.0,6,487,0.37,0.41
4691,16,2010.0,10,455,0.2,0.41
4692,15,2000.0,3,214,0.23,0.41
4693,29,2005.0,8,524,0.26,0.41
4694,19,2009.0,2,347,0.0,0.41
4695,15,2000.0,10,455,0.23,0.41
4696,15,1999.0,0,493,0.23,0.41
4697,15,2000.0,10,275,0.0,0.41
4698,17,2015.0,8,21,0.16,0.41
4699,21,1995.0,0,347,0.0,0.41
4700,28,2012.0,0,138,0.28,0.41
4701,19,2009.0,8,21,0.17,0.41
4702,28,2014.0,8,66,0.18,0.41
4703,4,2009.0,1,487,0.15,0.41
4704,28,2015.0,9,273,0.21,0.41
4705,16,2002.0,4,487,0.2,0.41
4706,4,2007.0,3,464,0.0,0.41
4707,4,2008.0,4,275,0.31,0.41
4708,17,2010.0,2,381,0.21,0.41
4709,16,2006.0,0,21,0.2,0.41
4710,19,2007.0,0,547,0.27,0.41
4711,21,1996.0,1,445,0.0,0.41
4712,16,2005.0,1,487,0.34,0.41
4713,26,2009.0,3,524,0.28,0.41
4714,26,2009.0,9,138,0.36,0.41
4715,17,2012.0,0,138,0.37,0.41
4716,15,1996.0,6,399,0.23,0.41
4717,20,2015.0,0,547,0.09,0.41
4718,26,2009.0,3,224,0.0,0.41
4719,19,2009.0,0,487,0.24,0.41
4720,28,2008.0,0,21,0.36,0.41
4721,16,2002.0,1,455,0.0,0.41
4722,26,2011.0,3,487,0.36,0.41
4723,19,2009.0,6,487,0.29,0.41
4724,28,2011.0,9,487,0.3,0.41
4725,15,1997.0,11,540,0.23,0.41
4726,4,2009.0,0,288,0.23,0.41
4727,11,1985.0,5,347,0.0,0.41
4728,10,1999.0,7,359,0.1,0.41
4729,10,1999.0,0,508,0.33,0.41
4730,17,2008.0,10,138,0.08,0.41
4731,16,2002.0,0,53,0.2,0.41
4732,20,2014.0,0,547,0.05,0.41
4733,16,2007.0,7,455,0.2,0.41
4734,15,1997.0,9,455,0.13,0.41
4735,26,2009.0,6,565,0.39,0.41
4736,26,2008.0,10,419,0.18,0.41
4737,28,2010.0,3,292,0.24,0.41
4738,15,1999.0,9,490,0.0,0.41
4739,17,2012.0,0,21,0.19,0.41
4740,13,2014.0,8,21,0.14,0.41
4741,26,2011.0,3,487,0.26,0.41
4742,17,2010.0,3,138,0.16,0.41
4743,16,2009.0,3,21,0.15,0.41
4744,27,2013.0,0,359,0.2,0.41
4745,26,2010.0,0,430,0.21,0.41
4746,28,2006.0,8,138,0.35,0.41
4747,16,2001.0,9,318,0.11,0.41
4748,16,2006.0,3,455,0.2,0.41
4749,7,2002.0,2,325,0.31,0.41
4750,26,2006.0,7,21,0.37,0.41
4751,16,2010.0,0,493,0.34,0.41
4752,19,2010.0,3,347,0.0,0.41
4753,15,1996.0,3,142,0.23,0.41
4754,15,1998.0,10,294,0.15,0.41
4755,16,2008.0,10,493,0.34,0.41
4756,6,2001.0,3,275,0.0,0.41
4757,26,2008.0,6,547,0.36,0.41
4758,28,2010.0,0,6,0.21,0.41
4759,26,2008.0,9,138,0.34,0.41
4760,17,2008.0,2,325,0.22,0.41
4761,28,2011.0,3,524,0.29,0.41
4762,13,2011.0,8,493,0.18,0.41
4763,19,2010.0,3,445,0.0,0.41
4764,16,2009.0,7,21,0.23,0.41
4765,23,1995.0,5,359,0.0,0.41
4766,16,2005.0,4,325,0.34,0.41
4767,23,1994.0,10,275,0.0,0.41
4768,16,2001.0,4,524,0.2,0.41
4769,30,2015.0,8,493,0.24,0.41
4770,28,2011.0,8,323,0.26,0.41
4771,15,2000.0,2,138,0.23,0.41
4772,16,2005.0,0,138,0.34,0.41
4773,13,2012.0,0,138,0.02,0.41
4774,17,2012.0,0,85,0.18,0.41
4775,4,2009.0,0,524,0.19,0.41
4776,4,2009.0,3,315,0.38,0.41
4777,16,2002.0,0,21,0.2,0.41
4778,15,2003.0,3,455,0.23,0.4
4779,15,2001.0,10,455,0.23,0.4
4780,0,1983.0,1,53,0.38,0.4
4781,17,2008.0,3,126,0.08,0.4
4782,2,2014.0,9,359,0.0,0.4
4783,28,2007.0,0,524,0.36,0.4
4784,0,1981.0,0,94,0.38,0.4
4785,26,2010.0,0,445,0.17,0.4
4786,20,2014.0,3,445,0.13,0.4
4787,28,2007.0,11,91,0.34,0.4
4788,7,2003.0,4,487,0.31,0.4
4789,17,2007.0,0,21,0.32,0.4
4790,17,2008.0,10,445,0.13,0.4
4792,27,2013.0,7,464,0.0,0.4
4793,17,2008.0,4,487,0.12,0.4
4794,5,1997.0,7,238,0.0,0.4
4795,16,2009.0,10,493,0.33,0.4
4796,16,2002.0,3,325,0.2,0.4
4798,26,2012.0,0,21,0.38,0.4
4799,26,2009.0,3,347,0.0,0.4
4800,17,2014.0,0,464,0.1,0.4
4801,0,1982.0,0,445,0.37,0.4
4802,16,2005.0,7,325,0.2,0.4
4803,7,2003.0,10,138,0.31,0.4
4804,4,2005.0,11,359,0.3,0.4
4805,4,2009.0,0,275,0.27,0.4
4806,16,2008.0,0,499,0.0,0.4
4807,19,2005.0,2,487,0.36,0.4
4808,16,2008.0,0,126,0.2,0.4
4809,6,2005.0,0,487,0.29,0.4
4810,15,1997.0,11,455,0.0,0.4
4811,7,2005.0,11,359,0.25,0.4
4812,15,1999.0,10,10,0.22,0.4
4813,7,2004.0,0,487,0.31,0.4
4814,30,2014.0,3,524,0.29,0.4
4815,23,1994.0,2,491,0.0,0.4
4816,30,2014.0,10,138,0.31,0.4
4817,26,2007.0,0,524,0.34,0.4
4818,26,2009.0,0,464,0.22,0.4
4819,17,2009.0,10,23,0.37,0.4
4820,30,2016.0,10,138,0.23,0.4
4821,21,1995.0,2,445,0.0,0.4
4822,15,1999.0,10,10,0.22,0.4
4823,17,2010.0,0,445,0.14,0.4
4824,16,2008.0,4,543,0.12,0.4
4825,19,2011.0,3,347,0.0,0.4
4826,10,1999.0,6,359,0.32,0.4
4827,10,1997.0,6,269,0.32,0.4
4828,10,1999.0,10,17,0.37,0.4
4829,10,1997.0,2,325,0.32,0.4
4830,16,2001.0,6,17,0.2,0.4
4831,16,2004.0,3,53,0.33,0.4
4832,15,1999.0,4,241,0.22,0.4
4833,28,2010.0,10,138,0.27,0.4
4834,4,2009.0,1,160,0.06,0.4
4835,16,2007.0,6,21,0.2,0.4
4836,16,2005.0,10,455,0.33,0.4
4837,28,2009.0,0,288,0.18,0.4
4838,16,2007.0,10,6,0.2,0.4
4839,13,2010.0,0,493,0.17,0.4
4840,6,2001.0,0,487,0.29,0.4
4841,26,2009.0,0,487,0.38,0.4
4842,29,2005.0,6,487,0.32,0.4
4843,7,2006.0,0,325,0.31,0.4
4844,4,2009.0,0,445,0.22,0.4
4845,7,2004.0,9,138,0.24,0.4
4846,15,1999.0,6,138,0.22,0.4
4847,6,2006.0,7,359,0.0,0.4
4848,6,2004.0,0,487,0.29,0.4
4849,4,2007.0,5,137,0.34,0.4
4850,28,2010.0,10,21,0.32,0.4
4851,28,2009.0,2,487,0.2,0.4
4852,27,2014.0,10,359,0.19,0.4
4853,28,2007.0,0,137,0.12,0.4
4854,15,1999.0,3,543,0.22,0.4
4855,23,1995.0,7,87,0.0,0.4
4856,27,2013.0,4,445,0.24,0.4
4857,17,2008.0,0,445,0.17,0.4
4859,7,2002.0,8,21,0.31,0.4
4860,29,2001.0,10,138,0.35,0.4
4861,15,2000.0,1,455,0.0,0.4
4862,17,2012.0,9,347,0.09,0.4
4863,16,2003.0,4,455,0.19,0.4
4864,15,1996.0,11,540,0.22,0.4
4866,17,2010.0,10,138,0.22,0.4
4867,13,2010.0,7,138,0.01,0.4
4868,16,2004.0,11,347,0.0,0.4
4869,7,2004.0,8,21,0.31,0.4
4870,4,2010.0,0,547,0.26,0.4
4871,4,2007.0,7,109,0.37,0.4
4872,28,2015.0,1,464,0.17,0.4
4873,28,2006.0,0,137,0.29,0.4
4874,23,1995.0,7,347,0.0,0.4
4875,28,2010.0,7,445,0.23,0.4
4876,16,2005.0,6,256,0.33,0.4
4877,16,2004.0,2,275,0.19,0.39
4878,17,2013.0,3,524,0.17,0.39
4879,16,2007.0,0,493,0.19,0.39
4880,29,2005.0,0,21,0.26,0.39
4881,17,2013.0,6,91,0.07,0.39
4882,2,2012.0,0,547,0.19,0.39
4883,16,2007.0,6,487,0.19,0.39
4884,17,2015.0,0,21,0.15,0.39
4885,10,1998.0,10,138,0.38,0.39
4886,26,2009.0,10,493,0.36,0.39
4887,17,2011.0,7,464,0.17,0.39
4888,17,2008.0,0,445,0.14,0.39
4889,26,2007.0,10,6,0.36,0.39
4890,4,2008.0,6,21,0.37,0.39
4891,19,2011.0,7,281,0.0,0.39
4892,15,2000.0,6,214,0.22,0.39
4893,15,1997.0,2,540,0.22,0.39
4894,0,1982.0,6,305,0.37,0.39
4895,16,2002.0,8,347,0.0,0.39
4896,6,2003.0,0,487,0.28,0.39
4897,26,2008.0,2,511,0.34,0.39
4898,16,2008.0,10,138,0.32,0.39
4899,19,2011.0,0,288,0.14,0.39
4900,29,2002.0,8,445,0.29,0.39
4901,26,2008.0,7,430,0.18,0.39
4902,6,2002.0,7,359,0.0,0.39
4903,19,2009.0,0,487,0.39,0.39
4904,2,2011.0,10,138,0.08,0.39
4905,4,2008.0,10,524,0.36,0.39
4906,28,2012.0,8,493,0.24,0.39
4907,19,2008.0,10,138,0.23,0.39
4908,0,1981.0,0,21,0.37,0.39
4909,4,2008.0,3,21,0.36,0.39
4910,19,2006.0,4,455,0.14,0.39
4911,15,1998.0,10,493,0.22,0.39
4912,4,2008.0,3,487,0.36,0.39
4913,7,2004.0,3,359,0.3,0.39
4914,18,2013.0,3,524,0.18,0.39
4915,17,2013.0,1,275,0.31,0.39
4916,15,2001.0,7,146,0.0,0.39
4917,2,2012.0,7,347,0.18,0.39
4918,28,2011.0,8,487,0.18,0.39
4919,20,2012.0,6,455,0.14,0.39
4920,4,2009.0,6,138,0.22,0.39
4921,26,2011.0,1,359,0.19,0.39
4922,4,2005.0,4,359,0.34,0.39
4923,28,2010.0,10,138,0.18,0.39
4924,2,2011.0,11,524,0.25,0.39
4925,26,2011.0,3,347,0.0,0.39
4926,13,2005.0,11,323,0.0,0.39
4927,29,2003.0,10,138,0.29,0.39
4928,17,2015.0,10,455,0.3,0.39
4929,6,2004.0,10,138,0.28,0.39
4930,10,1999.0,10,17,0.36,0.39
4931,10,2000.0,2,359,0.0,0.39
4932,10,1998.0,6,17,0.31,0.39
4933,10,1999.0,0,4,0.31,0.39
4935,7,2005.0,1,359,0.23,0.39
4936,13,2009.0,9,524,0.0,0.39
4937,16,2003.0,3,455,0.19,0.39
4938,26,2008.0,3,21,0.36,0.39
4939,16,2000.0,2,524,0.16,0.39
4940,16,2002.0,0,137,0.19,0.39
4941,26,2010.0,3,547,0.37,0.39
4942,27,2012.0,0,21,0.23,0.39
4943,27,2012.0,3,524,0.22,0.39
4944,23,1991.0,2,225,0.0,0.39
4945,16,2005.0,10,21,0.19,0.39
4946,17,2006.0,7,21,0.33,0.39
4947,4,2009.0,1,487,0.24,0.39
4948,17,2008.0,6,85,0.07,0.39
4949,26,2008.0,9,524,0.34,0.39
4950,16,2003.0,3,524,0.19,0.39
4951,17,2013.0,10,138,0.16,0.39
4952,23,1992.0,2,491,0.0,0.39
4953,28,2013.0,9,160,0.22,0.39
4954,5,2001.0,7,63,0.0,0.39
4955,26,2007.0,1,524,0.35,0.39
4956,2,2011.0,10,138,0.36,0.39
4957,6,2005.0,9,138,0.28,0.39
4958,16,2006.0,4,543,0.19,0.39
4959,17,2014.0,10,456,0.35,0.39
4960,23,1994.0,10,347,0.0,0.39
4961,16,2002.0,6,85,0.19,0.39
4962,29,2005.0,8,524,0.29,0.39
4963,4,2009.0,3,57,0.26,0.39
4964,26,2009.0,10,6,0.36,0.39
4965,16,2007.0,10,138,0.19,0.39
4966,16,2008.0,3,275,0.19,0.39
4967,0,1981.0,0,116,0.36,0.39
4968,15,1999.0,9,275,0.0,0.39
4969,2,2011.0,0,499,0.12,0.39
4970,28,2006.0,0,137,0.27,0.39
4971,4,2009.0,0,21,0.2,0.39
4972,26,2009.0,3,367,0.0,0.39
4973,6,2003.0,10,138,0.28,0.39
4974,4,2007.0,3,524,0.38,0.38
4975,18,2015.0,0,120,0.13,0.38
4976,16,2003.0,0,487,0.19,0.38
4977,2,2013.0,0,347,0.05,0.38
4978,4,2008.0,7,445,0.16,0.38
4979,15,1996.0,10,139,0.21,0.38
4980,17,2009.0,10,445,0.09,0.38
4981,23,1991.0,10,359,0.0,0.38
4982,16,2003.0,7,193,0.07,0.38
4983,5,1998.0,4,359,0.0,0.38
4984,15,1997.0,6,177,0.21,0.38
4985,20,2013.0,7,362,0.16,0.38
4986,15,1998.0,6,225,0.0,0.38
4987,4,2009.0,9,524,0.24,0.38
4988,29,2004.0,10,445,0.29,0.38
4989,16,2007.0,0,547,0.19,0.38
4990,26,2008.0,10,23,0.36,0.38
4991,26,2009.0,7,430,0.17,0.38
4992,16,2007.0,11,347,0.0,0.38
4993,27,2012.0,0,547,0.17,0.38
4994,17,2008.0,3,126,0.27,0.38
4995,26,2009.0,3,398,0.0,0.38
4996,20,2015.0,7,347,0.0,0.38
4997,17,2010.0,10,70,0.15,0.38
4998,6,2005.0,4,254,0.27,0.38
4999,19,2009.0,2,347,0.13,0.38
5000,16,2001.0,10,455,0.19,0.38
5001,7,2002.0,8,17,0.3,0.38
5002,28,2015.0,8,21,0.22,0.38
5003,4,2007.0,9,53,0.07,0.38
5004,16,2002.0,11,347,0.0,0.38
5005,6,2002.0,0,524,0.27,0.38
5006,16,2008.0,10,445,0.1,0.38
5007,16,2002.0,0,445,0.19,0.38
5008,17,2007.0,10,138,0.29,0.38
5009,21,1995.0,7,55,0.0,0.38
5010,2,2011.0,4,524,0.11,0.38
5011,17,2007.0,10,138,0.35,0.38
5012,7,2005.0,2,138,0.3,0.38
5013,17,2014.0,10,138,0.21,0.38
5014,15,1994.0,10,455,0.11,0.38
5015,30,2016.0,6,323,0.15,0.38
5016,26,2009.0,0,91,0.12,0.38
5017,15,1998.0,0,137,0.21,0.38
5018,15,2000.0,11,347,0.0,0.38
5019,16,2005.0,3,487,0.19,0.38
5020,16,2004.0,6,142,0.19,0.38
5021,2,2013.0,1,85,0.0,0.38
5022,7,2003.0,10,138,0.29,0.38
5023,16,2010.0,10,138,0.19,0.38
5024,18,2015.0,7,347,0.16,0.38
5025,6,2004.0,0,126,0.27,0.38
5026,2,2012.0,0,275,0.15,0.38
5027,16,2003.0,11,53,0.19,0.38
5028,4,2006.0,3,359,0.31,0.38
5029,17,2006.0,10,493,0.3,0.38
5030,15,1996.0,0,347,0.0,0.38
5031,16,2002.0,7,144,0.07,0.38
5032,16,2000.0,8,275,0.19,0.38
5033,5,1991.0,7,465,0.0,0.38
5034,26,2009.0,10,445,0.13,0.38
5035,16,2008.0,4,493,0.19,0.38
5036,16,2008.0,0,445,0.32,0.38
5037,16,2008.0,8,138,0.21,0.38
5038,26,2011.0,10,21,0.34,0.38
5039,17,2010.0,2,138,0.16,0.38
5040,19,2010.0,0,445,0.18,0.38
5041,26,2009.0,6,91,0.11,0.38
5042,21,1996.0,9,275,0.0,0.38
5043,15,1999.0,0,455,0.21,0.38
5044,4,2009.0,3,21,0.13,0.38
5045,29,2002.0,0,246,0.28,0.38
5046,16,2007.0,6,487,0.32,0.38
5047,15,1998.0,6,177,0.21,0.38
5048,23,1995.0,11,63,0.0,0.38
5049,19,2007.0,10,138,0.14,0.38
5050,7,2003.0,1,359,0.24,0.38
5051,19,2011.0,3,347,0.0,0.38
5052,2,2012.0,7,55,0.12,0.38
5053,15,2000.0,6,455,0.21,0.38
5054,15,1999.0,10,9,0.21,0.38
5055,27,2012.0,0,547,0.26,0.38
5056,17,2016.0,10,138,0.02,0.38
5057,13,2011.0,0,487,0.16,0.38
5058,18,2014.0,3,524,0.19,0.38
5059,16,2008.0,0,21,0.12,0.38
5060,26,2010.0,9,21,0.32,0.38
5062,4,2008.0,9,524,0.35,0.38
5063,26,2010.0,3,292,0.22,0.38
5064,0,1982.0,0,53,0.35,0.38
5065,4,2010.0,6,21,0.35,0.38
5066,20,2013.0,0,499,0.05,0.38
5067,16,2004.0,3,455,0.18,0.38
5068,29,2005.0,9,275,0.28,0.38
5069,17,2014.0,2,347,0.0,0.38
5070,16,2010.0,2,487,0.24,0.38
5071,13,2010.0,6,138,0.12,0.38
5072,4,2006.0,4,543,0.34,0.38
5073,2,2011.0,10,275,0.11,0.38
5074,2,2011.0,7,193,0.28,0.38
5075,4,2009.0,7,347,0.13,0.38
5076,26,2009.0,2,487,0.31,0.38
5077,17,2011.0,8,445,0.15,0.38
5079,7,2004.0,0,138,0.29,0.38
5080,28,2005.0,8,21,0.32,0.38
5081,4,2008.0,1,524,0.35,0.37
5082,0,1986.0,8,53,0.35,0.37
5083,4,2008.0,9,524,0.35,0.37
5084,16,2006.0,2,53,0.09,0.37
5085,4,2009.0,9,487,0.35,0.37
5086,27,2012.0,10,524,0.21,0.37
5087,17,2014.0,8,445,0.12,0.37
5088,4,2008.0,2,492,0.19,0.37
5089,17,2009.0,0,275,0.13,0.37
5090,4,2007.0,4,543,0.32,0.37
5091,15,1997.0,2,465,0.0,0.37
5092,4,2010.0,0,443,0.35,0.37
5093,28,2009.0,3,138,0.12,0.37
5094,16,2008.0,10,138,0.16,0.37
5095,7,2005.0,0,21,0.29,0.37
5096,18,2016.0,1,464,0.14,0.37
5097,28,2007.0,7,323,0.18,0.37
5098,29,2002.0,10,323,0.28,0.37
5099,26,2007.0,10,493,0.34,0.37
5100,28,2006.0,10,461,0.34,0.37
5101,15,1994.0,8,455,0.08,0.37
5102,16,2006.0,9,524,0.18,0.37
5103,26,2009.0,0,137,0.17,0.37
5104,13,2016.0,8,524,0.2,0.37
5105,19,2011.0,7,445,0.0,0.37
5106,4,2008.0,9,524,0.34,0.37
5107,30,2015.0,0,547,0.21,0.37
5108,7,2002.0,4,487,0.29,0.37
5109,16,2003.0,10,348,0.18,0.37
5110,16,2004.0,10,21,0.18,0.37
5111,19,2010.0,0,524,0.09,0.37
5112,16,2006.0,0,325,0.18,0.37
5113,16,2002.0,10,4,0.18,0.37
5114,19,2010.0,10,138,0.35,0.37
5115,23,1994.0,10,225,0.0,0.37
5116,21,1995.0,8,445,0.0,0.37
5117,26,2011.0,10,138,0.21,0.37
5118,13,2011.0,8,66,0.14,0.37
5119,16,2007.0,0,21,0.31,0.37
5120,15,1998.0,1,455,0.0,0.37
5121,28,2011.0,7,464,0.21,0.37
5122,19,2007.0,6,487,0.06,0.37
5123,26,2009.0,10,122,0.35,0.37
5124,10,2000.0,7,87,0.0,0.37
5125,10,1999.0,8,17,0.3,0.37
5126,10,2000.0,0,487,0.3,0.37
5127,0,1981.0,0,237,0.35,0.37
5128,7,2004.0,7,359,0.29,0.37
5129,19,2012.0,0,138,0.05,0.37
5130,17,2009.0,11,138,0.14,0.37
5131,19,2007.0,0,138,0.1,0.37
5132,13,2008.0,11,445,0.0,0.37
5133,7,2002.0,0,359,0.28,0.37
5134,4,2007.0,5,347,0.0,0.37
5135,6,2003.0,10,272,0.26,0.37
5136,17,2009.0,4,85,0.12,0.37
5137,28,2009.0,8,547,0.17,0.37
5138,6,2003.0,1,464,0.0,0.37
5139,18,2015.0,0,66,0.11,0.37
5140,19,2006.0,7,21,0.33,0.37
5141,19,2005.0,10,138,0.34,0.37
5142,23,1994.0,11,63,0.0,0.37
5143,16,2006.0,10,138,0.17,0.37
5144,10,1999.0,10,275,0.37,0.37
5145,2,2014.0,3,464,0.13,0.37
5146,4,2005.0,9,359,0.3,0.37
5147,23,1994.0,7,55,0.0,0.37
5148,16,2006.0,7,347,0.09,0.37
5149,26,2008.0,9,182,0.34,0.37
5150,13,2014.0,11,493,0.11,0.37
5151,13,2011.0,0,138,0.09,0.37
5152,3,1998.0,2,445,0.0,0.37
5153,17,2011.0,0,21,0.11,0.37
5154,5,1997.0,11,13,0.0,0.37
5155,18,2013.0,4,21,0.2,0.37
5156,20,2012.0,0,547,0.17,0.37
5157,18,2015.0,3,213,0.25,0.37
5158,13,2009.0,8,532,0.0,0.37
5159,16,2007.0,9,138,0.3,0.37
5160,19,2006.0,10,138,0.34,0.37
5161,26,2008.0,0,126,0.31,0.36
5163,4,2009.0,6,21,0.25,0.36
5164,4,2007.0,10,53,0.33,0.36
5165,7,2004.0,8,138,0.28,0.36
5166,23,1994.0,10,311,0.0,0.36
5167,16,2008.0,2,347,0.08,0.36
5168,21,1996.0,1,140,0.0,0.36
5169,28,2010.0,0,524,0.24,0.36
5170,16,2001.0,10,275,0.18,0.36
5172,18,2016.0,0,85,0.09,0.36
5173,23,1994.0,2,225,0.0,0.36
5174,23,1993.0,2,347,0.0,0.36
5175,16,2002.0,1,87,0.0,0.36
5176,16,2003.0,10,4,0.18,0.36
5177,16,2005.0,0,543,0.18,0.36
5178,16,2005.0,8,325,0.18,0.36
5179,4,2010.0,2,347,0.0,0.36
5180,19,2006.0,7,464,0.17,0.36
5181,19,2008.0,10,138,0.07,0.36
5182,28,2013.0,0,120,0.17,0.36
5183,28,2013.0,10,138,0.21,0.36
5184,19,2008.0,4,455,0.21,0.36
5185,16,2001.0,9,499,0.11,0.36
5186,16,2005.0,0,487,0.18,0.36
5187,28,2010.0,0,21,0.24,0.36
5188,28,2009.0,2,381,0.21,0.36
5189,15,1997.0,9,21,0.2,0.36
5190,17,2013.0,8,109,0.04,0.36
5191,6,2002.0,0,359,0.26,0.36
5192,16,2001.0,7,455,0.14,0.36
5193,26,2009.0,3,524,0.33,0.36
5194,15,1997.0,0,347,0.0,0.36
5197,4,2008.0,6,547,0.29,0.36
5198,26,2009.0,10,493,0.33,0.36
5199,27,2012.0,0,524,0.19,0.36
5200,23,1997.0,4,359,0.0,0.36
5201,15,1997.0,10,467,0.2,0.36
5202,16,2000.0,10,455,0.18,0.36
5203,29,2005.0,0,493,0.27,0.36
5204,11,1993.0,0,372,0.25,0.36
5205,10,1997.0,0,275,0.07,0.36
5206,10,1997.0,5,359,0.29,0.36
5207,10,2000.0,0,487,0.29,0.36
5208,20,2013.0,2,299,0.13,0.36
5209,26,2008.0,10,566,0.33,0.36
5210,15,2001.0,6,21,0.2,0.36
5211,17,2009.0,3,21,0.2,0.36
5212,6,2001.0,10,21,0.26,0.36
5213,26,2008.0,10,66,0.33,0.36
5214,29,2004.0,9,323,0.27,0.36
5215,13,2014.0,0,547,0.12,0.36
5216,6,2002.0,9,258,0.0,0.36
5217,23,1994.0,7,279,0.0,0.36
5218,27,2013.0,8,21,0.23,0.36
5219,15,1999.0,6,277,0.2,0.36
5220,26,2011.0,10,493,0.3,0.36
5221,26,2009.0,2,524,0.33,0.36
5222,28,2011.0,3,323,0.27,0.36
5223,29,2003.0,10,445,0.27,0.36
5224,4,2007.0,6,121,0.33,0.36
5225,16,2005.0,2,53,0.0,0.36
5226,28,2015.0,3,524,0.23,0.36
5227,4,2007.0,11,487,0.07,0.36
5228,16,2004.0,10,564,0.18,0.36
5229,16,2004.0,10,445,0.0,0.36
5230,17,2010.0,0,85,0.18,0.36
5231,17,2012.0,8,21,0.11,0.36
5232,19,2012.0,11,347,0.0,0.36
5233,26,2011.0,2,487,0.24,0.36
5234,16,2003.0,4,493,0.18,0.36
5235,16,2003.0,7,455,0.18,0.36
5236,15,2000.0,9,275,0.0,0.36
5237,17,2008.0,1,445,0.0,0.36
5238,26,2009.0,3,330,0.0,0.36
5239,6,2001.0,11,63,0.0,0.36
5241,26,2007.0,0,564,0.33,0.36
5242,13,2013.0,11,487,0.06,0.36
5243,17,2013.0,8,515,0.19,0.36
5244,26,2011.0,3,367,0.0,0.36
5245,15,1995.0,2,353,0.0,0.36
5246,0,1981.0,0,305,0.33,0.36
5247,26,2010.0,9,275,0.29,0.36
5248,29,2002.0,0,138,0.27,0.36
5249,28,2010.0,2,138,0.23,0.36
5250,19,2011.0,7,347,0.0,0.36
5251,15,1998.0,6,17,0.2,0.36
5252,23,1994.0,4,275,0.0,0.36
5253,17,2008.0,3,138,0.25,0.36
5254,4,2010.0,4,85,0.21,0.36
5255,16,2001.0,6,325,0.17,0.36
5256,19,2009.0,0,138,0.24,0.36
5257,16,2009.0,10,493,0.17,0.36
5258,19,2009.0,10,445,0.0,0.36
5259,3,1999.0,10,445,0.0,0.36
5260,4,2008.0,1,493,0.33,0.36
5261,15,1997.0,6,413,0.06,0.36
5262,29,2001.0,4,485,0.25,0.36
5263,4,2009.0,1,524,0.16,0.35
5264,19,2007.0,8,455,0.32,0.35
5265,15,1998.0,0,455,0.2,0.35
5266,26,2006.0,9,359,0.28,0.35
5267,6,2005.0,10,53,0.25,0.35
5268,30,2016.0,7,347,0.23,0.35
5269,16,2005.0,10,564,0.17,0.35
5270,7,2005.0,1,487,0.27,0.35
5271,16,2006.0,7,275,0.08,0.35
5272,5,1996.0,5,359,0.0,0.35
5273,17,2013.0,0,85,0.1,0.35
5274,26,2007.0,11,359,0.22,0.35
5275,16,2004.0,10,198,0.17,0.35
5276,26,2010.0,3,487,0.25,0.35
5277,2,2013.0,0,347,0.0,0.35
5278,17,2010.0,10,445,0.09,0.35
5279,16,2003.0,3,224,0.0,0.35
5280,17,2009.0,0,137,0.14,0.35
5281,28,2012.0,2,347,0.19,0.35
5282,16,2003.0,0,524,0.17,0.35
5283,6,2002.0,0,21,0.25,0.35
5284,29,2003.0,10,564,0.26,0.35
5285,28,2009.0,8,547,0.13,0.35
5286,16,2006.0,10,275,0.0,0.35
5287,2,2014.0,7,359,0.08,0.35
5288,27,2016.0,8,359,0.16,0.35
5289,23,1995.0,0,279,0.04,0.35
5290,4,2009.0,0,137,0.17,0.35
5291,23,1993.0,6,359,0.0,0.35
5292,16,2001.0,2,540,0.15,0.35
5293,16,2003.0,6,487,0.17,0.35
5294,15,2000.0,7,55,0.03,0.35
5295,6,2003.0,0,487,0.25,0.35
5296,4,2011.0,2,347,0.0,0.35
5297,17,2011.0,2,347,0.2,0.35
5298,26,2010.0,3,275,0.31,0.35
5299,4,2008.0,9,138,0.3,0.35
5300,26,2009.0,1,126,0.13,0.35
5301,26,2013.0,11,21,0.21,0.35
5303,4,2007.0,4,85,0.23,0.35
5304,10,2000.0,10,275,0.0,0.35
5305,17,2013.0,8,88,0.05,0.35
5306,17,2010.0,10,524,0.11,0.35
5307,26,2011.0,0,138,0.18,0.35
5308,28,2010.0,11,464,0.23,0.35
5309,16,2003.0,0,85,0.17,0.35
5310,7,2006.0,6,138,0.27,0.35
5311,6,2003.0,0,487,0.25,0.35
5312,4,2005.0,0,487,0.32,0.35
5313,16,2004.0,4,487,0.17,0.35
5314,15,2000.0,0,487,0.19,0.35
5315,29,2003.0,3,323,0.26,0.35
5316,28,2011.0,2,487,0.18,0.35
5317,17,2010.0,8,455,0.13,0.35
5318,16,2007.0,10,493,0.17,0.35
5319,16,2009.0,3,21,0.17,0.35
5320,16,2002.0,2,441,0.09,0.35
5321,28,2008.0,6,85,0.11,0.35
5322,19,2010.0,11,275,0.13,0.35
5323,17,2008.0,8,21,0.23,0.35
5324,16,2005.0,8,524,0.17,0.35
5325,15,2001.0,7,347,0.0,0.35
5326,16,2008.0,4,77,0.17,0.35
5327,16,2002.0,10,17,0.17,0.35
5328,16,2003.0,3,275,0.17,0.35
5329,7,2004.0,10,138,0.27,0.35
5330,4,2008.0,3,365,0.32,0.35
5331,16,2003.0,8,543,0.17,0.35
5332,18,2015.0,9,273,0.1,0.35
5333,16,2000.0,10,275,0.0,0.35
5334,15,1998.0,6,10,0.19,0.35
5335,16,2000.0,7,524,0.1,0.35
5336,28,2007.0,0,138,0.3,0.35
5337,15,1999.0,7,263,0.19,0.35
5338,21,1996.0,2,85,0.0,0.35
5339,16,2002.0,4,487,0.17,0.35
5340,4,2010.0,1,126,0.18,0.35
5341,19,2006.0,10,455,0.32,0.35
5342,17,2012.0,6,91,0.06,0.35
5343,7,2006.0,4,21,0.27,0.35
5344,19,2011.0,2,347,0.09,0.35
5345,18,2015.0,3,524,0.16,0.35
5346,16,2005.0,1,198,0.17,0.35
5347,4,2007.0,0,126,0.3,0.35
5348,28,2008.0,10,138,0.08,0.35
5349,15,1998.0,5,455,0.0,0.34
5350,4,2009.0,9,524,0.32,0.34
5351,6,2005.0,3,564,0.25,0.34
5352,19,2011.0,11,347,0.0,0.34
5353,19,2011.0,0,126,0.11,0.34
5354,6,2002.0,4,487,0.25,0.34
5355,16,2008.0,3,126,0.17,0.34
5356,16,2006.0,0,499,0.11,0.34
5357,3,1999.0,2,347,0.0,0.34
5358,15,1999.0,6,413,0.19,0.34
5359,4,2007.0,7,359,0.2,0.34
5360,17,2007.0,0,487,0.13,0.34
5361,6,2004.0,4,359,0.1,0.34
5362,30,2014.0,0,21,0.25,0.34
5363,4,2007.0,0,487,0.31,0.34
5364,28,2006.0,8,543,0.28,0.34
5365,28,2006.0,0,323,0.27,0.34
5366,0,1980.0,0,21,0.32,0.34
5367,6,2002.0,0,53,0.25,0.34
5368,16,2003.0,9,499,0.08,0.34
5369,4,2010.0,0,445,0.15,0.34
5370,26,2010.0,0,88,0.15,0.34
5371,16,2004.0,1,126,0.17,0.34
5372,21,1995.0,8,445,0.0,0.34
5373,28,2011.0,0,138,0.19,0.34
5374,16,2009.0,6,455,0.07,0.34
5375,6,2004.0,4,487,0.25,0.34
5376,4,2010.0,7,55,0.24,0.34
5377,15,1997.0,2,540,0.19,0.34
5378,16,2000.0,5,17,0.17,0.34
5379,29,2004.0,8,137,0.26,0.34
5380,16,2001.0,9,137,0.17,0.34
5381,0,1982.0,0,228,0.32,0.34
5382,0,1983.0,0,21,0.32,0.34
5383,28,2016.0,0,547,0.17,0.34
5384,28,2005.0,0,323,0.28,0.34
5385,26,2011.0,0,347,0.29,0.34
5386,7,2005.0,2,487,0.26,0.34
5387,17,2009.0,0,499,0.14,0.34
5388,29,2004.0,9,138,0.22,0.34
5389,0,1981.0,0,2,0.32,0.34
5390,26,2011.0,0,524,0.13,0.34
5391,26,2007.0,0,21,0.31,0.34
5392,17,2012.0,0,275,0.15,0.34
5393,21,1995.0,2,540,0.0,0.34
5394,10,1998.0,6,177,0.27,0.34
5395,0,1982.0,0,2,0.32,0.34
5396,17,2009.0,0,138,0.15,0.34
5397,2,2011.0,11,524,0.22,0.34
5398,15,1998.0,3,13,0.19,0.34
5399,26,2008.0,6,487,0.29,0.34
5400,0,1981.0,8,94,0.32,0.34
5401,19,2007.0,10,445,0.0,0.34
5402,16,2004.0,1,543,0.17,0.34
5403,17,2011.0,0,138,0.14,0.34
5404,29,2006.0,10,138,0.25,0.34
5405,4,2007.0,3,224,0.0,0.34
5406,15,1997.0,8,455,0.05,0.34
5407,4,2009.0,5,407,0.31,0.34
5408,4,2008.0,3,6,0.31,0.34
5409,30,2014.0,4,524,0.13,0.34
5410,4,2007.0,5,109,0.28,0.34
5411,19,2008.0,7,464,0.14,0.34
5412,4,2008.0,9,365,0.3,0.34
5413,15,1998.0,0,455,0.19,0.34
5414,28,2011.0,10,222,0.09,0.34
5415,29,2002.0,6,325,0.25,0.34
5416,2,2013.0,11,21,0.15,0.34
5417,4,2008.0,9,524,0.31,0.34
5418,17,2008.0,10,138,0.29,0.34
5419,30,2013.0,9,323,0.18,0.34
5420,6,2005.0,6,126,0.24,0.34
5421,13,2011.0,9,138,0.11,0.34
5422,7,2003.0,0,275,0.26,0.34
5423,4,2009.0,9,137,0.21,0.34
5424,16,2009.0,3,126,0.1,0.34
5425,17,2010.0,3,455,0.0,0.34
5426,18,2016.0,7,55,0.0,0.34
5427,17,2007.0,3,455,0.28,0.34
5428,28,2007.0,0,126,0.29,0.34
5429,20,2012.0,6,455,0.17,0.34
5430,16,2008.0,0,347,0.04,0.34
5431,4,2011.0,0,347,0.27,0.34
5432,15,1996.0,0,138,0.19,0.34
5433,16,2001.0,6,53,0.16,0.34
5434,4,2006.0,1,487,0.3,0.34
5435,28,2015.0,8,138,0.17,0.34
5436,29,2005.0,8,368,0.25,0.34
5437,4,2009.0,0,296,0.12,0.34
5438,16,2005.0,3,378,0.16,0.34
5439,17,2011.0,0,19,0.0,0.33
5440,17,2011.0,8,91,0.06,0.33
5441,28,2009.0,0,323,0.14,0.33
5442,29,2006.0,8,524,0.21,0.33
5443,4,2009.0,0,21,0.17,0.33
5444,28,2008.0,8,288,0.15,0.33
5445,15,1996.0,6,255,0.06,0.33
5446,26,2011.0,7,359,0.13,0.33
5447,17,2012.0,0,445,0.09,0.33
5448,28,2011.0,2,430,0.23,0.33
5449,16,2003.0,1,524,0.16,0.33
5450,6,2003.0,4,487,0.24,0.33
5451,15,1998.0,5,455,0.06,0.33
5452,26,2010.0,3,120,0.0,0.33
5453,4,2007.0,7,347,0.14,0.33
5454,19,2006.0,2,85,0.27,0.33
5455,19,2006.0,7,524,0.14,0.33
5456,28,2009.0,10,445,0.12,0.33
5457,15,1998.0,0,137,0.19,0.33
5458,19,2009.0,7,347,0.0,0.33
5459,26,2011.0,3,21,0.31,0.33
5460,26,2010.0,0,445,0.15,0.33
5461,19,2004.0,3,455,0.13,0.33
5462,17,2012.0,8,493,0.14,0.33
5463,17,2009.0,3,455,0.0,0.33
5464,26,2009.0,7,21,0.26,0.33
5465,20,2011.0,2,85,0.2,0.33
5466,7,2003.0,2,487,0.26,0.33
5467,4,2007.0,5,359,0.14,0.33
5468,7,2005.0,9,138,0.26,0.33
5469,29,2003.0,0,527,0.25,0.33
5470,28,2007.0,0,524,0.29,0.33
5471,26,2009.0,8,566,0.31,0.33
5472,26,2010.0,3,109,0.31,0.33
5473,16,2001.0,4,455,0.12,0.33
5474,29,2003.0,8,137,0.25,0.33
5475,28,2010.0,7,445,0.12,0.33
5476,26,2008.0,9,524,0.3,0.33
5477,16,2002.0,0,455,0.16,0.33
5478,29,2001.0,6,138,0.25,0.33
5479,19,2006.0,7,455,0.21,0.33
5480,17,2009.0,10,138,0.31,0.33
5481,15,1999.0,9,275,0.0,0.33
5482,18,2015.0,2,499,0.09,0.33
5483,7,2004.0,4,487,0.26,0.33
5484,17,2011.0,10,6,0.0,0.33
5485,13,2012.0,0,138,0.14,0.33
5486,16,2002.0,10,21,0.16,0.33
5487,6,2005.0,0,21,0.24,0.33
5488,27,2014.0,0,445,0.21,0.33
5489,16,2002.0,2,17,0.16,0.33
5490,15,1999.0,10,347,0.0,0.33
5491,20,2011.0,4,455,0.15,0.33
5492,28,2012.0,0,275,0.22,0.33
5493,5,1990.0,10,347,0.0,0.33
5494,23,1994.0,10,224,0.0,0.33
5495,26,2009.0,0,296,0.17,0.33
5496,19,2006.0,3,85,0.26,0.33
5497,4,2008.0,10,138,0.3,0.33
5498,16,2009.0,10,455,0.16,0.33
5499,18,2016.0,7,464,0.1,0.33
5500,16,2001.0,10,455,0.16,0.33
5501,6,2004.0,4,359,0.17,0.33
5502,17,2014.0,2,347,0.1,0.33
5503,16,2009.0,0,547,0.14,0.33
5504,29,2006.0,2,138,0.26,0.33
5505,6,2001.0,6,487,0.24,0.33
5506,16,2003.0,0,85,0.05,0.33
5507,17,2008.0,10,138,0.08,0.33
5509,10,1998.0,0,4,0.26,0.33
5510,19,2011.0,3,445,0.0,0.33
5511,28,2009.0,11,137,0.17,0.33
5512,15,1998.0,4,21,0.18,0.33
5513,16,2006.0,7,499,0.09,0.33
5514,17,2010.0,10,21,0.26,0.33
5515,28,2010.0,10,224,0.27,0.33
5516,16,2002.0,1,85,0.1,0.33
5517,23,1991.0,10,63,0.0,0.33
5518,4,2008.0,1,443,0.31,0.33
5519,17,2011.0,0,126,0.15,0.33
5520,7,2005.0,8,21,0.25,0.33
5521,26,2006.0,0,275,0.22,0.33
5522,19,2007.0,11,487,0.11,0.33
5523,28,2013.0,6,91,0.01,0.33
5524,16,2003.0,7,499,0.16,0.33
5525,16,2005.0,2,232,0.16,0.33
5526,26,2007.0,10,138,0.29,0.33
5527,19,2009.0,6,455,0.09,0.33
5528,17,2009.0,6,524,0.12,0.33
5529,7,2006.0,4,487,0.25,0.33
5530,4,2009.0,9,460,0.28,0.33
5531,19,2008.0,10,455,0.3,0.33
5532,28,2011.0,3,524,0.2,0.33
5533,15,1994.0,8,275,0.0,0.33
5534,6,2003.0,4,126,0.24,0.33
5535,3,2001.0,1,445,0.0,0.33
5536,4,2011.0,0,57,0.12,0.33
5537,15,2000.0,10,455,0.18,0.33
5538,6,2003.0,3,487,0.24,0.33
5539,17,2013.0,11,21,0.1,0.33
5540,7,2005.0,2,511,0.0,0.33
5541,23,1991.0,11,347,0.0,0.33
5542,26,2010.0,4,109,0.19,0.33
5543,28,2008.0,0,445,0.19,0.33
5544,4,2010.0,0,138,0.22,0.33
5545,7,2005.0,10,138,0.25,0.33
5546,4,2007.0,3,432,0.0,0.33
5547,28,2011.0,3,493,0.14,0.33
5548,28,2007.0,7,53,0.19,0.33
5549,15,1997.0,3,491,0.0,0.33
5550,4,2007.0,10,138,0.29,0.33
5551,15,1996.0,10,138,0.16,0.33
5552,17,2010.0,0,347,0.09,0.33
5553,17,2007.0,7,455,0.2,0.33
5554,2,2015.0,2,347,0.12,0.33
5555,16,2007.0,0,499,0.0,0.33
5556,30,2014.0,8,6,0.19,0.33
5557,7,2006.0,0,487,0.25,0.33
5558,17,2011.0,0,85,0.11,0.33
5559,0,1983.0,0,391,0.31,0.33
5560,4,2010.0,7,55,0.13,0.33
5561,20,2012.0,0,547,0.1,0.33
5562,7,2005.0,10,138,0.25,0.33
5563,26,2008.0,3,275,0.3,0.33
5564,0,1981.0,0,468,0.3,0.33
5565,27,2013.0,0,547,0.2,0.33
5566,4,2009.0,9,6,0.3,0.33
5567,6,2005.0,5,359,0.12,0.33
5568,26,2006.0,2,445,0.22,0.33
5569,15,1995.0,2,511,0.0,0.33
5570,29,2006.0,10,493,0.24,0.33
5571,16,2004.0,3,400,0.16,0.33
5572,20,2014.0,0,455,0.14,0.33
5573,13,2011.0,8,138,0.13,0.33
5574,17,2010.0,3,275,0.25,0.33
5575,28,2009.0,0,91,0.15,0.32
5576,19,2009.0,10,493,0.3,0.32
5577,17,2014.0,2,347,0.04,0.32
5578,13,2008.0,7,53,0.32,0.32
5579,6,2004.0,0,275,0.23,0.32
5580,16,2004.0,0,487,0.16,0.32
5581,19,2012.0,2,347,0.0,0.32
5582,13,2013.0,0,547,0.13,0.32
5583,16,2003.0,8,543,0.16,0.32
5584,15,1999.0,10,138,0.18,0.32
5585,17,2015.0,0,85,0.06,0.32
5586,28,2006.0,6,53,0.23,0.32
5587,17,2008.0,0,445,0.13,0.32
5588,20,2012.0,10,138,0.3,0.32
5589,4,2008.0,0,487,0.18,0.32
5590,28,2009.0,10,138,0.3,0.32
5591,28,2012.0,2,525,0.19,0.32
5592,4,2011.0,7,193,0.17,0.32
5593,10,1998.0,10,17,0.3,0.32
5594,4,2008.0,3,224,0.0,0.32
5595,30,2016.0,0,547,0.18,0.32
5596,19,2009.0,2,347,0.15,0.32
5597,16,2001.0,6,455,0.16,0.32
5598,28,2007.0,5,347,0.14,0.32
5599,15,1997.0,5,17,0.18,0.32
5600,29,2005.0,10,138,0.28,0.32
5601,17,2009.0,0,91,0.11,0.32
5602,15,2002.0,7,144,0.0,0.32
5603,19,2010.0,8,138,0.12,0.32
5604,4,2010.0,4,109,0.22,0.32
5605,26,2008.0,6,564,0.3,0.32
5606,13,2009.0,0,137,0.0,0.32
5607,28,2007.0,0,543,0.27,0.32
5608,28,2008.0,4,543,0.16,0.32
5609,28,2006.0,8,493,0.27,0.32
5610,26,2009.0,3,493,0.3,0.32
5611,15,1996.0,0,138,0.05,0.32
5612,15,1997.0,10,455,0.18,0.32
5613,18,2014.0,0,464,0.09,0.32
5614,28,2005.0,10,21,0.28,0.32
5615,15,1999.0,9,524,0.11,0.32
5616,28,2014.0,8,6,0.16,0.32
5617,16,2003.0,2,53,0.0,0.32
5619,13,2010.0,11,524,0.0,0.32
5620,16,2008.0,0,493,0.16,0.32
5621,18,2016.0,0,524,0.03,0.32
5622,4,2009.0,10,487,0.18,0.32
5623,28,2011.0,3,565,0.3,0.32
5624,16,2005.0,8,524,0.16,0.32
5626,28,2007.0,9,275,0.3,0.32
5627,26,2009.0,9,138,0.15,0.32
5628,7,2003.0,0,524,0.25,0.32
5629,16,2000.0,9,455,0.16,0.32
5630,10,1997.0,10,275,0.15,0.32
5631,15,2000.0,4,524,0.18,0.32
5632,5,1995.0,5,359,0.0,0.32
5633,18,2016.0,6,91,0.03,0.32
5634,6,2001.0,0,296,0.23,0.32
5635,15,2000.0,10,138,0.18,0.32
5636,4,2011.0,3,379,0.0,0.32
5637,15,1997.0,6,455,0.18,0.32
5638,26,2007.0,10,53,0.27,0.32
5639,16,2003.0,4,275,0.16,0.32
5640,15,1995.0,3,138,0.18,0.32
5641,19,2008.0,10,524,0.26,0.32
5642,16,2004.0,3,275,0.16,0.32
5643,26,2008.0,10,524,0.0,0.32
5644,16,2001.0,9,13,0.0,0.32
5645,21,1995.0,2,540,0.0,0.32
5646,15,1999.0,10,275,0.0,0.32
5648,16,2002.0,2,524,0.16,0.32
5649,19,2005.0,2,138,0.29,0.32
5650,6,2005.0,4,487,0.23,0.32
5651,11,1991.0,5,62,0.0,0.32
5652,28,2009.0,0,138,0.17,0.32
5653,16,2003.0,10,21,0.16,0.32
5654,16,2009.0,3,292,0.16,0.32
5655,4,2009.0,5,433,0.14,0.32
5656,6,2002.0,1,60,0.23,0.32
5658,0,1982.0,0,116,0.3,0.32
5659,15,1997.0,1,17,0.18,0.32
5660,4,2008.0,10,146,0.0,0.32
5661,18,2016.0,4,138,0.1,0.32
5662,19,2007.0,0,493,0.04,0.32
5663,29,2002.0,10,445,0.24,0.32
5664,26,2008.0,7,137,0.28,0.32
5665,26,2010.0,11,464,0.0,0.32
5666,23,1993.0,7,224,0.0,0.32
5667,16,2003.0,2,347,0.0,0.32
5668,6,2002.0,3,53,0.23,0.32
5670,15,1997.0,9,225,0.0,0.32
5671,15,1997.0,11,63,0.0,0.32
5672,23,1994.0,7,465,0.0,0.32
5673,29,2003.0,10,323,0.24,0.32
5674,6,2001.0,10,138,0.23,0.32
5675,16,2008.0,10,138,0.03,0.32
5676,28,2007.0,8,91,0.28,0.32
5677,4,2009.0,9,138,0.29,0.32
5678,29,2004.0,11,120,0.24,0.32
5679,16,2001.0,6,189,0.16,0.32
5680,28,2010.0,10,21,0.28,0.32
5681,23,1996.0,3,224,0.0,0.32
5682,15,2001.0,0,487,0.18,0.32
5683,16,2000.0,11,499,0.08,0.32
5684,19,2007.0,0,21,0.08,0.32
5685,28,2011.0,1,120,0.2,0.32
5686,28,2010.0,2,381,0.23,0.32
5687,16,2002.0,1,455,0.15,0.32
5688,16,2009.0,3,21,0.1,0.32
5689,19,2007.0,6,455,0.13,0.32
5690,4,2008.0,3,275,0.0,0.32
5691,30,2015.0,3,524,0.24,0.32
5692,26,2008.0,0,85,0.17,0.32
5693,16,2004.0,0,499,0.0,0.32
5694,29,2002.0,1,323,0.22,0.32
5695,15,1998.0,4,372,0.18,0.32
5696,17,2016.0,0,547,0.1,0.32
5697,3,1999.0,10,445,0.0,0.32
5698,13,2011.0,7,323,0.09,0.32
5699,30,2015.0,2,347,0.18,0.31
5700,13,2011.0,7,524,0.12,0.31
5701,28,2009.0,6,91,0.09,0.31
5702,26,2010.0,10,347,0.1,0.31
5703,15,1997.0,11,138,0.18,0.31
5704,19,2011.0,7,85,0.0,0.31
5705,29,2003.0,6,543,0.24,0.31
5706,26,2010.0,3,547,0.29,0.31
5707,15,1995.0,10,455,0.17,0.31
5708,26,2007.0,3,275,0.29,0.31
5709,4,2010.0,0,126,0.25,0.31
5710,16,2007.0,10,275,0.0,0.31
5711,4,2007.0,8,275,0.28,0.31
5712,6,2003.0,10,138,0.22,0.31
5713,17,2014.0,8,6,0.1,0.31
5714,23,1995.0,4,275,0.0,0.31
5715,2,2011.0,5,464,0.08,0.31
5716,5,1999.0,0,359,0.0,0.31
5717,19,2008.0,10,275,0.0,0.31
5718,15,1998.0,3,355,0.17,0.31
5719,26,2008.0,0,445,0.28,0.31
5720,28,2008.0,3,53,0.27,0.31
5721,29,2002.0,10,323,0.23,0.31
5722,16,2005.0,10,138,0.15,0.31
5723,4,2007.0,1,21,0.28,0.31
5724,4,2005.0,0,524,0.25,0.31
5725,2,2015.0,3,445,0.15,0.31
5726,2,2014.0,11,347,0.0,0.31
5727,4,2010.0,4,21,0.19,0.31
5728,17,2007.0,10,455,0.29,0.31
5729,18,2016.0,8,120,0.05,0.31
5730,16,2003.0,3,455,0.15,0.31
5731,15,1996.0,1,241,0.17,0.31
5732,29,2004.0,11,275,0.23,0.31
5733,29,2005.0,0,53,0.23,0.31
5734,29,2005.0,0,325,0.23,0.31
5735,4,2006.0,0,325,0.27,0.31
5736,15,1997.0,8,465,0.1,0.31
5737,15,1998.0,3,455,0.17,0.31
5738,4,2009.0,5,470,0.29,0.31
5739,30,2014.0,0,120,0.15,0.31
5740,28,2010.0,0,85,0.19,0.31
5741,28,2012.0,10,275,0.08,0.31
5742,16,2003.0,9,27,0.07,0.31
5743,16,2009.0,11,347,0.0,0.31
5744,4,2007.0,0,93,0.29,0.31
5745,21,1995.0,8,445,0.0,0.31
5746,15,2001.0,0,493,0.17,0.31
5747,29,2005.0,8,524,0.23,0.31
5748,6,2005.0,0,487,0.22,0.31
5749,15,1999.0,11,63,0.0,0.31
5750,19,2005.0,4,85,0.27,0.31
5751,26,2009.0,10,23,0.29,0.31
5752,19,2010.0,7,464,0.07,0.31
5753,10,1997.0,10,275,0.0,0.31
5754,10,1998.0,4,275,0.06,0.31
5755,10,1999.0,6,138,0.25,0.31
5756,10,1998.0,6,21,0.25,0.31
5757,10,1999.0,10,493,0.25,0.31
5758,10,2001.0,9,359,0.0,0.31
5759,13,2015.0,9,445,0.0,0.31
5760,4,2006.0,2,347,0.31,0.31
5761,28,2010.0,0,126,0.24,0.31
5762,30,2015.0,0,126,0.18,0.31
5763,2,2014.0,0,347,0.0,0.31
5764,26,2008.0,3,565,0.29,0.31
5765,26,2010.0,0,138,0.18,0.31
5766,16,2007.0,10,275,0.0,0.31
5767,26,2008.0,3,21,0.28,0.31
5768,26,2008.0,9,430,0.25,0.31
5770,4,2010.0,11,275,0.18,0.31
5771,6,2002.0,0,524,0.22,0.31
5772,26,2009.0,11,430,0.15,0.31
5773,0,1982.0,0,80,0.29,0.31
5774,16,2005.0,3,455,0.15,0.31
5775,4,2005.0,4,21,0.25,0.31
5776,28,2005.0,10,138,0.28,0.31
5777,16,2008.0,10,524,0.15,0.31
5778,21,1997.0,7,55,0.0,0.31
5779,17,2008.0,10,66,0.28,0.31
5780,26,2010.0,10,21,0.23,0.31
5781,28,2006.0,11,138,0.28,0.31
5782,15,1998.0,6,241,0.17,0.31
5783,29,2004.0,3,325,0.24,0.31
5784,15,1997.0,9,465,0.0,0.31
5785,4,2006.0,5,524,0.28,0.31
5786,13,2012.0,7,138,0.14,0.31
5787,7,2002.0,6,138,0.24,0.31
5788,19,2012.0,11,347,0.0,0.31
5789,17,2012.0,0,455,0.14,0.31
5790,4,2010.0,5,547,0.11,0.31
5791,15,1998.0,10,455,0.17,0.31
5792,16,2002.0,6,288,0.15,0.31
5793,19,2007.0,10,138,0.28,0.31
5794,17,2011.0,2,430,0.17,0.31
5795,16,2001.0,10,455,0.15,0.31
5796,15,1998.0,3,17,0.17,0.31
5797,16,2001.0,3,295,0.15,0.31
5799,23,1993.0,4,275,0.0,0.31
5800,0,1981.0,0,305,0.29,0.31
5801,16,2002.0,0,21,0.15,0.31
5802,15,1999.0,4,177,0.17,0.31
5803,20,2013.0,7,362,0.08,0.31
5804,19,2010.0,7,301,0.18,0.31
5805,26,2009.0,10,524,0.25,0.31
5806,4,2009.0,3,315,0.29,0.31
5807,30,2013.0,4,21,0.22,0.31
5808,15,1999.0,3,21,0.17,0.31
5809,17,2009.0,0,21,0.21,0.31
5810,19,2010.0,0,275,0.09,0.31
5811,29,2002.0,2,527,0.23,0.31
5812,15,2000.0,5,142,0.17,0.31
5813,6,2001.0,5,359,0.0,0.31
5814,15,2000.0,4,455,0.17,0.31
5815,16,2002.0,0,455,0.15,0.31
5816,23,1996.0,7,13,0.0,0.31
5817,23,1994.0,2,347,0.0,0.31
5818,16,2000.0,7,21,0.15,0.31
5819,2,2013.0,1,547,0.18,0.31
5820,4,2009.0,9,524,0.28,0.3
5821,28,2009.0,7,63,0.13,0.3
5822,6,2005.0,0,21,0.22,0.3
5823,4,2006.0,0,487,0.28,0.3
5824,29,2003.0,6,323,0.23,0.3
5825,6,2002.0,6,485,0.22,0.3
5826,17,2014.0,0,347,0.09,0.3
5827,28,2014.0,8,445,0.15,0.3
5828,5,1995.0,3,359,0.0,0.3
5829,21,1996.0,8,445,0.0,0.3
5830,15,1998.0,2,465,0.17,0.3
5831,19,2005.0,3,445,0.0,0.3
5832,26,2011.0,3,275,0.24,0.3
5833,6,2003.0,4,527,0.22,0.3
5834,15,2000.0,0,4,0.17,0.3
5835,17,2012.0,11,347,0.0,0.3
5836,17,2007.0,8,325,0.24,0.3
5837,26,2007.0,9,359,0.22,0.3
5839,19,2006.0,5,126,0.12,0.3
5840,27,2014.0,0,359,0.2,0.3
5841,13,2006.0,9,120,0.0,0.3
5842,15,1995.0,4,455,0.05,0.3
5843,16,2005.0,3,275,0.15,0.3
5844,4,2010.0,0,547,0.24,0.3
5845,7,2002.0,6,17,0.23,0.3
5846,6,2005.0,4,126,0.22,0.3
5847,16,2003.0,0,85,0.15,0.3
5848,28,2011.0,2,524,0.18,0.3
5849,28,2011.0,6,21,0.29,0.3
5850,4,2009.0,5,445,0.0,0.3
5851,26,2010.0,4,21,0.19,0.3
5852,6,2005.0,1,198,0.22,0.3
5853,16,2005.0,1,455,0.15,0.3
5854,21,1995.0,7,445,0.0,0.3
5855,6,2006.0,3,359,0.0,0.3
5856,4,2007.0,11,63,0.0,0.3
5857,15,1997.0,6,455,0.17,0.3
5858,19,2010.0,11,455,0.05,0.3
5859,16,2006.0,1,455,0.15,0.3
5860,19,2007.0,4,21,0.01,0.3
5862,11,1990.0,10,347,0.0,0.3
5863,4,2011.0,3,21,0.27,0.3
5864,4,2008.0,11,487,0.24,0.3
5865,4,2007.0,0,547,0.28,0.3
5866,16,2007.0,11,63,0.0,0.3
5867,17,2013.0,7,464,0.1,0.3
5868,21,1994.0,10,445,0.0,0.3
5869,13,2004.0,9,138,0.02,0.3
5871,2,2011.0,0,524,0.14,0.3
5872,18,2015.0,0,85,0.12,0.3
5873,4,2009.0,1,126,0.28,0.3
5874,28,2007.0,0,499,0.15,0.3
5875,26,2008.0,6,137,0.27,0.3
5876,18,2014.0,0,499,0.09,0.3
5877,20,2014.0,0,499,0.05,0.3
5878,26,2010.0,0,85,0.08,0.3
5879,16,2002.0,11,499,0.05,0.3
5880,4,2008.0,7,359,0.0,0.3
5881,23,1994.0,7,224,0.0,0.3
5882,18,2015.0,9,265,0.05,0.3
5883,16,2001.0,10,324,0.15,0.3
5884,4,2008.0,7,359,0.2,0.3
5885,10,1999.0,6,493,0.24,0.3
5886,10,1999.0,8,21,0.24,0.3
5887,4,2006.0,3,461,0.0,0.3
5888,6,2003.0,6,487,0.21,0.3
5889,4,2009.0,9,138,0.15,0.3
5890,28,2007.0,0,138,0.24,0.3
5891,18,2015.0,0,21,0.17,0.3
5892,15,1997.0,9,347,0.0,0.3
5893,2,2011.0,0,347,0.0,0.3
5894,16,2000.0,4,524,0.15,0.3
5895,6,2003.0,0,53,0.21,0.3
5896,23,1997.0,5,224,0.0,0.3
5897,28,2006.0,0,323,0.2,0.3
5898,19,2011.0,7,55,0.13,0.3
5899,15,2000.0,0,4,0.17,0.3
5900,13,2005.0,6,138,0.02,0.3
5902,16,2003.0,2,487,0.15,0.3
5903,16,2000.0,7,524,0.1,0.3
5904,21,1996.0,11,445,0.0,0.3
5905,4,2007.0,9,524,0.23,0.3
5906,28,2011.0,3,524,0.15,0.3
5907,2,2012.0,7,55,0.13,0.3
5908,23,1995.0,10,499,0.0,0.3
5909,15,1996.0,2,540,0.07,0.3
5910,28,2007.0,0,21,0.26,0.3
5911,13,2014.0,10,138,0.0,0.3
5912,28,2008.0,9,275,0.28,0.3
5914,26,2012.0,3,367,0.08,0.3
5915,16,2004.0,2,17,0.15,0.3
5916,19,2006.0,3,85,0.27,0.3
5917,26,2009.0,10,566,0.26,0.3
5918,4,2011.0,8,21,0.21,0.3
5919,13,2003.0,9,138,0.01,0.3
5920,23,1995.0,7,224,0.0,0.3
5921,20,2014.0,7,347,0.0,0.3
5922,18,2016.0,7,464,0.06,0.3
5923,17,2011.0,8,524,0.12,0.3
5924,16,2005.0,11,487,0.15,0.3
5925,4,2009.0,3,296,0.28,0.3
5926,26,2010.0,3,347,0.0,0.3
5927,28,2012.0,8,21,0.13,0.3
5928,16,2006.0,9,138,0.02,0.3
5929,20,2016.0,7,464,0.0,0.3
5930,4,2007.0,0,126,0.17,0.3
5931,6,2003.0,10,275,0.0,0.3
5932,4,2006.0,4,85,0.18,0.3
5933,4,2005.0,9,301,0.3,0.3
5934,4,2007.0,10,275,0.0,0.3
5935,17,2009.0,8,547,0.14,0.3
5936,6,2004.0,0,487,0.21,0.3
5937,6,2002.0,4,487,0.21,0.3
5938,17,2009.0,6,21,0.19,0.3
5939,15,1997.0,9,138,0.16,0.3
5940,28,2009.0,3,21,0.16,0.3
5941,28,2007.0,7,464,0.25,0.3
5942,5,1999.0,9,258,0.0,0.3
5943,7,2004.0,0,21,0.23,0.3
5944,17,2012.0,2,499,0.0,0.3
5945,16,2004.0,10,325,0.14,0.3
5946,29,2003.0,0,275,0.22,0.3
5947,4,2005.0,1,359,0.15,0.3
5948,28,2008.0,10,138,0.12,0.3
5949,4,2007.0,5,57,0.02,0.3
5950,26,2010.0,0,547,0.22,0.3
5951,26,2006.0,2,53,0.24,0.3
5952,29,2003.0,10,337,0.22,0.3
5953,28,2014.0,0,464,0.14,0.3
5954,7,2002.0,4,487,0.23,0.3
5955,26,2011.0,3,524,0.28,0.29
5956,0,1986.0,10,53,0.28,0.29
5957,4,2020.0,9,524,0.27,0.29
5958,16,2002.0,7,524,0.14,0.29
5959,19,2006.0,8,455,0.26,0.29
5960,17,2010.0,8,464,0.09,0.29
5961,4,2006.0,4,547,0.21,0.29
5962,28,2009.0,0,137,0.12,0.29
5963,28,2010.0,7,464,0.13,0.29
5964,26,2009.0,10,493,0.26,0.29
5965,19,2005.0,7,21,0.25,0.29
5966,4,2010.0,3,176,0.04,0.29
5967,28,2009.0,8,53,0.16,0.29
5968,6,2003.0,6,138,0.21,0.29
5969,6,2002.0,10,275,0.0,0.29
5970,17,2007.0,0,138,0.25,0.29
5971,20,2014.0,0,455,0.01,0.29
5972,21,1995.0,7,445,0.0,0.29
5973,27,2013.0,0,524,0.18,0.29
5974,26,2007.0,10,275,0.23,0.29
5975,29,2002.0,10,485,0.22,0.29
5976,17,2014.0,0,21,0.06,0.29
5977,17,2009.0,0,499,0.11,0.29
5978,15,1999.0,10,275,0.16,0.29
5979,16,2002.0,1,6,0.02,0.29
5980,28,2009.0,0,487,0.2,0.29
5981,19,2010.0,1,445,0.0,0.29
5982,26,2007.0,0,524,0.24,0.29
5983,26,2009.0,0,347,0.0,0.29
5984,16,2009.0,0,109,0.11,0.29
5985,17,2010.0,1,347,0.09,0.29
5986,7,2005.0,10,138,0.23,0.29
5987,16,2000.0,8,324,0.14,0.29
5988,26,2007.0,10,359,0.02,0.29
5989,19,2008.0,6,142,0.13,0.29
5990,15,1998.0,11,540,0.03,0.29
5991,15,2000.0,10,275,0.0,0.29
5992,17,2013.0,8,493,0.08,0.29
5993,28,2005.0,10,138,0.27,0.29
5994,26,2009.0,3,21,0.14,0.29
5995,21,1996.0,10,445,0.0,0.29
5996,4,2009.0,7,55,0.14,0.29
5997,15,2000.0,3,214,0.16,0.29
5998,15,1997.0,11,347,0.0,0.29
5999,16,2008.0,4,455,0.13,0.29
6000,26,2010.0,4,109,0.17,0.29
6001,16,2006.0,7,499,0.14,0.29
6002,23,1994.0,3,144,0.0,0.29
6003,28,2010.0,3,275,0.25,0.29
6004,26,2011.0,0,138,0.13,0.29
6005,7,2002.0,2,347,0.0,0.29
6006,17,2012.0,0,455,0.18,0.29
6007,0,1983.0,0,21,0.27,0.29
6008,4,2009.0,9,524,0.27,0.29
6009,29,2005.0,8,325,0.22,0.29
6010,26,2011.0,3,524,0.22,0.29
6011,26,2010.0,3,126,0.18,0.29
6012,19,2010.0,9,347,0.06,0.29
6013,6,2003.0,9,258,0.0,0.29
6014,17,2011.0,0,455,0.13,0.29
6015,28,2013.0,11,21,0.16,0.29
6016,16,2004.0,4,85,0.14,0.29
6017,26,2009.0,1,524,0.13,0.29
6018,16,2005.0,6,493,0.14,0.29
6019,20,2012.0,0,358,0.15,0.29
6020,2,2012.0,0,138,0.06,0.29
6021,0,1981.0,0,528,0.27,0.29
6022,16,2001.0,10,275,0.0,0.29
6023,10,1998.0,6,17,0.23,0.29
6024,10,1998.0,6,269,0.23,0.29
6025,10,1999.0,2,508,0.23,0.29
6026,10,1999.0,6,17,0.23,0.29
6027,10,1999.0,5,359,0.22,0.29
6028,10,1999.0,10,359,0.23,0.29
6029,10,1999.0,6,138,0.23,0.29
6030,10,1997.0,2,325,0.23,0.29
6031,17,2007.0,0,499,0.1,0.29
6032,13,2011.0,8,546,0.0,0.29
6033,4,2010.0,5,57,0.0,0.29
6034,6,2003.0,3,53,0.21,0.29
6035,16,2009.0,2,487,0.14,0.29
6036,28,2008.0,8,91,0.23,0.29
6037,16,2005.0,9,91,0.14,0.29
6038,26,2009.0,0,85,0.15,0.29
6039,7,2004.0,7,138,0.22,0.29
6040,2,2013.0,0,126,0.16,0.29
6041,28,2012.0,7,323,0.18,0.29
6043,2,2014.0,0,445,0.17,0.29
6044,26,2012.0,3,359,0.0,0.29
6045,29,2007.0,10,138,0.22,0.29
6046,15,1996.0,3,491,0.0,0.29
6047,29,2003.0,7,524,0.22,0.29
6048,28,2011.0,8,91,0.1,0.29
6049,17,2015.0,0,347,0.0,0.29
6050,29,2005.0,0,487,0.22,0.29
6051,15,1996.0,10,455,0.16,0.29
6052,28,2011.0,0,21,0.13,0.29
6053,23,1991.0,7,35,0.0,0.29
6054,28,2013.0,6,91,0.08,0.29
6055,26,2008.0,9,122,0.27,0.29
6056,26,2007.0,5,109,0.26,0.29
6057,16,2002.0,3,485,0.14,0.29
6058,3,2002.0,1,445,0.0,0.29
6059,16,2005.0,7,445,0.07,0.29
6060,16,2002.0,11,499,0.06,0.29
6061,4,2004.0,9,138,0.27,0.29
6062,28,2013.0,7,464,0.15,0.29
6063,4,2004.0,5,445,0.17,0.29
6064,17,2009.0,3,138,0.12,0.29
6065,4,2008.0,5,85,0.26,0.29
6066,2,2012.0,6,445,0.12,0.29
6067,26,2007.0,0,21,0.26,0.29
6068,15,2000.0,10,324,0.16,0.29
6069,26,2008.0,9,120,0.27,0.29
6070,2,2013.0,3,347,0.0,0.29
6071,13,2014.0,8,493,0.11,0.29
6072,16,2007.0,10,524,0.14,0.29
6073,17,2013.0,2,39,0.13,0.29
6074,15,2000.0,6,241,0.16,0.29
6075,16,2004.0,7,464,0.0,0.29
6076,15,1996.0,3,455,0.03,0.29
6077,16,2003.0,4,524,0.14,0.29
6078,4,2008.0,1,275,0.0,0.29
6079,16,2004.0,8,325,0.14,0.29
6080,26,2010.0,5,470,0.27,0.29
6081,15,1999.0,4,455,0.16,0.29
6082,28,2009.0,0,275,0.13,0.29
6083,4,2011.0,9,21,0.27,0.29
6084,16,2006.0,7,464,0.0,0.29
6085,15,1999.0,9,275,0.0,0.29
6086,28,2007.0,6,138,0.26,0.29
6087,13,2016.0,7,21,0.14,0.29
6088,23,1992.0,11,499,0.0,0.29
6089,4,2008.0,10,275,0.0,0.29
6090,17,2011.0,0,232,0.11,0.29
6091,17,2012.0,0,21,0.12,0.29
6092,7,2004.0,4,543,0.22,0.29
6093,19,2008.0,0,499,0.06,0.29
6094,4,2007.0,5,487,0.26,0.29
6095,29,2003.0,10,323,0.21,0.29
6096,15,1996.0,10,138,0.16,0.29
6097,4,2008.0,0,487,0.26,0.29
6098,4,2011.0,3,359,0.0,0.29
6099,4,2010.0,0,21,0.26,0.29
6100,6,2001.0,4,246,0.2,0.29
6101,6,2003.0,7,359,0.08,0.29
6102,17,2007.0,0,445,0.14,0.29
6103,28,2012.0,6,91,0.07,0.29
6104,4,2008.0,10,487,0.26,0.28
6105,28,2011.0,10,6,0.03,0.28
6106,26,2009.0,0,21,0.11,0.28
6107,16,2003.0,6,524,0.14,0.28
6108,16,2008.0,3,455,0.14,0.28
6109,28,2009.0,8,430,0.15,0.28
6110,15,1997.0,6,403,0.16,0.28
6111,17,2012.0,10,455,0.0,0.28
6112,6,2003.0,10,21,0.2,0.28
6113,6,2005.0,0,53,0.2,0.28
6114,4,2007.0,1,182,0.26,0.28
6115,23,1995.0,2,225,0.0,0.28
6116,4,2007.0,9,487,0.26,0.28
6117,23,1994.0,10,275,0.0,0.28
6118,30,2014.0,0,275,0.15,0.28
6119,15,2000.0,4,524,0.16,0.28
6120,29,2005.0,0,493,0.21,0.28
6121,28,2010.0,3,138,0.16,0.28
6122,16,2001.0,7,325,0.09,0.28
6123,26,2010.0,10,493,0.24,0.28
6124,18,2016.0,2,347,0.1,0.28
6126,29,2002.0,10,21,0.21,0.28
6127,6,2006.0,7,275,0.2,0.28
6128,6,2001.0,0,21,0.2,0.28
6129,16,2003.0,6,347,0.14,0.28
6130,17,2010.0,10,21,0.18,0.28
6131,16,2003.0,10,347,0.0,0.28
6132,7,2003.0,6,17,0.22,0.28
6133,25,1999.0,7,347,0.0,0.28
6134,6,2005.0,0,21,0.2,0.28
6135,17,2008.0,0,455,0.0,0.28
6136,18,2016.0,10,275,0.01,0.28
6137,28,2006.0,9,445,0.24,0.28
6138,29,2005.0,2,138,0.21,0.28
6139,21,1995.0,2,438,0.0,0.28
6140,19,2006.0,1,126,0.25,0.28
6141,4,2009.0,0,524,0.15,0.28
6142,6,2004.0,9,296,0.2,0.28
6143,26,2006.0,1,487,0.24,0.28
6144,6,2006.0,7,359,0.0,0.28
6145,0,1982.0,0,506,0.26,0.28
6146,16,2004.0,0,85,0.14,0.28
6147,10,1999.0,10,138,0.27,0.28
6148,4,2010.0,0,275,0.16,0.28
6149,27,2013.0,6,138,0.14,0.28
6150,15,2002.0,0,211,0.16,0.28
6151,17,2010.0,8,347,0.1,0.28
6152,16,2003.0,0,138,0.14,0.28
6154,29,2003.0,2,323,0.21,0.28
6155,5,1991.0,4,359,0.0,0.28
6156,4,2007.0,11,275,0.13,0.28
6157,30,2016.0,2,347,0.19,0.28
6158,6,2002.0,2,53,0.2,0.28
6159,20,2013.0,4,457,0.16,0.28
6160,19,2011.0,7,347,0.0,0.28
6161,11,1991.0,10,347,0.0,0.28
6162,16,2002.0,3,441,0.0,0.28
6163,16,2007.0,0,142,0.14,0.28
6164,5,1991.0,4,359,0.0,0.28
6165,23,1991.0,0,499,0.0,0.28
6166,16,2008.0,0,126,0.12,0.28
6167,6,2002.0,4,487,0.2,0.28
6168,4,2007.0,10,524,0.26,0.28
6169,16,2006.0,5,556,0.0,0.28
6170,16,2002.0,6,487,0.14,0.28
6171,26,2010.0,10,304,0.27,0.28
6172,17,2013.0,8,138,0.11,0.28
6173,16,2007.0,8,455,0.14,0.28
6174,29,2003.0,8,436,0.21,0.28
6175,17,2015.0,3,21,0.09,0.28
6176,16,2003.0,4,53,0.14,0.28
6177,4,2010.0,3,547,0.27,0.28
6178,19,2007.0,10,455,0.26,0.28
6179,6,2001.0,4,246,0.2,0.28
6180,16,2006.0,6,53,0.12,0.28
6181,27,2012.0,3,359,0.13,0.28
6182,4,2007.0,9,21,0.26,0.28
6183,4,2010.0,3,138,0.16,0.28
6184,4,2010.0,6,487,0.18,0.28
6185,16,2004.0,2,137,0.14,0.28
6186,28,2007.0,2,445,0.2,0.28
6187,6,2002.0,0,524,0.2,0.28
6188,15,1998.0,2,455,0.09,0.28
6189,16,2006.0,7,6,0.14,0.28
6190,28,2009.0,4,85,0.12,0.28
6191,16,2002.0,10,325,0.14,0.28
6192,23,1995.0,4,279,0.03,0.28
6193,29,2004.0,10,138,0.21,0.28
6194,17,2011.0,0,138,0.11,0.28
6196,15,1995.0,10,275,0.16,0.28
6197,6,2003.0,6,485,0.2,0.28
6198,23,1992.0,10,372,0.0,0.28
6199,17,2014.0,3,524,0.12,0.28
6200,7,2004.0,0,487,0.22,0.28
6201,29,2001.0,0,275,0.21,0.28
6202,28,2011.0,10,21,0.24,0.28
6203,18,2016.0,0,464,0.0,0.28
6204,2,2012.0,3,21,0.13,0.28
6205,18,2016.0,10,275,0.0,0.28
6206,16,2007.0,7,499,0.14,0.28
6207,13,2004.0,11,53,0.01,0.28
6208,16,2001.0,10,487,0.14,0.28
6209,16,2002.0,10,325,0.14,0.28
6210,20,2014.0,0,362,0.1,0.28
6212,4,2006.0,4,21,0.25,0.28
6213,16,2000.0,10,324,0.14,0.28
6214,4,2010.0,1,21,0.26,0.28
6215,19,2007.0,0,493,0.23,0.28
6216,16,2001.0,8,137,0.05,0.28
6217,21,1997.0,11,140,0.0,0.28
6218,19,2011.0,3,455,0.05,0.28
6219,4,2010.0,3,547,0.26,0.28
6220,15,1998.0,11,21,0.15,0.28
6221,17,2009.0,3,21,0.14,0.28
6222,16,2008.0,0,347,0.0,0.28
6223,29,2005.0,4,21,0.21,0.28
6224,26,2010.0,0,21,0.15,0.28
6225,16,2009.0,0,21,0.11,0.28
6226,23,1992.0,6,537,0.0,0.28
6227,27,2012.0,7,138,0.14,0.28
6228,4,2011.0,3,184,0.26,0.28
6229,21,1994.0,9,445,0.0,0.28
6230,16,2003.0,10,53,0.14,0.28
6231,7,2003.0,3,359,0.0,0.28
6232,4,2006.0,5,445,0.0,0.28
6233,15,1998.0,7,275,0.0,0.28
6234,28,2006.0,10,138,0.24,0.28
6235,13,2012.0,0,138,0.09,0.28
6236,7,2001.0,10,17,0.21,0.28
6237,26,2008.0,3,292,0.25,0.28
6238,4,2008.0,3,524,0.25,0.28
6239,17,2013.0,4,457,0.11,0.28
6240,15,1998.0,2,138,0.15,0.28
6241,16,2008.0,0,487,0.14,0.28
6242,29,2005.0,0,21,0.21,0.28
6243,16,2003.0,10,17,0.14,0.28
6244,16,2008.0,10,138,0.14,0.28
6245,26,2008.0,1,347,0.0,0.28
6246,26,2010.0,0,487,0.22,0.28
6247,28,2011.0,0,85,0.17,0.28
6248,6,2001.0,10,275,0.0,0.28
6249,16,2002.0,1,524,0.14,0.28
6250,6,2003.0,4,275,0.2,0.28
6251,19,2011.0,10,493,0.22,0.28
6252,13,2010.0,11,524,0.04,0.28
6253,21,1996.0,8,347,0.0,0.28
6254,15,1997.0,9,165,0.06,0.28
6255,5,2000.0,4,359,0.0,0.28
6256,2,2012.0,3,361,0.0,0.28
6257,26,2009.0,6,359,0.26,0.28
6258,19,2012.0,10,275,0.0,0.28
6259,18,2015.0,0,21,0.13,0.28
6260,23,1995.0,3,357,0.0,0.28
6261,19,2008.0,0,461,0.06,0.27
6262,16,2007.0,10,23,0.13,0.27
6263,4,2007.0,3,359,0.0,0.27
6264,16,2000.0,10,493,0.13,0.27
6265,0,1982.0,0,94,0.26,0.27
6266,26,2014.0,1,286,0.05,0.27
6267,4,2007.0,3,138,0.25,0.27
6268,29,2003.0,2,323,0.21,0.27
6269,17,2010.0,10,21,0.18,0.27
6270,15,1996.0,2,511,0.0,0.27
6271,7,2004.0,2,53,0.21,0.27
6273,6,2002.0,6,275,0.2,0.27
6274,15,1998.0,0,85,0.0,0.27
6275,15,1997.0,0,499,0.09,0.27
6276,6,2001.0,5,528,0.2,0.27
6277,26,2013.0,3,296,0.14,0.27
6278,4,2005.0,6,138,0.24,0.27
6279,16,2004.0,7,464,0.0,0.27
6280,15,2001.0,0,99,0.15,0.27
6281,29,2001.0,10,325,0.2,0.27
6282,28,2010.0,0,445,0.15,0.27
6284,4,2009.0,9,138,0.25,0.27
6285,16,2009.0,3,138,0.09,0.27
6286,4,2008.0,7,275,0.09,0.27
6287,15,2000.0,1,487,0.15,0.27
6288,15,1997.0,2,347,0.02,0.27
6289,15,2000.0,10,348,0.15,0.27
6290,15,2001.0,10,17,0.15,0.27
6291,18,2015.0,7,160,0.09,0.27
6292,28,2010.0,11,524,0.12,0.27
6293,17,2013.0,3,445,0.08,0.27
6294,4,2006.0,0,85,0.12,0.27
6295,4,2005.0,5,347,0.16,0.27
6296,0,1984.0,6,21,0.26,0.27
6297,19,2010.0,9,455,0.02,0.27
6298,13,2014.0,0,66,0.09,0.27
6299,16,2004.0,10,455,0.13,0.27
6300,15,1996.0,9,322,0.15,0.27
6301,19,2009.0,10,275,0.0,0.27
6302,19,2006.0,11,347,0.0,0.27
6303,15,2000.0,10,137,0.15,0.27
6304,16,2002.0,6,91,0.13,0.27
6305,7,2003.0,7,359,0.21,0.27
6306,23,1993.0,2,347,0.0,0.27
6307,28,2008.0,8,445,0.15,0.27
6308,23,1994.0,10,347,0.0,0.27
6309,2,2012.0,3,445,0.07,0.27
6310,16,2004.0,0,524,0.13,0.27
6311,6,2002.0,6,241,0.19,0.27
6312,28,2011.0,10,524,0.14,0.27
6313,19,2006.0,10,138,0.2,0.27
6315,28,2006.0,10,138,0.25,0.27
6317,0,1980.0,3,21,0.25,0.27
6318,16,2009.0,0,126,0.12,0.27
6320,17,2011.0,0,524,0.06,0.27
6321,29,2004.0,6,323,0.18,0.27
6322,5,1996.0,7,87,0.0,0.27
6323,16,2001.0,6,137,0.13,0.27
6324,6,2006.0,4,21,0.19,0.27
6325,18,2015.0,7,362,0.1,0.27
6326,7,2005.0,4,126,0.21,0.27
6327,4,2010.0,11,524,0.09,0.27
6328,7,2002.0,4,138,0.21,0.27
6329,17,2014.0,0,85,0.0,0.27
6330,6,2002.0,7,275,0.0,0.27
6331,6,2002.0,2,487,0.19,0.27
6332,5,2000.0,7,238,0.0,0.27
6333,16,2004.0,7,464,0.13,0.27
6334,18,2014.0,1,160,0.08,0.27
6335,29,2005.0,6,138,0.2,0.27
6336,26,2007.0,9,487,0.24,0.27
6337,16,2004.0,8,487,0.13,0.27
6338,17,2008.0,0,21,0.2,0.27
6339,29,2001.0,10,138,0.2,0.27
6340,4,2008.0,3,367,0.25,0.27
6341,13,2011.0,11,265,0.1,0.27
6342,10,1997.0,10,275,0.25,0.27
6343,10,1998.0,10,275,0.0,0.27
6344,10,1998.0,10,17,0.25,0.27
6345,10,1999.0,0,17,0.18,0.27
6346,10,1999.0,11,359,0.22,0.27
6347,28,2011.0,8,524,0.14,0.27
6348,16,2005.0,0,85,0.13,0.27
6349,2,2012.0,0,359,0.0,0.27
6350,19,2005.0,7,524,0.0,0.27
6351,16,2007.0,0,138,0.13,0.27
6352,4,2011.0,3,109,0.13,0.27
6353,13,2013.0,6,138,0.04,0.27
6354,16,2007.0,6,487,0.13,0.27
6355,29,2005.0,0,21,0.2,0.27
6356,6,2001.0,10,21,0.19,0.27
6357,16,2000.0,6,347,0.06,0.27
6358,4,2010.0,0,487,0.13,0.27
6359,26,2008.0,10,112,0.23,0.27
6360,28,2008.0,3,275,0.25,0.27
6361,4,2008.0,7,55,0.1,0.27
6362,30,2014.0,0,547,0.13,0.27
6363,23,1995.0,10,275,0.0,0.27
6364,17,2008.0,0,445,0.22,0.27
6365,28,2013.0,0,85,0.12,0.27
6366,26,2010.0,10,493,0.25,0.27
6367,17,2011.0,6,21,0.25,0.27
6368,23,1994.0,9,218,0.0,0.27
6369,4,2009.0,7,55,0.14,0.27
6370,6,2001.0,7,359,0.0,0.27
6371,16,2001.0,6,17,0.13,0.27
6372,7,2003.0,10,138,0.21,0.27
6373,28,2015.0,2,347,0.16,0.27
6374,29,2002.0,6,138,0.2,0.27
6375,28,2009.0,8,460,0.15,0.27
6376,15,1999.0,6,138,0.15,0.27
6377,4,2010.0,9,359,0.25,0.27
6378,28,2009.0,7,464,0.25,0.27
6379,4,2010.0,11,359,0.0,0.27
6380,18,2016.0,6,91,0.01,0.27
6381,6,2005.0,3,564,0.19,0.27
6382,28,2011.0,3,21,0.25,0.27
6383,28,2007.0,0,487,0.23,0.27
6384,28,2008.0,0,445,0.22,0.27
6385,26,2009.0,3,493,0.24,0.27
6386,15,1999.0,7,21,0.15,0.27
6387,16,2002.0,8,60,0.13,0.27
6388,16,2010.0,0,547,0.08,0.27
6389,15,1998.0,10,275,0.0,0.27
6390,2,2016.0,1,85,0.0,0.27
6391,7,2006.0,9,138,0.21,0.27
6392,4,2008.0,5,296,0.24,0.27
6393,2,2013.0,0,547,0.16,0.27
6394,28,2007.0,10,493,0.18,0.27
6395,16,2003.0,6,445,0.0,0.27
6396,4,2007.0,10,138,0.24,0.27
6397,16,2003.0,9,275,0.13,0.27
6398,4,2009.0,3,524,0.25,0.27
6399,15,1995.0,8,177,0.15,0.27
6400,28,2010.0,0,430,0.18,0.27
6402,26,2009.0,5,487,0.25,0.27
6403,15,2000.0,10,455,0.15,0.27
6404,29,2002.0,10,138,0.2,0.27
6405,4,2011.0,3,21,0.25,0.27
6406,18,2015.0,8,6,0.09,0.27
6407,2,2014.0,0,528,0.15,0.27
6408,4,2010.0,1,487,0.19,0.27
6409,19,2006.0,10,138,0.24,0.27
6410,15,1996.0,2,455,0.06,0.27
6411,17,2014.0,1,21,0.11,0.27
6412,15,1998.0,7,101,0.15,0.27
6413,23,1995.0,5,63,0.0,0.27
6414,28,2009.0,10,23,0.25,0.27
6415,16,2005.0,2,347,0.13,0.27
6416,16,2004.0,11,53,0.13,0.27
6417,20,2012.0,0,499,0.13,0.27
6418,4,2007.0,5,338,0.25,0.27
6419,28,2006.0,0,138,0.23,0.27
6420,16,2007.0,1,524,0.13,0.27
6421,4,2009.0,3,315,0.25,0.27
6422,20,2011.0,0,499,0.06,0.27
6423,26,2009.0,10,493,0.25,0.27
6424,17,2010.0,10,275,0.0,0.27
6425,6,2003.0,0,296,0.19,0.27
6426,30,2015.0,0,138,0.15,0.27
6427,17,2011.0,0,499,0.04,0.27
6428,26,2008.0,10,524,0.24,0.27
6429,26,2009.0,9,524,0.25,0.27
6430,4,2007.0,9,296,0.24,0.27
6431,26,2009.0,3,275,0.16,0.27
6432,16,2006.0,0,524,0.13,0.27
6433,26,2009.0,10,493,0.14,0.27
6434,17,2012.0,7,499,0.06,0.27
6435,28,2012.0,0,21,0.18,0.27
6436,19,2010.0,2,347,0.11,0.27
6438,29,2003.0,10,445,0.2,0.27
6439,15,1997.0,10,499,0.0,0.27
6440,17,2006.0,10,455,0.24,0.26
6441,16,2002.0,3,382,0.11,0.26
6442,26,2010.0,8,304,0.25,0.26
6443,28,2007.0,10,493,0.24,0.26
6444,6,2002.0,7,53,0.19,0.26
6445,28,2014.0,6,524,0.06,0.26
6446,26,2011.0,3,487,0.23,0.26
6447,28,2007.0,11,137,0.21,0.26
6448,4,2005.0,4,524,0.21,0.26
6449,17,2013.0,0,347,0.0,0.26
6450,3,1998.0,8,445,0.0,0.26
6451,26,2010.0,0,138,0.22,0.26
6452,17,2010.0,9,347,0.0,0.26
6453,26,2009.0,9,138,0.22,0.26
6454,16,2001.0,0,493,0.13,0.26
6455,29,2002.0,8,445,0.16,0.26
6456,15,1999.0,10,275,0.0,0.26
6457,17,2010.0,7,461,0.24,0.26
6458,15,1996.0,7,165,0.08,0.26
6459,20,2014.0,3,362,0.13,0.26
6460,2,2013.0,0,347,0.0,0.26
6461,4,2009.0,7,224,0.08,0.26
6462,15,1996.0,10,455,0.15,0.26
6463,16,2007.0,9,524,0.13,0.26
6464,16,2008.0,8,23,0.13,0.26
6465,26,2015.0,0,21,0.05,0.26
6466,13,2008.0,11,323,0.04,0.26
6467,15,1997.0,4,455,0.15,0.26
6468,4,2009.0,9,275,0.0,0.26
6469,4,2007.0,7,347,0.0,0.26
6470,16,2006.0,10,325,0.13,0.26
6471,20,2014.0,2,347,0.0,0.26
6472,6,2002.0,0,487,0.19,0.26
6473,8,1994.0,6,445,0.0,0.26
6474,19,2005.0,6,543,0.16,0.26
6475,17,2010.0,0,120,0.05,0.26
6476,16,2008.0,1,126,0.09,0.26
6477,4,2007.0,3,359,0.0,0.26
6478,26,2009.0,9,347,0.24,0.26
6479,4,2008.0,1,91,0.24,0.26
6480,2,2013.0,10,281,0.0,0.26
6481,16,2004.0,6,493,0.13,0.26
6482,4,2010.0,3,524,0.22,0.26
6483,16,2007.0,7,445,0.1,0.26
6484,26,2010.0,9,53,0.24,0.26
6485,17,2013.0,10,275,0.0,0.26
6486,6,2002.0,0,487,0.19,0.26
6487,16,2006.0,0,85,0.0,0.26
6488,19,2006.0,2,347,0.26,0.26
6489,26,2011.0,7,359,0.0,0.26
6490,6,2002.0,4,487,0.19,0.26
6491,6,2006.0,7,359,0.0,0.26
6492,6,2005.0,6,138,0.19,0.26
6493,20,2012.0,3,524,0.11,0.26
6494,15,2000.0,9,21,0.15,0.26
6495,26,2009.0,7,464,0.13,0.26
6497,4,2008.0,9,296,0.24,0.26
6498,7,2002.0,8,288,0.2,0.26
6499,16,2002.0,2,524,0.13,0.26
6500,4,2011.0,1,85,0.0,0.26
6501,26,2010.0,3,565,0.25,0.26
6502,4,2007.0,3,6,0.24,0.26
6503,26,2010.0,10,524,0.14,0.26
6504,4,2009.0,5,547,0.0,0.26
6505,13,2006.0,7,493,0.01,0.26
6506,17,2011.0,10,275,0.0,0.26
6507,4,2004.0,10,138,0.24,0.26
6508,2,2014.0,0,21,0.14,0.26
6509,6,2006.0,3,275,0.14,0.26
6510,6,2003.0,10,275,0.0,0.26
6511,6,2004.0,1,63,0.0,0.26
6512,28,2010.0,11,407,0.24,0.26
6513,16,2002.0,6,60,0.13,0.26
6514,17,2009.0,3,126,0.17,0.26
6515,4,2009.0,0,21,0.17,0.26
6516,2,2013.0,7,55,0.1,0.26
6517,15,1999.0,3,144,0.04,0.26
6518,19,2009.0,3,445,0.0,0.26
6519,17,2007.0,6,487,0.18,0.26
6520,19,2008.0,2,347,0.0,0.26
6521,19,2009.0,0,85,0.0,0.26
6522,10,1996.0,0,21,0.21,0.26
6523,10,2000.0,9,288,0.21,0.26
6524,10,1999.0,8,177,0.21,0.26
6525,10,1999.0,8,17,0.21,0.26
6526,16,2007.0,10,138,0.13,0.26
6527,16,2004.0,9,240,0.06,0.26
6528,16,2002.0,10,275,0.13,0.26
6529,6,2002.0,1,355,0.19,0.26
6530,20,2013.0,7,299,0.13,0.26
6531,17,2014.0,0,445,0.0,0.26
6532,19,2009.0,0,21,0.11,0.26
6533,28,2010.0,10,21,0.17,0.26
6534,29,2003.0,10,485,0.19,0.26
6535,7,2001.0,1,524,0.2,0.26
6536,28,2014.0,0,21,0.1,0.26
6537,0,1981.0,10,53,0.24,0.26
6538,16,2009.0,10,138,0.12,0.26
6539,4,2007.0,11,347,0.0,0.26
6540,17,2007.0,0,524,0.2,0.26
6541,26,2009.0,0,21,0.14,0.26
6542,29,2003.0,7,53,0.19,0.26
6543,17,2012.0,1,160,0.05,0.26
6544,28,2012.0,7,160,0.15,0.26
6545,4,2011.0,3,430,0.15,0.26
6546,15,2000.0,6,17,0.14,0.26
6547,16,2001.0,7,137,0.13,0.26
6548,7,2003.0,6,543,0.2,0.26
6549,26,2008.0,3,224,0.01,0.26
6550,19,2009.0,10,455,0.24,0.26
6551,4,2004.0,5,359,0.13,0.26
6552,17,2014.0,0,499,0.0,0.26
6553,28,2014.0,6,91,0.08,0.26
6554,6,2004.0,0,359,0.1,0.26
6555,26,2007.0,0,487,0.24,0.26
6556,28,2005.0,0,524,0.2,0.26
6557,4,2008.0,1,182,0.24,0.26
6558,16,2005.0,9,63,0.0,0.26
6559,6,2003.0,0,275,0.18,0.26
6560,21,1997.0,2,85,0.0,0.26
6561,28,2013.0,8,138,0.16,0.26
6563,29,2005.0,1,138,0.19,0.26
6564,19,2007.0,6,445,0.03,0.26
6565,16,2004.0,2,232,0.13,0.26
6566,15,1998.0,2,540,0.14,0.26
6567,28,2008.0,8,53,0.08,0.26
6568,21,1996.0,10,445,0.0,0.26
6569,26,2009.0,10,6,0.17,0.26
6570,17,2013.0,0,347,0.1,0.26
6571,16,2002.0,1,455,0.13,0.26
6572,28,2006.0,10,499,0.15,0.26
6573,26,2008.0,9,524,0.23,0.26
6574,29,2005.0,3,487,0.19,0.26
6575,15,1998.0,6,491,0.0,0.26
6576,17,2012.0,0,455,0.0,0.26
6577,17,2011.0,0,66,0.12,0.26
6578,7,2004.0,4,21,0.2,0.26
6579,4,2006.0,1,126,0.23,0.26
6580,6,2002.0,4,138,0.18,0.26
6581,15,1999.0,9,165,0.07,0.26
6582,23,1999.0,11,359,0.0,0.26
6583,0,1987.0,8,53,0.24,0.26
6584,17,2008.0,6,138,0.22,0.26
6585,21,1997.0,7,224,0.0,0.26
6586,16,2007.0,9,63,0.0,0.26
6587,6,2002.0,6,285,0.18,0.26
6588,27,2016.0,0,359,0.03,0.26
6589,4,2009.0,1,493,0.24,0.26
6590,7,2002.0,10,241,0.2,0.26
6591,29,2002.0,10,17,0.19,0.26
6592,13,2010.0,9,524,0.0,0.26
6593,16,2004.0,6,21,0.13,0.26
6594,16,2009.0,1,137,0.0,0.26
6595,15,1999.0,10,138,0.14,0.26
6596,13,2011.0,0,288,0.1,0.26
6597,16,2003.0,10,455,0.13,0.26
6598,19,2005.0,6,91,0.0,0.26
6599,6,2002.0,11,63,0.0,0.26
6600,6,2002.0,4,275,0.16,0.26
6601,4,2005.0,3,359,0.21,0.26
6602,16,2001.0,6,455,0.13,0.26
6603,26,2011.0,3,493,0.23,0.26
6604,21,1996.0,7,345,0.0,0.26
6605,29,2004.0,7,17,0.19,0.26
6606,7,2004.0,10,138,0.2,0.26
6607,6,2001.0,2,524,0.18,0.25
6608,29,2003.0,9,288,0.19,0.25
6609,15,1998.0,10,59,0.0,0.25
6610,17,2007.0,0,138,0.16,0.25
6611,21,1998.0,11,347,0.0,0.25
6612,4,2008.0,9,524,0.23,0.25
6613,16,2006.0,0,487,0.12,0.25
6614,4,2010.0,7,21,0.22,0.25
6615,19,2007.0,3,101,0.24,0.25
6616,15,1999.0,7,4,0.14,0.25
6617,17,2012.0,1,457,0.04,0.25
6618,18,2015.0,4,455,0.09,0.25
6619,16,2009.0,0,288,0.17,0.25
6620,7,2002.0,1,543,0.15,0.25
6621,28,2008.0,6,138,0.23,0.25
6622,16,2000.0,10,493,0.12,0.25
6623,23,1991.0,11,499,0.0,0.25
6624,17,2009.0,8,543,0.12,0.25
6625,26,2008.0,0,85,0.14,0.25
6626,2,2011.0,9,524,0.11,0.25
6627,6,2006.0,4,543,0.18,0.25
6628,4,2006.0,0,126,0.23,0.25
6629,29,2005.0,3,21,0.19,0.25
6630,17,2014.0,3,445,0.09,0.25
6631,21,1994.0,8,17,0.0,0.25
6632,5,2000.0,10,275,0.0,0.25
6633,17,2012.0,7,160,0.1,0.25
6634,7,2006.0,0,325,0.2,0.25
6635,16,2003.0,3,126,0.12,0.25
6636,29,2002.0,10,138,0.19,0.25
6637,4,2009.0,3,524,0.21,0.25
6638,15,1998.0,2,508,0.14,0.25
6639,6,2002.0,4,126,0.18,0.25
6640,19,2010.0,3,445,0.0,0.25
6641,15,1994.0,11,43,0.0,0.25
6642,29,2001.0,3,323,0.19,0.25
6643,15,1999.0,3,524,0.14,0.25
6644,26,2007.0,10,21,0.22,0.25
6645,29,2003.0,10,323,0.2,0.25
6646,15,2000.0,8,476,0.14,0.25
6649,28,2006.0,6,487,0.22,0.25
6650,28,2012.0,0,21,0.14,0.25
6651,28,2011.0,0,487,0.16,0.25
6652,17,2009.0,0,487,0.15,0.25
6653,17,2012.0,9,275,0.1,0.25
6654,28,2008.0,0,21,0.12,0.25
6655,15,1996.0,6,413,0.14,0.25
6656,4,2007.0,9,142,0.09,0.25
6657,15,2001.0,0,60,0.14,0.25
6658,28,2007.0,0,138,0.22,0.25
6659,16,2008.0,0,499,0.0,0.25
6660,17,2011.0,3,524,0.1,0.25
6661,2,2013.0,10,138,0.0,0.25
6662,29,2004.0,8,543,0.19,0.25
6663,6,2001.0,5,21,0.1,0.25
6664,7,2005.0,8,138,0.19,0.25
6665,26,2008.0,0,21,0.22,0.25
6666,7,2003.0,4,445,0.19,0.25
6667,6,2001.0,3,325,0.18,0.25
6668,28,2009.0,0,487,0.25,0.25
6669,25,2001.0,7,465,0.0,0.25
6670,16,2002.0,6,455,0.12,0.25
6671,28,2011.0,0,21,0.18,0.25
6672,19,2008.0,10,138,0.06,0.25
6673,15,1997.0,7,207,0.0,0.25
6674,28,2006.0,0,487,0.21,0.25
6675,6,2004.0,3,296,0.18,0.25
6676,29,2005.0,10,138,0.19,0.25
6677,29,2004.0,3,53,0.19,0.25
6678,15,2000.0,2,524,0.14,0.25
6679,29,2003.0,8,524,0.16,0.25
6680,28,2007.0,6,487,0.23,0.25
6681,12,1994.0,2,437,0.0,0.25
6682,26,2007.0,2,325,0.21,0.25
6683,28,2008.0,10,493,0.14,0.25
6684,10,1999.0,7,275,0.16,0.25
6685,10,1999.0,10,325,0.23,0.25
6686,10,1998.0,10,164,0.2,0.25
6687,10,1997.0,3,493,0.2,0.25
6688,10,1997.0,6,372,0.2,0.25
6689,10,1997.0,6,524,0.11,0.25
6690,10,1998.0,0,177,0.2,0.25
6691,10,1997.0,10,325,0.23,0.25
6692,10,1999.0,10,359,0.2,0.25
6693,18,2015.0,2,347,0.07,0.25
6694,26,2010.0,3,330,0.0,0.25
6695,16,2008.0,0,543,0.12,0.25
6696,7,2003.0,2,138,0.19,0.25
6697,16,2005.0,4,487,0.12,0.25
6698,15,1996.0,6,455,0.0,0.25
6699,29,2005.0,9,138,0.19,0.25
6700,15,1998.0,3,246,0.14,0.25
6701,30,2015.0,7,464,0.15,0.25
6702,16,2003.0,10,445,0.12,0.25
6703,4,2006.0,7,359,0.0,0.25
6704,21,1998.0,10,445,0.0,0.25
6705,13,2011.0,1,493,0.08,0.25
6706,21,1998.0,1,346,0.0,0.25
6707,13,2012.0,0,464,0.03,0.25
6708,28,2008.0,1,126,0.18,0.25
6709,19,2009.0,7,21,0.17,0.25
6710,2,2015.0,7,166,0.11,0.25
6711,19,2009.0,7,362,0.1,0.25
6712,16,2005.0,0,85,0.03,0.25
6713,26,2008.0,3,126,0.2,0.25
6714,15,1995.0,10,17,0.14,0.25
6715,28,2006.0,8,524,0.2,0.25
6716,6,2002.0,7,348,0.18,0.25
6717,6,2002.0,10,275,0.0,0.25
6718,17,2011.0,0,21,0.14,0.25
6719,15,1998.0,0,17,0.14,0.25
6720,26,2009.0,0,21,0.19,0.25
6721,16,2002.0,10,347,0.0,0.25
6722,28,2012.0,0,499,0.16,0.25
6723,17,2010.0,4,109,0.12,0.25
6724,17,2015.0,0,445,0.0,0.25
6725,26,2010.0,0,524,0.11,0.25
6726,16,2008.0,0,499,0.12,0.25
6727,4,2009.0,9,524,0.16,0.25
6728,0,1982.0,0,2,0.23,0.25
6729,29,2005.0,8,524,0.19,0.25
6730,15,1999.0,7,524,0.14,0.25
6731,17,2010.0,3,455,0.07,0.25
6732,28,2007.0,9,6,0.19,0.25
6733,15,2000.0,6,138,0.14,0.25
6734,4,2009.0,9,138,0.23,0.25
6735,26,2010.0,4,487,0.22,0.25
6736,16,2006.0,1,524,0.12,0.25
6737,26,2007.0,10,85,0.2,0.25
6738,16,2001.0,6,455,0.12,0.25
6739,7,2005.0,4,325,0.19,0.25
6740,16,2007.0,6,487,0.12,0.25
6741,28,2009.0,6,21,0.14,0.25
6742,17,2007.0,0,138,0.18,0.25
6743,13,2015.0,11,524,0.02,0.25
6744,15,1999.0,11,138,0.14,0.25
6745,4,2008.0,5,430,0.06,0.25
6746,26,2009.0,7,85,0.0,0.25
6747,17,2009.0,6,91,0.08,0.25
6748,17,2010.0,3,138,0.18,0.25
6749,28,2013.0,0,275,0.06,0.25
6750,15,1996.0,8,275,0.14,0.25
6751,15,1996.0,4,455,0.05,0.25
6752,7,2002.0,3,53,0.19,0.25
6753,17,2008.0,6,70,0.12,0.25
6754,16,2004.0,7,464,0.12,0.25
6755,15,1997.0,6,491,0.0,0.25
6756,4,2009.0,1,126,0.22,0.25
6757,6,2002.0,0,543,0.18,0.25
6758,17,2007.0,10,461,0.23,0.25
6759,7,2005.0,7,21,0.19,0.25
6760,6,2005.0,3,564,0.18,0.25
6761,19,2007.0,6,524,0.03,0.25
6762,17,2008.0,8,91,0.21,0.25
6763,7,2002.0,10,359,0.19,0.25
6764,2,2014.0,1,286,0.04,0.25
6765,28,2011.0,0,524,0.07,0.25
6766,6,2004.0,6,359,0.11,0.25
6767,6,2004.0,8,359,0.08,0.25
6768,16,2008.0,1,487,0.12,0.25
6769,4,2013.0,9,126,0.13,0.25
6770,16,2005.0,1,198,0.12,0.24
6771,4,2008.0,7,347,0.0,0.24
6772,16,2006.0,7,347,0.12,0.24
6773,28,2011.0,0,499,0.16,0.24
6774,6,2005.0,9,524,0.18,0.24
6775,15,2001.0,10,275,0.0,0.24
6776,4,2010.0,8,21,0.22,0.24
6778,30,2014.0,6,524,0.12,0.24
6779,20,2015.0,0,547,0.03,0.24
6780,4,2008.0,7,430,0.11,0.24
6781,4,2006.0,1,126,0.23,0.24
6782,17,2010.0,6,21,0.21,0.24
6783,4,2011.0,0,275,0.0,0.24
6784,15,1995.0,11,330,0.14,0.24
6785,26,2009.0,1,524,0.12,0.24
6786,15,1996.0,10,499,0.04,0.24
6787,15,1997.0,0,455,0.14,0.24
6788,19,2005.0,10,455,0.23,0.24
6789,15,2000.0,8,4,0.14,0.24
6790,28,2008.0,11,138,0.16,0.24
6791,28,2011.0,3,445,0.16,0.24
6792,27,2012.0,10,138,0.22,0.24
6793,20,2014.0,1,301,0.11,0.24
6794,13,2011.0,8,487,0.11,0.24
6795,4,2009.0,3,126,0.08,0.24
6796,28,2009.0,0,21,0.2,0.24
6797,16,2002.0,3,487,0.12,0.24
6798,15,1999.0,9,275,0.0,0.24
6799,16,2003.0,10,275,0.12,0.24
6800,2,2011.0,9,347,0.1,0.24
6801,28,2009.0,10,23,0.23,0.24
6802,29,2004.0,6,347,0.18,0.24
6803,15,1995.0,10,455,0.0,0.24
6804,16,2003.0,4,17,0.12,0.24
6805,4,2008.0,0,445,0.22,0.24
6807,16,2006.0,2,85,0.11,0.24
6808,19,2011.0,10,275,0.0,0.24
6809,4,2009.0,1,524,0.1,0.24
6810,16,2005.0,8,138,0.12,0.24
6811,4,2006.0,1,524,0.11,0.24
6812,7,2005.0,9,524,0.19,0.24
6813,29,2002.0,0,85,0.14,0.24
6814,6,2005.0,4,359,0.17,0.24
6815,15,1997.0,2,555,0.04,0.24
6816,15,1997.0,0,413,0.13,0.24
6817,17,2010.0,10,524,0.06,0.24
6818,26,2010.0,0,21,0.13,0.24
6819,29,2003.0,6,485,0.18,0.24
6820,17,2011.0,7,362,0.05,0.24
6821,17,2008.0,3,292,0.21,0.24
6822,26,2010.0,10,224,0.15,0.24
6823,4,2005.0,0,138,0.21,0.24
6824,19,2005.0,3,325,0.21,0.24
6825,30,2015.0,6,91,0.08,0.24
6826,2,2013.0,4,21,0.1,0.24
6827,26,2010.0,10,553,0.23,0.24
6828,19,2008.0,7,362,0.05,0.24
6829,26,2008.0,3,138,0.2,0.24
6830,29,2003.0,6,17,0.18,0.24
6831,26,2008.0,3,292,0.17,0.24
6833,16,2005.0,3,445,0.12,0.24
6834,20,2012.0,2,85,0.14,0.24
6835,29,2003.0,8,347,0.18,0.24
6836,19,2010.0,4,109,0.1,0.24
6837,13,2010.0,8,487,0.0,0.24
6838,7,2005.0,0,524,0.19,0.24
6839,2,2015.0,7,55,0.16,0.24
6840,26,2007.0,3,21,0.22,0.24
6841,16,2003.0,7,63,0.0,0.24
6842,19,2010.0,10,275,0.0,0.24
6843,7,2001.0,6,138,0.19,0.24
6844,26,2010.0,1,487,0.16,0.24
6845,26,2008.0,10,378,0.02,0.24
6846,16,2006.0,3,445,0.0,0.24
6847,29,2001.0,0,323,0.18,0.24
6848,4,2007.0,7,430,0.16,0.24
6850,26,2010.0,0,547,0.17,0.24
6851,29,2005.0,2,53,0.18,0.24
6852,4,2008.0,9,487,0.22,0.24
6853,17,2012.0,10,138,0.09,0.24
6854,16,2003.0,7,445,0.0,0.24
6855,6,2005.0,5,347,0.17,0.24
6856,16,2005.0,6,530,0.12,0.24
6857,26,2009.0,3,524,0.22,0.24
6858,16,2007.0,6,21,0.12,0.24
6859,19,2006.0,7,430,0.15,0.24
6860,7,2004.0,7,301,0.19,0.24
6861,19,2009.0,10,138,0.21,0.24
6862,28,2006.0,0,138,0.2,0.24
6863,16,2008.0,10,275,0.0,0.24
6864,19,2009.0,6,487,0.18,0.24
6865,17,2009.0,0,21,0.19,0.24
6866,0,1981.0,0,490,0.22,0.24
6867,10,1999.0,0,325,0.19,0.24
6868,10,1999.0,3,17,0.19,0.24
6869,10,2000.0,3,325,0.19,0.24
6870,10,1999.0,6,487,0.19,0.24
6871,10,2000.0,2,325,0.19,0.24
6872,10,2000.0,0,4,0.19,0.24
6873,26,2008.0,3,292,0.21,0.24
6874,16,2002.0,10,445,0.12,0.24
6875,17,2009.0,0,347,0.0,0.24
6876,4,2011.0,0,138,0.12,0.24
6877,29,2003.0,10,138,0.18,0.24
6878,15,1998.0,4,372,0.13,0.24
6879,7,2005.0,0,21,0.19,0.24
6880,26,2009.0,10,91,0.0,0.24
6881,19,2007.0,0,493,0.22,0.24
6882,6,2005.0,10,21,0.17,0.24
6883,4,2007.0,6,487,0.22,0.24
6884,4,2009.0,5,487,0.22,0.24
6885,4,2008.0,1,407,0.13,0.24
6886,6,2004.0,4,359,0.0,0.24
6887,15,1998.0,8,17,0.13,0.24
6888,16,2003.0,0,455,0.0,0.24
6889,17,2011.0,3,487,0.15,0.24
6890,2,2014.0,0,547,0.09,0.24
6891,18,2014.0,0,499,0.08,0.24
6892,29,2003.0,4,543,0.18,0.24
6893,16,2008.0,9,275,0.12,0.24
6894,28,2012.0,6,91,0.08,0.24
6895,28,2009.0,7,112,0.18,0.24
6896,0,1980.0,3,53,0.22,0.24
6897,23,1996.0,7,465,0.0,0.24
6898,28,2011.0,0,21,0.18,0.24
6899,26,2010.0,1,347,0.16,0.24
6900,2,2015.0,4,359,0.09,0.24
6901,29,2001.0,6,189,0.18,0.24
6902,15,2002.0,6,553,0.13,0.24
6903,19,2009.0,7,206,0.19,0.24
6904,4,2010.0,1,160,0.07,0.24
6905,6,2004.0,0,493,0.17,0.24
6906,6,2004.0,1,182,0.17,0.24
6907,28,2007.0,3,323,0.19,0.24
6908,4,2009.0,5,524,0.0,0.24
6909,28,2012.0,0,85,0.15,0.24
6910,30,2016.0,0,547,0.12,0.24
6911,28,2009.0,0,499,0.16,0.24
6912,16,2003.0,3,455,0.12,0.24
6913,15,1998.0,0,246,0.13,0.24
6914,16,2004.0,7,325,0.12,0.24
6915,19,2009.0,10,138,0.12,0.24
6916,4,2008.0,3,21,0.22,0.24
6917,13,2011.0,5,160,0.0,0.24
6918,17,2012.0,7,120,0.04,0.24
6920,28,2015.0,3,21,0.12,0.24
6921,27,2013.0,3,359,0.06,0.24
6922,15,1995.0,10,138,0.13,0.24
6923,18,2014.0,0,362,0.13,0.24
6924,28,2009.0,7,66,0.16,0.24
6925,15,2000.0,0,455,0.13,0.24
6927,28,2011.0,3,487,0.16,0.24
6928,20,2012.0,0,547,0.09,0.24
6929,26,2010.0,6,160,0.1,0.24
6930,4,2009.0,5,359,0.0,0.24
6931,15,2000.0,8,214,0.13,0.24
6932,28,2009.0,0,138,0.17,0.24
6933,17,2010.0,7,499,0.08,0.24
6934,29,2006.0,10,138,0.18,0.24
6935,6,2003.0,0,272,0.17,0.24
6936,19,2013.0,7,347,0.0,0.24
6938,15,1998.0,3,355,0.13,0.24
6939,0,1988.0,0,21,0.22,0.24
6940,0,1981.0,8,305,0.22,0.24
6941,4,2010.0,5,470,0.11,0.24
6942,28,2009.0,0,53,0.16,0.24
6943,28,2013.0,8,493,0.1,0.24
6944,4,2008.0,7,445,0.09,0.24
6945,26,2011.0,6,21,0.22,0.24
6946,20,2012.0,0,275,0.13,0.24
6947,4,2006.0,7,275,0.17,0.24
6948,18,2014.0,1,501,0.1,0.24
6949,27,2012.0,0,126,0.14,0.24
6950,13,2011.0,7,459,0.16,0.24
6951,16,2007.0,6,138,0.12,0.24
6952,17,2008.0,0,21,0.12,0.23
6953,4,2010.0,3,493,0.16,0.23
6954,4,2008.0,6,138,0.18,0.23
6955,27,2016.0,0,547,0.12,0.23
6956,4,2006.0,7,492,0.22,0.23
6957,16,2003.0,4,60,0.11,0.23
6958,16,2004.0,3,275,0.11,0.23
6959,4,2010.0,3,126,0.16,0.23
6960,4,2010.0,9,275,0.0,0.23
6961,2,2015.0,7,362,0.09,0.23
6962,16,2006.0,0,347,0.0,0.23
6963,15,1998.0,2,540,0.13,0.23
6964,4,2013.0,4,524,0.0,0.23
6965,26,2009.0,3,487,0.0,0.23
6967,4,2007.0,6,21,0.22,0.23
6969,6,2003.0,11,63,0.0,0.23
6970,29,2003.0,6,138,0.18,0.23
6971,29,2002.0,0,138,0.18,0.23
6972,20,2016.0,0,547,0.07,0.23
6973,4,2010.0,0,288,0.18,0.23
6974,29,2005.0,0,138,0.18,0.23
6975,30,2013.0,3,296,0.17,0.23
6976,17,2011.0,0,347,0.0,0.23
6977,2,2015.0,0,359,0.0,0.23
6978,4,2005.0,5,359,0.15,0.23
6979,28,2011.0,10,445,0.11,0.23
6980,4,2011.0,0,487,0.16,0.23
6981,17,2008.0,7,362,0.14,0.23
6982,4,2008.0,9,6,0.22,0.23
6983,17,2011.0,10,21,0.17,0.23
6984,3,1999.0,10,445,0.0,0.23
6985,19,2005.0,5,347,0.13,0.23
6986,20,2011.0,0,524,0.14,0.23
6987,13,2015.0,11,445,0.09,0.23
6988,19,2005.0,10,138,0.19,0.23
6989,28,2010.0,10,445,0.08,0.23
6990,29,2002.0,10,445,0.17,0.23
6991,17,2009.0,3,455,0.0,0.23
6992,16,2004.0,6,53,0.11,0.23
6993,29,2003.0,6,142,0.17,0.23
6994,17,2013.0,0,499,0.0,0.23
6995,20,2012.0,3,445,0.0,0.23
6996,17,2008.0,8,445,0.14,0.23
6997,17,2011.0,3,455,0.13,0.23
6998,16,2001.0,6,17,0.11,0.23
6999,26,2007.0,6,564,0.22,0.23
7000,26,2009.0,3,292,0.22,0.23
7001,16,2002.0,0,527,0.11,0.23
7002,16,2006.0,10,445,0.0,0.23
7003,26,2007.0,0,547,0.21,0.23
7004,16,2005.0,7,85,0.0,0.23
7005,10,2000.0,10,17,0.22,0.23
7006,19,2005.0,3,400,0.2,0.23
7007,18,2015.0,7,347,0.09,0.23
7008,7,2002.0,8,21,0.18,0.23
7009,7,2003.0,0,524,0.18,0.23
7010,26,2008.0,1,21,0.2,0.23
7011,28,2009.0,3,292,0.22,0.23
7012,26,2010.0,11,487,0.11,0.23
7013,16,2003.0,10,445,0.11,0.23
7014,5,1997.0,9,536,0.0,0.23
7015,4,2009.0,9,524,0.16,0.23
7016,29,2005.0,0,543,0.17,0.23
7017,17,2009.0,1,126,0.14,0.23
7018,16,2002.0,10,455,0.11,0.23
7019,30,2015.0,0,21,0.16,0.23
7020,15,1998.0,2,347,0.13,0.23
7021,21,1995.0,2,445,0.0,0.23
7022,21,1996.0,7,263,0.0,0.23
7023,7,2002.0,4,487,0.18,0.23
7024,4,2008.0,10,524,0.21,0.23
7025,27,2014.0,0,547,0.1,0.23
7026,4,2008.0,3,126,0.19,0.23
7027,28,2005.0,0,493,0.21,0.23
7028,4,2006.0,11,487,0.19,0.23
7029,4,2008.0,9,53,0.2,0.23
7030,15,2001.0,8,524,0.13,0.23
7031,15,2000.0,10,455,0.13,0.23
7032,26,2007.0,10,123,0.21,0.23
7033,6,2005.0,3,275,0.17,0.23
7034,19,2013.0,10,138,0.0,0.23
7036,15,1998.0,9,413,0.13,0.23
7037,4,2010.0,1,359,0.0,0.23
7038,19,2008.0,11,275,0.0,0.23
7039,28,2009.0,0,499,0.13,0.23
7040,28,2014.0,2,347,0.13,0.23
7041,4,2008.0,9,176,0.21,0.23
7042,6,2005.0,10,138,0.17,0.23
7043,26,2011.0,3,275,0.15,0.23
7044,17,2007.0,6,138,0.15,0.23
7045,12,1994.0,2,437,0.0,0.23
7046,15,1996.0,0,34,0.13,0.23
7047,4,2008.0,7,430,0.21,0.23
7048,30,2015.0,6,450,0.08,0.23
7049,16,2010.0,10,493,0.11,0.23
7050,13,2015.0,8,21,0.0,0.23
7051,29,2004.0,0,493,0.17,0.23
7052,17,2011.0,0,21,0.13,0.23
7053,26,2009.0,0,487,0.08,0.23
7054,16,2001.0,10,455,0.11,0.23
7055,17,2009.0,10,23,0.21,0.23
7056,6,2002.0,4,85,0.16,0.23
7057,18,2014.0,10,138,0.15,0.23
7058,26,2008.0,5,85,0.19,0.23
7059,13,2012.0,7,120,0.0,0.23
7060,20,2016.0,0,464,0.0,0.23
7061,28,2011.0,0,487,0.2,0.23
7062,26,2008.0,0,524,0.2,0.23
7063,19,2012.0,1,347,0.0,0.23
7064,4,2007.0,10,21,0.21,0.23
7065,5,1992.0,5,359,0.0,0.23
7066,16,2003.0,10,445,0.0,0.23
7067,17,2009.0,0,499,0.0,0.23
7068,16,2007.0,3,21,0.11,0.23
7069,2,2011.0,2,487,0.15,0.23
7070,4,2007.0,0,359,0.09,0.23
7071,16,2005.0,0,455,0.11,0.23
7072,18,2016.0,10,6,0.02,0.23
7073,2,2011.0,3,21,0.22,0.23
7074,19,2009.0,1,347,0.0,0.23
7075,15,1997.0,0,177,0.13,0.23
7076,6,2007.0,1,21,0.16,0.23
7077,26,2008.0,9,524,0.21,0.23
7078,19,2009.0,2,347,0.0,0.23
7079,4,2008.0,10,445,0.0,0.23
7080,26,2006.0,10,359,0.14,0.23
7081,16,2003.0,6,137,0.11,0.23
7082,6,2004.0,7,85,0.16,0.23
7083,26,2009.0,1,21,0.21,0.23
7084,23,1996.0,7,144,0.0,0.23
7085,29,2003.0,8,138,0.17,0.23
7086,4,2005.0,2,511,0.0,0.23
7087,29,2003.0,8,21,0.17,0.23
7088,26,2010.0,10,275,0.08,0.23
7089,16,2007.0,1,126,0.11,0.23
7090,16,2006.0,7,464,0.06,0.23
7091,15,1997.0,7,413,0.13,0.23
7092,17,2010.0,10,275,0.0,0.23
7093,16,2008.0,0,487,0.11,0.23
7094,23,1991.0,8,359,0.0,0.23
7095,15,1998.0,0,177,0.13,0.23
7096,15,1999.0,11,63,0.0,0.23
7097,7,2002.0,10,138,0.18,0.23
7098,16,2003.0,8,564,0.11,0.23
7099,16,2003.0,10,325,0.11,0.23
7100,26,2009.0,9,138,0.18,0.23
7101,26,2010.0,6,126,0.18,0.23
7102,15,1995.0,8,372,0.06,0.23
7103,26,2007.0,10,6,0.21,0.23
7104,15,1997.0,2,540,0.06,0.23
7105,29,2004.0,3,564,0.17,0.23
7106,19,2008.0,7,430,0.09,0.23
7107,16,2006.0,7,347,0.11,0.23
7108,19,2006.0,7,499,0.15,0.23
7109,17,2012.0,1,455,0.19,0.23
7110,19,2008.0,10,138,0.21,0.23
7111,26,2010.0,10,109,0.21,0.23
7112,16,2003.0,10,455,0.11,0.23
7113,26,2009.0,3,366,0.19,0.23
7114,16,2004.0,1,487,0.11,0.23
7115,4,2007.0,11,445,0.2,0.23
7116,16,2007.0,3,455,0.11,0.23
7117,17,2011.0,8,524,0.09,0.23
7118,26,2010.0,0,487,0.14,0.23
7119,28,2008.0,3,292,0.21,0.23
7120,5,1996.0,5,359,0.0,0.23
7121,16,2002.0,10,455,0.11,0.23
7122,4,2011.0,1,443,0.21,0.23
7123,15,1998.0,2,511,0.0,0.23
7124,20,2015.0,0,301,0.06,0.23
7125,4,2006.0,7,347,0.0,0.23
7126,16,2002.0,10,455,0.11,0.23
7127,15,1997.0,4,372,0.13,0.23
7128,16,2003.0,0,269,0.11,0.23
7129,19,2005.0,10,138,0.2,0.23
7130,17,2014.0,7,347,0.0,0.23
7131,2,2011.0,6,126,0.21,0.23
7132,4,2008.0,9,524,0.2,0.23
7133,13,2012.0,8,493,0.11,0.23
7134,16,2002.0,0,325,0.11,0.22
7135,26,2008.0,2,138,0.2,0.22
7136,19,2006.0,7,137,0.2,0.22
7137,17,2011.0,0,347,0.0,0.22
7138,16,2008.0,2,325,0.1,0.22
7139,4,2006.0,3,275,0.18,0.22
7140,7,2004.0,2,138,0.17,0.22
7141,19,2013.0,7,347,0.0,0.22
7142,16,2005.0,0,445,0.11,0.22
7143,17,2013.0,0,120,0.12,0.22
7144,6,2001.0,3,491,0.16,0.22
7145,28,2013.0,0,347,0.12,0.22
7146,10,1997.0,3,347,0.0,0.22
7147,7,2003.0,3,17,0.17,0.22
7148,0,1981.0,8,2,0.21,0.22
7149,0,1982.0,0,75,0.21,0.22
7150,0,1981.0,0,391,0.21,0.22
7151,19,2009.0,7,156,0.14,0.22
7152,4,2010.0,0,487,0.17,0.22
7153,19,2007.0,0,347,0.0,0.22
7154,17,2009.0,0,126,0.13,0.22
7155,19,2011.0,0,281,0.0,0.22
7156,26,2010.0,3,109,0.21,0.22
7157,29,2004.0,8,436,0.17,0.22
7158,16,2002.0,10,101,0.11,0.22
7159,16,2004.0,8,347,0.11,0.22
7160,16,2005.0,3,224,0.0,0.22
7161,30,2015.0,7,347,0.13,0.22
7162,4,2008.0,9,6,0.21,0.22
7163,16,2010.0,4,109,0.13,0.22
7164,2,2013.0,0,445,0.0,0.22
7165,7,2002.0,7,53,0.17,0.22
7166,4,2009.0,4,524,0.2,0.22
7167,16,2008.0,6,85,0.01,0.22
7168,19,2011.0,10,138,0.21,0.22
7169,17,2011.0,0,85,0.0,0.22
7170,6,2001.0,7,524,0.11,0.22
7171,4,2008.0,7,206,0.1,0.22
7172,16,2005.0,6,198,0.11,0.22
7173,7,2004.0,10,138,0.17,0.22
7174,6,2004.0,10,359,0.16,0.22
7175,6,2005.0,0,487,0.16,0.22
7176,4,2008.0,1,524,0.21,0.22
7177,17,2010.0,6,85,0.05,0.22
7178,17,2011.0,7,301,0.14,0.22
7179,26,2009.0,4,296,0.19,0.22
7180,18,2016.0,8,493,0.09,0.22
7182,17,2013.0,7,499,0.06,0.22
7183,4,2010.0,5,57,0.13,0.22
7184,0,1981.0,0,53,0.21,0.22
7185,23,1992.0,4,224,0.0,0.22
7186,15,1998.0,5,17,0.12,0.22
7187,26,2007.0,4,543,0.18,0.22
7188,15,1996.0,10,17,0.12,0.22
7189,26,2006.0,0,325,0.19,0.22
7190,16,2004.0,2,347,0.03,0.22
7191,26,2008.0,3,524,0.2,0.22
7192,16,2002.0,8,85,0.07,0.22
7193,26,2008.0,10,21,0.2,0.22
7194,16,2003.0,0,347,0.0,0.22
7195,2,2011.0,4,445,0.14,0.22
7196,26,2011.0,0,487,0.19,0.22
7197,4,2006.0,10,21,0.2,0.22
7198,6,2004.0,4,85,0.16,0.22
7199,13,2012.0,0,547,0.07,0.22
7200,17,2013.0,0,464,0.07,0.22
7201,19,2007.0,0,543,0.03,0.22
7202,17,2014.0,0,275,0.03,0.22
7203,26,2010.0,0,487,0.19,0.22
7204,4,2008.0,3,11,0.2,0.22
7205,26,2008.0,0,524,0.16,0.22
7206,15,1999.0,10,305,0.12,0.22
7207,26,2010.0,1,524,0.12,0.22
7209,19,2007.0,0,142,0.09,0.22
7210,17,2013.0,7,362,0.05,0.22
7211,13,2015.0,8,524,0.12,0.22
7212,20,2012.0,0,524,0.09,0.22
7214,6,2004.0,3,53,0.16,0.22
7215,4,2009.0,9,524,0.2,0.22
7216,17,2014.0,1,501,0.09,0.22
7217,6,2004.0,7,138,0.16,0.22
7218,26,2009.0,1,120,0.09,0.22
7219,29,2004.0,0,325,0.16,0.22
7220,18,2016.0,7,464,0.0,0.22
7221,7,2002.0,5,487,0.17,0.22
7222,28,2014.0,1,21,0.11,0.22
7223,10,2000.0,2,17,0.18,0.22
7224,10,2000.0,0,85,0.14,0.22
7225,10,1996.0,10,238,0.0,0.22
7226,10,1999.0,0,177,0.18,0.22
7227,10,2000.0,5,347,0.18,0.22
7228,26,2009.0,7,347,0.0,0.22
7229,4,2008.0,11,487,0.17,0.22
7230,7,2004.0,0,85,0.17,0.22
7231,4,2009.0,1,524,0.2,0.22
7232,26,2009.0,6,564,0.21,0.22
7233,16,2002.0,3,17,0.11,0.22
7234,4,2007.0,5,57,0.03,0.22
7235,15,1996.0,10,17,0.12,0.22
7236,4,2008.0,1,53,0.04,0.22
7237,4,2007.0,8,137,0.2,0.22
7238,28,2009.0,11,265,0.15,0.22
7239,29,2002.0,3,241,0.16,0.22
7240,28,2009.0,0,109,0.11,0.22
7241,15,1998.0,10,164,0.12,0.22
7242,26,2009.0,0,138,0.17,0.22
7243,29,2004.0,8,137,0.16,0.22
7244,28,2011.0,0,66,0.13,0.22
7245,15,1998.0,11,275,0.05,0.22
7246,18,2016.0,7,347,0.0,0.22
7247,7,2001.0,10,17,0.17,0.22
7248,16,2004.0,7,6,0.11,0.22
7249,16,2001.0,9,441,0.11,0.22
7250,3,2000.0,2,540,0.0,0.22
7251,26,2008.0,10,138,0.19,0.22
7252,4,2009.0,7,445,0.07,0.22
7253,28,2011.0,3,528,0.11,0.22
7254,18,2015.0,0,21,0.1,0.22
7255,4,2008.0,3,347,0.0,0.22
7256,7,2005.0,0,138,0.17,0.22
7257,26,2011.0,3,487,0.2,0.22
7258,17,2015.0,3,524,0.1,0.22
7259,17,2009.0,3,101,0.2,0.22
7260,16,2009.0,3,21,0.11,0.22
7261,16,2001.0,10,17,0.11,0.22
7262,5,1997.0,5,359,0.0,0.22
7263,28,2008.0,10,138,0.2,0.22
7264,28,2006.0,8,445,0.19,0.22
7265,13,2011.0,0,120,0.12,0.22
7266,16,2006.0,7,430,0.11,0.22
7267,4,2009.0,5,138,0.01,0.22
7268,27,2015.0,7,359,0.1,0.22
7269,16,2003.0,10,138,0.11,0.22
7270,6,2002.0,0,359,0.16,0.22
7271,2,2012.0,1,359,0.12,0.22
7272,19,2005.0,10,455,0.2,0.22
7273,6,2003.0,0,511,0.16,0.22
7274,19,2009.0,7,55,0.08,0.22
7275,4,2007.0,1,499,0.0,0.22
7276,16,2002.0,6,21,0.11,0.22
7277,4,2006.0,10,138,0.2,0.22
7278,16,2006.0,10,275,0.0,0.22
7279,7,2002.0,10,445,0.17,0.22
7280,18,2015.0,0,367,0.09,0.22
7281,15,2001.0,10,493,0.12,0.22
7282,4,2005.0,4,359,0.0,0.22
7283,6,2003.0,4,564,0.16,0.22
7284,4,2008.0,3,487,0.2,0.22
7285,16,2008.0,10,275,0.0,0.22
7286,15,1999.0,0,455,0.12,0.22
7287,15,1999.0,6,138,0.12,0.22
7288,17,2013.0,8,85,0.07,0.22
7289,26,2008.0,3,564,0.19,0.22
7290,2,2015.0,11,359,0.14,0.22
7291,17,2010.0,6,70,0.05,0.22
7292,18,2013.0,10,138,0.14,0.22
7293,7,2004.0,0,487,0.17,0.22
7294,21,1995.0,10,445,0.0,0.22
7295,6,2003.0,3,91,0.15,0.22
7296,26,2008.0,10,112,0.0,0.22
7297,6,2002.0,3,487,0.15,0.22
7298,7,2005.0,0,21,0.17,0.22
7299,28,2013.0,8,88,0.06,0.22
7300,28,2006.0,9,524,0.19,0.22
7301,23,1993.0,0,347,0.0,0.22
7302,17,2010.0,9,21,0.11,0.22
7303,20,2015.0,0,347,0.0,0.22
7304,16,2002.0,1,137,0.11,0.22
7305,28,2012.0,9,347,0.13,0.22
7306,13,2003.0,7,81,0.0,0.22
7307,19,2012.0,0,347,0.0,0.22
7308,4,2008.0,0,499,0.17,0.22
7309,18,2015.0,6,328,0.03,0.22
7310,4,2008.0,7,232,0.12,0.22
7311,30,2014.0,7,464,0.1,0.22
7312,15,2000.0,10,275,0.12,0.21
7313,16,2001.0,10,487,0.11,0.21
7314,17,2008.0,1,528,0.12,0.21
7315,15,2001.0,10,23,0.12,0.21
7316,19,2006.0,7,193,0.1,0.21
7317,26,2010.0,3,359,0.2,0.21
7318,20,2013.0,1,381,0.07,0.21
7319,16,2004.0,6,524,0.11,0.21
7320,15,1996.0,4,61,0.12,0.21
7321,17,2011.0,3,455,0.0,0.21
7322,7,2005.0,3,347,0.17,0.21
7323,16,2004.0,6,137,0.11,0.21
7324,19,2005.0,10,455,0.2,0.21
7325,16,2009.0,2,524,0.11,0.21
7326,21,1997.0,10,445,0.0,0.21
7327,2,2011.0,0,21,0.16,0.21
7328,26,2007.0,7,464,0.09,0.21
7329,21,1997.0,7,263,0.0,0.21
7330,4,2007.0,10,347,0.0,0.21
7331,16,2002.0,0,27,0.03,0.21
7332,21,1997.0,1,238,0.0,0.21
7333,26,2010.0,3,367,0.0,0.21
7334,26,2008.0,10,53,0.2,0.21
7335,26,2011.0,0,275,0.08,0.21
7336,20,2013.0,0,362,0.09,0.21
7337,16,2008.0,6,547,0.1,0.21
7338,28,2006.0,10,493,0.2,0.21
7339,30,2014.0,0,21,0.12,0.21
7340,28,2011.0,10,21,0.18,0.21
7341,7,2006.0,1,487,0.17,0.21
7342,15,1999.0,0,138,0.12,0.21
7343,19,2010.0,2,487,0.11,0.21
7344,17,2008.0,6,487,0.1,0.21
7345,16,2000.0,6,246,0.1,0.21
7346,2,2012.0,9,275,0.0,0.21
7347,16,2004.0,7,524,0.1,0.21
7348,28,2007.0,10,138,0.2,0.21
7349,16,2006.0,3,224,0.0,0.21
7350,6,2002.0,8,485,0.15,0.21
7352,29,2003.0,2,199,0.16,0.21
7353,17,2010.0,0,347,0.0,0.21
7354,16,2002.0,11,524,0.1,0.21
7355,4,2005.0,10,21,0.19,0.21
7356,17,2011.0,4,487,0.11,0.21
7357,28,2009.0,10,493,0.19,0.21
7358,29,2002.0,8,527,0.16,0.21
7359,28,2009.0,1,126,0.14,0.21
7360,28,2009.0,8,487,0.12,0.21
7361,26,2008.0,0,487,0.19,0.21
7362,29,2005.0,10,493,0.16,0.21
7363,29,2004.0,0,21,0.16,0.21
7364,16,2005.0,3,493,0.1,0.21
7365,28,2010.0,0,120,0.07,0.21
7366,16,2004.0,8,275,0.1,0.21
7367,19,2005.0,10,138,0.2,0.21
7368,17,2014.0,6,91,0.05,0.21
7371,0,1981.0,10,53,0.2,0.21
7372,26,2011.0,3,528,0.0,0.21
7373,4,2011.0,11,275,0.1,0.21
7374,28,2015.0,0,275,0.12,0.21
7375,28,2010.0,3,138,0.17,0.21
7376,17,2009.0,0,138,0.11,0.21
7377,28,2007.0,3,524,0.18,0.21
7378,16,2004.0,0,85,0.1,0.21
7379,16,2001.0,8,138,0.1,0.21
7380,16,2005.0,4,347,0.1,0.21
7381,7,2003.0,2,511,0.0,0.21
7383,15,1996.0,1,399,0.0,0.21
7384,18,2014.0,0,21,0.07,0.21
7385,23,1995.0,2,347,0.0,0.21
7386,26,2009.0,1,176,0.12,0.21
7387,2,2014.0,0,299,0.09,0.21
7388,19,2009.0,2,487,0.17,0.21
7389,4,2008.0,0,126,0.19,0.21
7390,17,2011.0,10,499,0.06,0.21
7391,15,2000.0,2,17,0.12,0.21
7392,26,2009.0,10,257,0.15,0.21
7393,29,2005.0,8,524,0.16,0.21
7394,26,2011.0,10,21,0.15,0.21
7395,19,2005.0,1,524,0.18,0.21
7396,28,2009.0,10,553,0.2,0.21
7397,16,2005.0,11,464,0.0,0.21
7398,16,2003.0,4,85,0.1,0.21
7399,7,2003.0,4,487,0.16,0.21
7400,26,2010.0,3,347,0.2,0.21
7401,4,2009.0,0,565,0.2,0.21
7402,19,2010.0,10,455,0.06,0.21
7403,16,2002.0,7,487,0.1,0.21
7404,15,2002.0,4,485,0.12,0.21
7405,16,2001.0,1,275,0.09,0.21
7407,29,2003.0,10,23,0.16,0.21
7408,27,2013.0,9,126,0.15,0.21
7409,19,2007.0,10,6,0.19,0.21
7410,19,2005.0,3,21,0.19,0.21
7411,10,1997.0,2,246,0.17,0.21
7412,10,1999.0,3,214,0.17,0.21
7413,10,1998.0,2,487,0.17,0.21
7414,10,2000.0,6,325,0.17,0.21
7415,10,1999.0,4,101,0.17,0.21
7416,10,1999.0,8,540,0.17,0.21
7417,2,2012.0,7,359,0.13,0.21
7418,28,2012.0,0,21,0.2,0.21
7419,15,1996.0,7,446,0.0,0.21
7420,28,2008.0,6,70,0.06,0.21
7421,21,1996.0,2,437,0.0,0.21
7422,7,2003.0,0,138,0.16,0.21
7424,15,1997.0,7,374,0.12,0.21
7425,15,1999.0,7,465,0.12,0.21
7426,15,2000.0,7,455,0.0,0.21
7427,6,2004.0,4,275,0.0,0.21
7428,28,2007.0,0,323,0.18,0.21
7429,28,2009.0,0,186,0.12,0.21
7430,16,2002.0,0,137,0.1,0.21
7431,29,2004.0,8,53,0.17,0.21
7432,16,2001.0,6,138,0.1,0.21
7433,16,2008.0,0,21,0.1,0.21
7434,17,2013.0,7,362,0.09,0.21
7435,29,2005.0,0,138,0.16,0.21
7436,26,2012.0,3,524,0.15,0.21
7437,16,2006.0,10,275,0.0,0.21
7438,6,2003.0,4,485,0.15,0.21
7439,4,2010.0,7,359,0.08,0.21
7440,19,2010.0,7,347,0.0,0.21
7441,29,2002.0,0,445,0.13,0.21
7442,7,2001.0,10,325,0.16,0.21
7443,26,2010.0,0,487,0.12,0.21
7444,7,2002.0,10,138,0.16,0.21
7445,28,2009.0,10,566,0.18,0.21
7446,15,1999.0,6,413,0.12,0.21
7447,16,2000.0,10,275,0.1,0.21
7448,16,2005.0,0,137,0.1,0.21
7449,4,2008.0,10,21,0.19,0.21
7450,4,2009.0,11,347,0.0,0.21
7451,15,2000.0,2,325,0.12,0.21
7452,20,2014.0,0,547,0.03,0.21
7453,20,2014.0,4,524,0.03,0.21
7454,4,2007.0,7,347,0.19,0.21
7455,4,2008.0,6,137,0.19,0.21
7456,4,2011.0,5,443,0.19,0.21
7457,16,2006.0,7,499,0.0,0.21
7458,28,2010.0,8,296,0.19,0.21
7459,16,2005.0,0,487,0.1,0.21
7460,28,2010.0,8,347,0.11,0.21
7461,28,2007.0,10,138,0.19,0.21
7462,29,2002.0,10,138,0.15,0.21
7463,17,2011.0,0,487,0.11,0.21
7464,21,1995.0,2,17,0.0,0.21
7465,4,2008.0,3,21,0.19,0.21
7466,19,2005.0,10,138,0.19,0.21
7467,15,1998.0,1,455,0.0,0.21
7468,16,2002.0,10,445,0.1,0.21
7469,4,2006.0,3,347,0.0,0.21
7471,17,2010.0,10,275,0.0,0.21
7472,26,2008.0,3,487,0.19,0.21
7473,6,2001.0,2,524,0.09,0.21
7474,26,2011.0,7,301,0.14,0.21
7475,4,2012.0,0,21,0.15,0.21
7476,19,2009.0,10,138,0.19,0.21
7477,16,2002.0,10,564,0.04,0.21
7478,26,2009.0,9,524,0.13,0.21
7479,7,2002.0,0,53,0.16,0.21
7480,29,2004.0,10,198,0.15,0.21
7481,2,2012.0,0,359,0.0,0.21
7482,17,2012.0,0,445,0.1,0.21
7483,28,2009.0,1,524,0.1,0.21
7484,13,2013.0,8,515,0.14,0.21
7485,19,2011.0,10,445,0.0,0.21
7486,2,2015.0,0,547,0.05,0.21
7487,15,2000.0,1,241,0.11,0.21
7488,4,2006.0,6,138,0.17,0.21
7489,7,2005.0,2,53,0.16,0.21
7490,17,2010.0,0,455,0.06,0.21
7491,17,2012.0,0,275,0.0,0.21
7492,29,2003.0,4,21,0.15,0.21
7493,6,2002.0,0,487,0.15,0.21
7494,18,2014.0,1,501,0.1,0.21
7495,19,2006.0,11,53,0.18,0.2
7496,26,2010.0,11,524,0.15,0.2
7497,18,2016.0,0,499,0.02,0.2
7498,12,1995.0,2,437,0.0,0.2
7499,4,2009.0,9,6,0.19,0.2
7500,6,2002.0,3,17,0.15,0.2
7501,26,2010.0,10,21,0.19,0.2
7502,17,2007.0,7,524,0.17,0.2
7503,6,2004.0,0,53,0.15,0.2
7504,26,2011.0,2,487,0.11,0.2
7505,5,2000.0,11,359,0.0,0.2
7506,19,2008.0,3,101,0.19,0.2
7507,28,2011.0,3,487,0.19,0.2
7508,4,2009.0,1,88,0.07,0.2
7509,30,2014.0,10,138,0.17,0.2
7510,16,2004.0,2,85,0.1,0.2
7511,2,2011.0,0,275,0.16,0.2
7512,23,1995.0,11,347,0.0,0.2
7513,16,2005.0,10,53,0.1,0.2
7514,29,2001.0,6,241,0.15,0.2
7515,26,2009.0,0,445,0.17,0.2
7516,4,2009.0,5,281,0.0,0.2
7517,28,2010.0,9,265,0.11,0.2
7518,26,2009.0,10,70,0.14,0.2
7519,16,2007.0,0,85,0.0,0.2
7520,16,2008.0,3,455,0.0,0.2
7521,13,2011.0,7,528,0.09,0.2
7522,16,2005.0,11,275,0.06,0.2
7523,29,2005.0,10,138,0.15,0.2
7524,17,2011.0,10,493,0.15,0.2
7525,17,2006.0,9,347,0.06,0.2
7526,3,2000.0,7,445,0.0,0.2
7527,29,2002.0,6,445,0.14,0.2
7528,28,2008.0,7,524,0.16,0.2
7529,26,2011.0,3,524,0.0,0.2
7530,29,2006.0,6,493,0.15,0.2
7531,16,2000.0,10,275,0.0,0.2
7532,13,2011.0,8,487,0.09,0.2
7533,6,2005.0,3,564,0.15,0.2
7534,16,2005.0,3,101,0.1,0.2
7535,23,1994.0,6,62,0.0,0.2
7536,19,2012.0,7,445,0.0,0.2
7537,17,2013.0,7,362,0.05,0.2
7538,17,2014.0,7,499,0.06,0.2
7539,26,2009.0,3,330,0.0,0.2
7540,16,2008.0,10,101,0.1,0.2
7541,16,2006.0,2,232,0.1,0.2
7542,16,2003.0,10,275,0.0,0.2
7543,17,2011.0,2,381,0.04,0.2
7544,2,2012.0,2,359,0.06,0.2
7545,4,2008.0,3,330,0.0,0.2
7546,28,2011.0,3,6,0.17,0.2
7547,19,2010.0,10,455,0.19,0.2
7548,30,2015.0,11,323,0.14,0.2
7549,28,2009.0,10,91,0.0,0.2
7550,16,2004.0,6,400,0.1,0.2
7551,7,2005.0,3,487,0.16,0.2
7552,21,1996.0,11,342,0.0,0.2
7553,12,1994.0,2,437,0.0,0.2
7554,29,2002.0,10,325,0.15,0.2
7555,26,2009.0,0,347,0.13,0.2
7556,26,2009.0,7,126,0.16,0.2
7557,17,2011.0,8,109,0.06,0.2
7558,16,2004.0,4,21,0.1,0.2
7559,4,2009.0,7,21,0.16,0.2
7560,7,2003.0,2,347,0.0,0.2
7561,13,2015.0,0,524,0.1,0.2
7562,6,2003.0,10,487,0.14,0.2
7563,16,2001.0,6,241,0.09,0.2
7564,13,2016.0,11,493,0.09,0.2
7565,17,2010.0,10,91,0.0,0.2
7566,16,2004.0,10,445,0.1,0.2
7567,26,2009.0,3,487,0.17,0.2
7568,16,2000.0,2,465,0.0,0.2
7569,17,2011.0,0,362,0.0,0.2
7570,17,2007.0,8,91,0.17,0.2
7571,6,2003.0,9,524,0.14,0.2
7572,17,2011.0,0,445,0.1,0.2
7573,20,2012.0,10,455,0.18,0.2
7574,7,2004.0,4,487,0.16,0.2
7575,18,2016.0,10,138,0.13,0.2
7576,21,1996.0,8,347,0.0,0.2
7577,4,2011.0,9,6,0.13,0.2
7578,19,2012.0,0,445,0.0,0.2
7579,29,2002.0,10,445,0.15,0.2
7580,6,2003.0,4,21,0.14,0.2
7581,19,2011.0,7,445,0.0,0.2
7582,29,2006.0,6,487,0.15,0.2
7583,16,2003.0,3,347,0.0,0.2
7584,4,2009.0,9,524,0.19,0.2
7585,7,2002.0,6,325,0.16,0.2
7586,19,2008.0,0,499,0.02,0.2
7587,16,2005.0,8,138,0.1,0.2
7588,6,2001.0,10,524,0.14,0.2
7589,15,1996.0,7,43,0.06,0.2
7590,28,2005.0,6,347,0.1,0.2
7591,18,2013.0,11,21,0.1,0.2
7592,4,2009.0,3,493,0.19,0.2
7593,4,2009.0,3,524,0.19,0.2
7594,4,2009.0,9,50,0.19,0.2
7595,28,2010.0,8,464,0.1,0.2
7596,28,2010.0,3,347,0.1,0.2
7597,15,1997.0,8,246,0.11,0.2
7598,28,2007.0,6,21,0.18,0.2
7599,17,2009.0,0,53,0.12,0.2
7600,16,2009.0,3,292,0.1,0.2
7601,28,2012.0,9,275,0.14,0.2
7602,7,2004.0,4,138,0.15,0.2
7603,15,1998.0,6,455,0.11,0.2
7604,19,2011.0,7,156,0.0,0.2
7605,17,2010.0,0,275,0.1,0.2
7606,4,2010.0,5,57,0.07,0.2
7607,30,2015.0,0,120,0.1,0.2
7608,27,2013.0,2,547,0.1,0.2
7609,29,2003.0,10,138,0.15,0.2
7610,4,2010.0,1,524,0.13,0.2
7611,13,2004.0,8,288,0.06,0.2
7612,16,2003.0,10,455,0.1,0.2
7613,29,2005.0,0,126,0.15,0.2
7614,10,2000.0,4,524,0.16,0.2
7616,10,1999.0,6,508,0.06,0.2
7617,10,1997.0,5,21,0.13,0.2
7618,10,1998.0,10,269,0.16,0.2
7619,10,2000.0,4,21,0.16,0.2
7620,10,2000.0,6,17,0.16,0.2
7621,10,1998.0,8,203,0.16,0.2
7622,10,2000.0,6,325,0.16,0.2
7623,10,1999.0,11,63,0.0,0.2
7624,10,1996.0,10,55,0.16,0.2
7625,19,2006.0,10,455,0.18,0.2
7626,29,2003.0,6,66,0.15,0.2
7627,19,2010.0,7,445,0.0,0.2
7628,4,2011.0,9,21,0.14,0.2
7629,2,2012.0,0,26,0.16,0.2
7630,4,2008.0,0,137,0.16,0.2
7631,19,2005.0,2,455,0.18,0.2
7632,18,2015.0,10,21,0.09,0.2
7633,16,2002.0,3,441,0.0,0.2
7634,6,2005.0,3,347,0.14,0.2
7635,16,2008.0,6,556,0.1,0.2
7636,17,2013.0,7,362,0.06,0.2
7637,15,1999.0,11,499,0.0,0.2
7638,26,2010.0,6,487,0.15,0.2
7639,26,2010.0,3,347,0.0,0.2
7640,17,2011.0,10,487,0.08,0.2
7641,13,2012.0,11,445,0.07,0.2
7642,16,2009.0,10,493,0.1,0.2
7643,29,2002.0,10,21,0.15,0.2
7644,23,1996.0,7,465,0.0,0.2
7645,17,2006.0,7,138,0.14,0.2
7646,29,2005.0,0,138,0.15,0.2
7647,21,1994.0,8,445,0.0,0.2
7649,17,2013.0,10,275,0.0,0.2
7650,26,2009.0,0,122,0.14,0.2
7651,18,2016.0,8,493,0.05,0.2
7652,17,2010.0,9,275,0.12,0.2
7653,16,2007.0,10,23,0.1,0.2
7654,3,2000.0,7,524,0.0,0.2
7655,15,1996.0,3,455,0.02,0.2
7656,4,2008.0,3,126,0.18,0.2
7657,26,2011.0,10,487,0.12,0.2
7658,28,2014.0,1,286,0.05,0.2
7659,29,2004.0,0,21,0.15,0.2
7660,7,2004.0,10,138,0.15,0.2
7661,19,2013.0,10,275,0.0,0.2
7662,16,2005.0,0,275,0.1,0.2
7663,4,2008.0,3,524,0.0,0.2
7664,28,2007.0,8,21,0.18,0.2
7665,20,2011.0,6,347,0.04,0.2
7666,4,2008.0,7,445,0.1,0.2
7667,16,2003.0,11,21,0.1,0.2
7668,26,2011.0,3,524,0.19,0.2
7669,29,2001.0,10,17,0.15,0.2
7670,4,2009.0,9,138,0.18,0.2
7671,19,2012.0,10,275,0.0,0.2
7672,2,2016.0,0,206,0.0,0.2
7673,7,2002.0,4,487,0.15,0.2
7674,28,2008.0,7,98,0.18,0.2
7675,28,2008.0,6,487,0.12,0.2
7676,19,2007.0,11,493,0.16,0.2
7677,16,2004.0,3,347,0.0,0.2
7678,16,2004.0,3,347,0.1,0.2
7679,28,2008.0,3,126,0.18,0.2
7680,19,2005.0,0,138,0.17,0.2
7681,15,1995.0,5,17,0.11,0.2
7682,13,2014.0,7,524,0.07,0.2
7683,19,2006.0,8,524,0.17,0.2
7684,29,2003.0,5,487,0.15,0.2
7685,17,2006.0,9,6,0.09,0.2
7686,30,2014.0,0,464,0.1,0.2
7687,16,2004.0,0,53,0.1,0.2
7688,23,1991.0,10,105,0.0,0.2
7689,26,2008.0,10,21,0.18,0.2
7690,27,2013.0,0,85,0.07,0.2
7691,26,2009.0,9,296,0.18,0.2
7692,16,2002.0,6,241,0.1,0.2
7693,19,2006.0,5,101,0.18,0.2
7694,26,2011.0,6,21,0.18,0.2
7695,6,2003.0,10,53,0.14,0.2
7696,16,2005.0,9,524,0.1,0.2
7697,19,2010.0,10,275,0.0,0.2
7698,26,2008.0,7,445,0.08,0.2
7699,19,2011.0,7,455,0.0,0.2
7700,15,2002.0,0,347,0.0,0.2
7701,19,2005.0,10,138,0.18,0.2
7702,28,2007.0,0,487,0.16,0.2
7703,6,2007.0,0,487,0.14,0.2
7704,6,2002.0,4,487,0.14,0.2
7705,28,2007.0,0,499,0.17,0.2
7706,7,2004.0,3,293,0.15,0.2
7707,29,2002.0,1,543,0.15,0.2
7708,15,2000.0,0,524,0.11,0.2
7709,6,2001.0,0,487,0.14,0.2
7710,4,2008.0,5,366,0.05,0.2
7711,4,2009.0,0,21,0.15,0.2
7712,19,2011.0,10,275,0.0,0.2
7713,4,2006.0,3,448,0.0,0.2
7714,29,2002.0,7,540,0.15,0.2
7715,19,2006.0,0,493,0.18,0.2
7716,7,2004.0,0,524,0.15,0.2
7717,29,2002.0,2,101,0.14,0.2
7718,2,2012.0,7,347,0.0,0.2
7719,26,2011.0,0,487,0.15,0.2
7721,2,2016.0,4,85,0.13,0.2
7722,16,2005.0,0,543,0.1,0.2
7723,26,2009.0,0,275,0.15,0.2
7724,2,2012.0,0,21,0.18,0.2
7725,16,2005.0,6,556,0.1,0.2
7726,13,2009.0,1,317,0.0,0.2
7727,4,2008.0,3,487,0.18,0.2
7728,20,2013.0,7,362,0.06,0.2
7729,18,2015.0,8,423,0.04,0.2
7730,16,2001.0,10,455,0.1,0.2
7731,16,2008.0,7,207,0.07,0.2
7732,16,2003.0,0,436,0.1,0.2
7733,6,2002.0,3,60,0.14,0.2
7734,4,2008.0,7,499,0.16,0.19
7735,17,2012.0,6,91,0.02,0.19
7736,4,2008.0,9,122,0.18,0.19
7737,26,2008.0,8,565,0.18,0.19
7738,17,2008.0,7,91,0.05,0.19
7739,29,2002.0,6,142,0.15,0.19
7740,16,2005.0,3,455,0.1,0.19
7741,6,2003.0,4,543,0.14,0.19
7742,16,2006.0,2,232,0.07,0.19
7743,27,2012.0,0,359,0.15,0.19
7744,13,2013.0,0,120,0.06,0.19
7745,15,1996.0,2,347,0.0,0.19
7746,28,2012.0,0,275,0.11,0.19
7747,18,2014.0,7,160,0.07,0.19
7748,28,2008.0,8,137,0.08,0.19
7749,17,2010.0,0,275,0.1,0.19
7750,17,2009.0,0,21,0.13,0.19
7751,16,2005.0,8,524,0.1,0.19
7752,26,2009.0,7,301,0.13,0.19
7753,26,2009.0,3,493,0.18,0.19
7754,4,2005.0,0,445,0.0,0.19
7755,28,2008.0,0,347,0.07,0.19
7756,4,2009.0,9,524,0.18,0.19
7757,23,1996.0,3,363,0.0,0.19
7758,6,2001.0,7,524,0.14,0.19
7759,26,2008.0,0,543,0.17,0.19
7760,19,2012.0,3,461,0.0,0.19
7761,13,2010.0,8,445,0.0,0.19
7762,7,2006.0,4,543,0.15,0.19
7763,19,2011.0,1,263,0.0,0.19
7764,28,2006.0,7,524,0.16,0.19
7765,6,2002.0,0,484,0.14,0.19
7766,4,2009.0,10,275,0.0,0.19
7767,15,1997.0,10,275,0.0,0.19
7768,13,2015.0,9,138,0.05,0.19
7769,23,1993.0,3,441,0.0,0.19
7770,2,2011.0,3,347,0.1,0.19
7771,17,2010.0,8,499,0.05,0.19
7772,29,2004.0,0,493,0.14,0.19
7773,16,2002.0,10,455,0.09,0.19
7774,17,2011.0,9,567,0.1,0.19
7775,26,2011.0,3,487,0.14,0.19
7776,4,2009.0,3,564,0.18,0.19
7777,4,2010.0,3,275,0.11,0.19
7778,4,2008.0,7,464,0.11,0.19
7779,19,2005.0,0,524,0.16,0.19
7780,4,2009.0,8,464,0.17,0.19
7781,19,2009.0,0,21,0.13,0.19
7782,2,2015.0,0,85,0.0,0.19
7783,4,2010.0,5,162,0.01,0.19
7784,23,1996.0,10,148,0.0,0.19
7785,28,2009.0,7,120,0.07,0.19
7786,4,2010.0,1,51,0.06,0.19
7787,2,2012.0,9,275,0.0,0.19
7788,28,2006.0,7,464,0.17,0.19
7789,16,2002.0,7,85,0.09,0.19
7790,10,1996.0,10,275,0.0,0.19
7791,19,2010.0,0,138,0.12,0.19
7792,17,2010.0,4,21,0.16,0.19
7793,17,2009.0,3,292,0.18,0.19
7794,16,2003.0,11,63,0.0,0.19
7795,15,1998.0,6,17,0.11,0.19
7796,20,2013.0,7,444,0.13,0.19
7797,15,1996.0,8,246,0.11,0.19
7798,13,2010.0,11,464,0.0,0.19
7799,28,2010.0,3,275,0.15,0.19
7800,17,2009.0,8,487,0.1,0.19
7801,7,2002.0,1,359,0.15,0.19
7802,2,2011.0,0,138,0.09,0.19
7803,26,2008.0,6,564,0.18,0.19
7804,17,2008.0,8,137,0.05,0.19
7805,28,2008.0,2,138,0.15,0.19
7806,17,2012.0,10,493,0.18,0.19
7807,4,2009.0,7,524,0.16,0.19
7808,26,2008.0,1,487,0.17,0.19
7809,16,2004.0,6,66,0.09,0.19
7810,16,2003.0,8,138,0.09,0.19
7811,29,2003.0,0,137,0.14,0.19
7812,2,2016.0,9,301,0.0,0.19
7813,26,2009.0,0,21,0.18,0.19
7814,28,2010.0,1,347,0.14,0.19
7815,16,2004.0,3,53,0.09,0.19
7816,6,2002.0,7,347,0.0,0.19
7817,4,2010.0,0,21,0.17,0.19
7818,16,2003.0,11,138,0.09,0.19
7819,17,2011.0,11,407,0.18,0.19
7820,30,2013.0,10,138,0.16,0.19
7821,16,2001.0,8,275,0.09,0.19
7822,6,2001.0,10,17,0.14,0.19
7823,23,1996.0,10,275,0.0,0.19
7824,4,2010.0,1,275,0.0,0.19
7825,16,2003.0,10,325,0.09,0.19
7826,13,2013.0,0,524,0.04,0.19
7827,15,1996.0,11,440,0.11,0.19
7828,15,1999.0,2,225,0.0,0.19
7829,17,2013.0,0,347,0.0,0.19
7830,28,2012.0,0,445,0.09,0.19
7831,19,2009.0,9,6,0.08,0.19
7832,30,2015.0,9,273,0.1,0.19
7833,17,2008.0,9,524,0.06,0.19
7834,4,2008.0,5,433,0.15,0.19
7835,26,2011.0,3,487,0.08,0.19
7836,4,2006.0,2,347,0.02,0.19
7837,21,1995.0,9,445,0.0,0.19
7838,16,2008.0,3,455,0.09,0.19
7839,16,2008.0,3,232,0.09,0.19
7840,15,1998.0,2,85,0.11,0.19
7841,28,2011.0,0,487,0.15,0.19
7842,16,2001.0,3,455,0.09,0.19
7843,19,2005.0,4,275,0.17,0.19
7844,17,2009.0,6,487,0.14,0.19
7845,26,2011.0,7,281,0.0,0.19
7846,6,2004.0,1,487,0.14,0.19
7847,29,2002.0,10,138,0.14,0.19
7848,20,2016.0,0,262,0.0,0.19
7849,2,2011.0,3,487,0.13,0.19
7850,16,2003.0,3,455,0.09,0.19
7851,13,2011.0,6,138,0.05,0.19
7852,26,2009.0,6,524,0.18,0.19
7853,6,2002.0,1,275,0.14,0.19
7854,29,2004.0,7,323,0.14,0.19
7855,17,2011.0,0,138,0.07,0.19
7856,2,2012.0,0,21,0.15,0.19
7857,19,2009.0,1,455,0.0,0.19
7858,20,2014.0,7,230,0.08,0.19
7859,10,1996.0,8,177,0.15,0.19
7860,10,1997.0,2,177,0.15,0.19
7861,10,1997.0,0,537,0.15,0.19
7862,10,1997.0,5,97,0.0,0.19
7863,10,1996.0,10,238,0.0,0.19
7864,10,1998.0,8,177,0.15,0.19
7865,10,1999.0,3,355,0.15,0.19
7866,2,2015.0,0,359,0.0,0.19
7867,26,2009.0,5,392,0.18,0.19
7868,4,2008.0,1,347,0.0,0.19
7869,26,2009.0,1,524,0.18,0.19
7870,26,2011.0,3,138,0.13,0.19
7871,7,2004.0,0,275,0.15,0.19
7872,13,2013.0,0,120,0.11,0.19
7873,30,2013.0,2,524,0.11,0.19
7874,16,2008.0,10,21,0.09,0.19
7875,6,2002.0,10,138,0.14,0.19
7876,19,2010.0,0,461,0.0,0.19
7877,15,1996.0,11,330,0.11,0.19
7878,28,2011.0,0,138,0.1,0.19
7879,13,2010.0,0,493,0.18,0.19
7880,4,2008.0,10,445,0.0,0.19
7881,17,2011.0,0,499,0.06,0.19
7882,4,2010.0,3,487,0.18,0.19
7883,16,2000.0,10,275,0.09,0.19
7884,6,2002.0,7,311,0.14,0.19
7885,16,2005.0,8,137,0.09,0.19
7886,20,2013.0,7,557,0.04,0.19
7887,26,2006.0,3,347,0.12,0.19
7888,16,2006.0,3,109,0.0,0.19
7889,17,2010.0,10,6,0.1,0.19
7890,17,2010.0,10,524,0.11,0.19
7891,7,2003.0,0,527,0.15,0.19
7892,18,2016.0,0,455,0.0,0.19
7893,17,2011.0,10,21,0.11,0.19
7894,26,2010.0,10,524,0.14,0.19
7895,16,2007.0,3,138,0.09,0.19
7896,16,2002.0,8,21,0.09,0.19
7897,16,2006.0,7,445,0.0,0.19
7898,16,2002.0,10,53,0.09,0.19
7899,20,2015.0,0,347,0.0,0.19
7900,16,2004.0,0,445,0.09,0.19
7901,4,2009.0,10,359,0.0,0.19
7902,4,2010.0,1,51,0.05,0.19
7903,7,2006.0,4,543,0.15,0.19
7904,0,1981.0,10,305,0.18,0.19
7905,26,2011.0,3,101,0.18,0.19
7906,4,2010.0,5,470,0.18,0.19
7907,15,1997.0,11,455,0.0,0.19
7909,15,1999.0,10,18,0.1,0.19
7910,8,1993.0,11,445,0.0,0.19
7911,15,1999.0,10,499,0.0,0.19
7912,29,2004.0,0,138,0.14,0.19
7913,2,2011.0,6,21,0.18,0.19
7914,20,2014.0,7,347,0.0,0.19
7915,4,2006.0,5,359,0.0,0.19
7916,28,2007.0,0,347,0.15,0.19
7917,27,2013.0,3,347,0.0,0.19
7918,16,2009.0,0,21,0.11,0.19
7919,17,2010.0,1,524,0.11,0.19
7920,15,1995.0,10,17,0.1,0.19
7921,13,2010.0,7,257,0.09,0.19
7922,26,2008.0,0,460,0.17,0.19
7923,28,2012.0,10,6,0.0,0.19
7924,16,2007.0,10,275,0.0,0.19
7925,4,2010.0,5,487,0.1,0.19
7926,26,2007.0,0,347,0.16,0.19
7927,4,2004.0,3,359,0.0,0.19
7928,16,2005.0,0,455,0.09,0.19
7929,23,1993.0,9,218,0.0,0.19
7930,13,2011.0,6,91,0.0,0.19
7931,4,2010.0,3,224,0.0,0.19
7932,17,2013.0,11,499,0.0,0.19
7933,26,2010.0,1,52,0.0,0.19
7934,26,2009.0,0,347,0.17,0.19
7935,26,2011.0,3,367,0.0,0.19
7936,4,2007.0,1,528,0.0,0.19
7937,17,2008.0,1,126,0.12,0.19
7938,18,2014.0,3,457,0.0,0.19
7939,26,2010.0,10,565,0.18,0.19
7940,20,2015.0,0,347,0.0,0.19
7941,26,2007.0,1,347,0.07,0.19
7942,26,2010.0,10,304,0.18,0.19
7943,6,2005.0,4,543,0.13,0.19
7944,28,2011.0,8,109,0.1,0.19
7945,4,2007.0,3,359,0.0,0.19
7947,15,1994.0,9,100,0.1,0.19
7948,26,2007.0,0,126,0.17,0.19
7949,13,2008.0,8,21,0.02,0.19
7950,17,2012.0,10,275,0.0,0.19
7951,2,2013.0,3,347,0.0,0.19
7952,21,1995.0,3,446,0.0,0.19
7954,28,2012.0,10,138,0.1,0.19
7955,4,2009.0,0,275,0.0,0.19
7956,6,2002.0,0,543,0.13,0.19
7957,15,1996.0,4,18,0.1,0.19
7958,2,2011.0,10,301,0.12,0.19
7959,16,2000.0,10,455,0.09,0.19
7960,4,2010.0,9,6,0.18,0.19
7961,16,2003.0,11,85,0.09,0.19
7962,23,1994.0,11,347,0.0,0.19
7963,16,2003.0,8,318,0.09,0.19
7964,6,2001.0,0,21,0.13,0.19
7965,26,2009.0,6,85,0.05,0.19
7966,29,2002.0,6,445,0.12,0.19
7967,16,2005.0,0,21,0.09,0.19
7968,4,2008.0,2,487,0.15,0.19
7969,2,2013.0,0,275,0.0,0.19
7970,16,2006.0,0,499,0.0,0.19
7971,29,2002.0,0,137,0.14,0.19
7972,17,2009.0,8,21,0.17,0.19
7973,16,2007.0,10,445,0.0,0.19
7974,29,2003.0,10,138,0.14,0.19
7975,30,2014.0,3,323,0.15,0.19
7976,19,2012.0,7,281,0.0,0.19
7977,4,2006.0,7,359,0.16,0.19
7978,27,2012.0,2,347,0.09,0.19
7979,26,2009.0,6,21,0.17,0.19
7980,26,2007.0,0,109,0.17,0.19
7981,16,2002.0,7,499,0.09,0.19
7982,20,2014.0,7,445,0.0,0.19
7983,28,2010.0,6,70,0.1,0.19
7984,19,2005.0,0,499,0.07,0.19
7985,29,2006.0,10,138,0.13,0.19
7986,28,2007.0,8,524,0.14,0.19
7987,29,2002.0,3,323,0.14,0.19
7988,4,2007.0,1,325,0.17,0.19
7989,16,2003.0,7,459,0.09,0.19
7990,28,2011.0,10,21,0.14,0.19
7991,28,2008.0,10,325,0.17,0.19
7992,19,2011.0,2,487,0.12,0.19
7993,15,1997.0,0,347,0.1,0.19
7994,3,2001.0,7,445,0.0,0.19
7995,17,2011.0,9,455,0.06,0.19
7996,13,2011.0,0,547,0.04,0.18
7997,17,2010.0,10,493,0.17,0.18
7998,16,2004.0,2,543,0.09,0.18
7999,4,2010.0,1,347,0.06,0.18
8000,28,2012.0,8,138,0.1,0.18
8001,26,2009.0,9,275,0.17,0.18
8002,28,2010.0,10,524,0.08,0.18
8003,16,2004.0,9,6,0.09,0.18
8004,6,2003.0,10,60,0.13,0.18
8005,4,2010.0,0,487,0.13,0.18
8006,4,2006.0,9,524,0.17,0.18
8007,16,2003.0,7,53,0.09,0.18
8008,29,2005.0,8,493,0.14,0.18
8009,18,2014.0,6,328,0.04,0.18
8010,29,2003.0,0,288,0.14,0.18
8011,26,2007.0,10,138,0.17,0.18
8012,16,2003.0,0,543,0.09,0.18
8013,19,2009.0,7,430,0.08,0.18
8014,28,2008.0,3,292,0.16,0.18
8015,15,2000.0,10,536,0.1,0.18
8016,26,2009.0,0,493,0.17,0.18
8017,20,2013.0,1,464,0.14,0.18
8018,29,2002.0,4,138,0.14,0.18
8019,21,1997.0,2,499,0.0,0.18
8020,16,2000.0,6,138,0.04,0.18
8021,16,2003.0,1,455,0.09,0.18
8022,4,2005.0,0,126,0.15,0.18
8023,29,2005.0,8,325,0.14,0.18
8024,26,2009.0,0,6,0.11,0.18
8025,18,2014.0,0,499,0.06,0.18
8026,6,2005.0,11,63,0.0,0.18
8027,13,2015.0,8,493,0.07,0.18
8028,4,2007.0,10,255,0.0,0.18
8029,16,2007.0,7,362,0.04,0.18
8030,26,2011.0,4,487,0.11,0.18
8031,28,2010.0,3,323,0.05,0.18
8032,15,2000.0,0,484,0.1,0.18
8033,13,2009.0,8,493,0.01,0.18
8034,6,2001.0,1,275,0.13,0.18
8035,4,2009.0,0,21,0.17,0.18
8036,19,2009.0,0,53,0.16,0.18
8037,5,1991.0,11,359,0.0,0.18
8038,16,2003.0,3,455,0.09,0.18
8039,26,2008.0,1,53,0.09,0.18
8040,13,2009.0,11,487,0.0,0.18
8041,30,2014.0,3,524,0.08,0.18
8042,29,2005.0,7,325,0.14,0.18
8043,29,2001.0,8,275,0.14,0.18
8045,29,2002.0,3,241,0.14,0.18
8046,15,2001.0,0,137,0.1,0.18
8047,17,2010.0,0,21,0.12,0.18
8048,28,2013.0,0,85,0.1,0.18
8049,10,1999.0,10,275,0.0,0.18
8050,25,1999.0,7,347,0.0,0.18
8051,15,1997.0,4,455,0.0,0.18
8052,16,2004.0,8,189,0.09,0.18
8053,28,2013.0,0,464,0.07,0.18
8054,6,2002.0,3,53,0.13,0.18
8055,16,2008.0,10,112,0.0,0.18
8056,13,2011.0,6,524,0.05,0.18
8057,19,2005.0,11,275,0.11,0.18
8058,2,2012.0,3,445,0.0,0.18
8059,26,2008.0,3,445,0.09,0.18
8060,16,2009.0,0,21,0.13,0.18
8061,19,2005.0,3,455,0.0,0.18
8062,26,2011.0,3,21,0.15,0.18
8063,2,2016.0,0,547,0.07,0.18
8064,7,2002.0,2,21,0.14,0.18
8065,4,2005.0,0,21,0.17,0.18
8066,26,2011.0,3,367,0.0,0.18
8067,23,1993.0,10,85,0.04,0.18
8068,28,2008.0,0,126,0.16,0.18
8069,4,2011.0,9,21,0.13,0.18
8070,26,2010.0,3,524,0.0,0.18
8071,17,2009.0,7,362,0.07,0.18
8072,4,2010.0,5,401,0.05,0.18
8073,7,2006.0,10,138,0.14,0.18
8074,20,2014.0,7,55,0.07,0.18
8075,13,2015.0,0,547,0.11,0.18
8076,21,1998.0,2,85,0.0,0.18
8077,6,2004.0,3,359,0.13,0.18
8078,2,2013.0,7,347,0.0,0.18
8079,4,2008.0,3,77,0.17,0.18
8080,29,2001.0,6,241,0.15,0.18
8081,17,2014.0,2,39,0.09,0.18
8082,17,2011.0,10,275,0.0,0.18
8083,28,2010.0,4,109,0.1,0.18
8084,20,2014.0,2,445,0.08,0.18
8085,23,1991.0,11,63,0.0,0.18
8087,18,2016.0,7,362,0.06,0.18
8088,29,2004.0,8,142,0.14,0.18
8089,15,1996.0,3,455,0.1,0.18
8090,19,2007.0,0,21,0.16,0.18
8091,16,2004.0,7,85,0.09,0.18
8092,16,2003.0,6,191,0.09,0.18
8093,15,1997.0,1,13,0.0,0.18
8094,13,2010.0,10,138,0.0,0.18
8095,13,2013.0,0,547,0.04,0.18
8096,29,2004.0,10,21,0.13,0.18
8097,4,2007.0,9,126,0.13,0.18
8098,10,1999.0,3,355,0.14,0.18
8099,10,1999.0,6,17,0.14,0.18
8100,23,1994.0,8,275,0.0,0.18
8101,20,2013.0,7,98,0.09,0.18
8102,7,2002.0,0,325,0.14,0.18
8103,16,2006.0,9,63,0.0,0.18
8104,27,2015.0,3,21,0.12,0.18
8105,29,2005.0,4,445,0.13,0.18
8106,17,2012.0,6,347,0.05,0.18
8107,4,2005.0,6,138,0.15,0.18
8108,4,2010.0,1,460,0.01,0.18
8109,6,2001.0,1,524,0.13,0.18
8110,17,2006.0,6,445,0.14,0.18
8111,3,2000.0,10,445,0.0,0.18
8112,16,2000.0,5,142,0.09,0.18
8113,29,2007.0,0,21,0.13,0.18
8114,13,2013.0,8,445,0.1,0.18
8115,28,2010.0,0,347,0.14,0.18
8116,17,2011.0,8,464,0.07,0.18
8117,13,2014.0,7,347,0.08,0.18
8118,2,2013.0,3,359,0.0,0.18
8119,7,2005.0,8,21,0.14,0.18
8120,28,2010.0,6,487,0.17,0.18
8121,28,2011.0,0,487,0.13,0.18
8122,17,2009.0,3,455,0.0,0.18
8123,26,2008.0,10,21,0.17,0.18
8124,21,1994.0,6,445,0.0,0.18
8125,26,2011.0,0,21,0.1,0.18
8126,15,1999.0,0,101,0.1,0.18
8127,13,2012.0,8,524,0.05,0.18
8128,6,2003.0,10,138,0.13,0.18
8129,4,2011.0,0,445,0.1,0.18
8130,13,2011.0,8,66,0.06,0.18
8131,6,2005.0,3,564,0.13,0.18
8132,16,2005.0,6,564,0.09,0.18
8133,28,2010.0,0,499,0.11,0.18
8134,13,2015.0,10,138,0.04,0.18
8135,29,2004.0,0,275,0.14,0.18
8136,17,2011.0,8,528,0.17,0.18
8137,16,2002.0,11,137,0.09,0.18
8138,13,2016.0,8,66,0.06,0.18
8139,4,2010.0,3,522,0.17,0.18
8140,2,2012.0,10,275,0.05,0.18
8141,26,2008.0,1,21,0.08,0.18
8142,7,2001.0,10,138,0.14,0.18
8143,18,2014.0,0,347,0.1,0.18
8144,28,2009.0,6,53,0.06,0.18
8145,15,2000.0,3,241,0.1,0.18
8146,19,2013.0,0,499,0.0,0.18
8147,16,2002.0,0,325,0.09,0.18
8148,26,2007.0,0,232,0.16,0.18
8149,7,2001.0,4,524,0.14,0.18
8150,26,2008.0,5,122,0.17,0.18
8151,15,1998.0,10,487,0.1,0.18
8152,16,2008.0,10,23,0.09,0.18
8153,28,2009.0,8,112,0.14,0.18
8154,15,2000.0,0,493,0.1,0.18
8155,16,2005.0,0,347,0.0,0.18
8156,16,2003.0,3,455,0.09,0.18
8158,20,2014.0,7,362,0.04,0.18
8159,7,2005.0,1,198,0.14,0.18
8160,16,2005.0,9,6,0.05,0.18
8161,16,2009.0,0,137,0.09,0.18
8162,6,2004.0,3,487,0.13,0.18
8163,17,2007.0,10,493,0.16,0.18
8164,16,2002.0,10,275,0.04,0.18
8165,4,2008.0,10,138,0.14,0.18
8166,19,2009.0,11,347,0.0,0.18
8168,19,2008.0,11,347,0.0,0.18
8169,29,2005.0,6,487,0.13,0.18
8170,6,2003.0,4,138,0.13,0.18
8171,6,2002.0,10,53,0.13,0.18
8172,4,2006.0,7,347,0.0,0.18
8173,4,2008.0,9,138,0.0,0.18
8174,17,2011.0,0,85,0.0,0.18
8175,16,2008.0,6,445,0.09,0.18
8176,26,2011.0,6,524,0.06,0.18
8177,16,2004.0,2,198,0.09,0.18
8178,26,2010.0,10,565,0.17,0.18
8179,16,2001.0,10,325,0.09,0.18
8180,28,2011.0,0,445,0.11,0.18
8181,4,2010.0,0,126,0.12,0.18
8182,4,2005.0,4,347,0.16,0.18
8183,6,2001.0,10,275,0.13,0.18
8184,4,2008.0,1,487,0.16,0.18
8185,26,2010.0,10,184,0.17,0.18
8186,13,2005.0,8,288,0.02,0.18
8187,15,2000.0,10,142,0.1,0.18
8188,15,2001.0,1,277,0.1,0.18
8189,28,2007.0,10,493,0.16,0.18
8190,28,2016.0,10,138,0.03,0.18
8191,4,2010.0,1,487,0.17,0.18
8192,6,2004.0,10,53,0.13,0.18
8193,29,2008.0,10,138,0.13,0.18
8194,6,2005.0,4,487,0.13,0.18
8195,16,2006.0,7,63,0.0,0.18
8196,16,2008.0,10,275,0.0,0.18
8197,29,2003.0,10,138,0.13,0.18
8198,29,2005.0,3,347,0.13,0.18
8199,17,2011.0,3,487,0.16,0.18
8200,17,2010.0,0,487,0.12,0.18
8201,29,2002.0,10,445,0.13,0.18
8202,4,2007.0,3,524,0.15,0.18
8203,4,2010.0,3,126,0.14,0.18
8205,26,2008.0,2,275,0.13,0.18
8206,19,2010.0,3,525,0.07,0.17
8207,16,2005.0,0,325,0.09,0.17
8208,17,2010.0,3,126,0.11,0.17
8209,17,2009.0,10,91,0.0,0.17
8210,16,2005.0,10,455,0.09,0.17
8211,4,2009.0,1,524,0.16,0.17
8212,16,2001.0,8,324,0.09,0.17
8213,17,2009.0,11,445,0.13,0.17
8214,2,2013.0,3,275,0.0,0.17
8215,4,2006.0,10,275,0.0,0.17
8216,17,2011.0,0,547,0.09,0.17
8217,13,2011.0,1,288,0.0,0.17
8218,4,2009.0,1,524,0.07,0.17
8219,15,2000.0,1,305,0.1,0.17
8220,17,2011.0,6,85,0.04,0.17
8221,20,2016.0,10,275,0.0,0.17
8222,16,2002.0,10,445,0.09,0.17
8224,20,2014.0,0,231,0.07,0.17
8225,6,2001.0,10,60,0.12,0.17
8226,17,2009.0,0,402,0.11,0.17
8227,16,2002.0,10,348,0.09,0.17
8228,7,2002.0,4,487,0.13,0.17
8229,16,2001.0,1,4,0.09,0.17
8230,7,2006.0,4,524,0.13,0.17
8231,17,2008.0,0,126,0.14,0.17
8232,18,2015.0,1,501,0.1,0.17
8233,30,2014.0,3,323,0.11,0.17
8234,4,2010.0,10,53,0.16,0.17
8235,15,1995.0,2,17,0.1,0.17
8236,4,2007.0,1,275,0.09,0.17
8237,6,2004.0,3,101,0.12,0.17
8238,16,2005.0,8,150,0.0,0.17
8239,17,2008.0,10,21,0.16,0.17
8240,7,2006.0,10,493,0.13,0.17
8241,17,2009.0,10,461,0.16,0.17
8242,4,2009.0,7,464,0.0,0.17
8243,16,2002.0,10,455,0.08,0.17
8244,17,2011.0,0,112,0.07,0.17
8245,4,2010.0,11,347,0.0,0.17
8246,7,2006.0,0,325,0.13,0.17
8247,29,2003.0,10,323,0.13,0.17
8248,15,1998.0,2,437,0.0,0.17
8249,13,2011.0,7,464,0.08,0.17
8250,28,2011.0,10,21,0.16,0.17
8251,15,1996.0,0,24,0.1,0.17
8252,4,2007.0,10,6,0.16,0.17
8253,26,2008.0,9,122,0.16,0.17
8254,4,2007.0,0,347,0.0,0.17
8255,16,2004.0,10,455,0.08,0.17
8256,17,2008.0,2,138,0.13,0.17
8257,4,2009.0,5,392,0.16,0.17
8258,26,2008.0,10,138,0.16,0.17
8259,18,2015.0,0,445,0.0,0.17
8260,7,2003.0,4,543,0.13,0.17
8261,13,2012.0,7,171,0.07,0.17
8262,28,2008.0,10,493,0.15,0.17
8263,28,2006.0,0,21,0.16,0.17
8264,7,2005.0,0,21,0.13,0.17
8265,29,2003.0,8,543,0.13,0.17
8266,17,2011.0,4,455,0.08,0.17
8267,19,2012.0,0,347,0.0,0.17
8268,16,2009.0,0,21,0.08,0.17
8269,6,2001.0,10,275,0.12,0.17
8270,16,2001.0,8,540,0.08,0.17
8271,29,2003.0,3,323,0.13,0.17
8272,17,2009.0,0,547,0.08,0.17
8273,7,2005.0,2,138,0.13,0.17
8274,4,2006.0,5,359,0.13,0.17
8275,15,2001.0,4,455,0.1,0.17
8276,5,1999.0,10,275,0.0,0.17
8277,21,1998.0,2,437,0.0,0.17
8278,4,2010.0,0,347,0.0,0.17
8279,26,2008.0,1,443,0.16,0.17
8280,20,2014.0,0,347,0.06,0.17
8281,15,1999.0,11,347,0.0,0.17
8282,15,1999.0,1,87,0.0,0.17
8283,4,2007.0,8,460,0.15,0.17
8284,29,2004.0,8,325,0.13,0.17
8285,29,2003.0,8,543,0.13,0.17
8286,19,2010.0,4,109,0.05,0.17
8287,16,2005.0,6,400,0.08,0.17
8288,16,2003.0,11,255,0.08,0.17
8289,6,2005.0,3,487,0.12,0.17
8290,4,2009.0,0,493,0.16,0.17
8291,16,2008.0,10,53,0.08,0.17
8292,16,2000.0,0,4,0.08,0.17
8293,2,2016.0,7,120,0.03,0.17
8294,13,2009.0,11,323,0.01,0.17
8295,4,2006.0,0,487,0.12,0.17
8296,16,2009.0,10,53,0.08,0.17
8297,15,1997.0,0,85,0.0,0.17
8298,17,2010.0,0,547,0.1,0.17
8299,28,2006.0,10,493,0.15,0.17
8300,28,2010.0,0,323,0.06,0.17
8301,15,1996.0,2,455,0.0,0.17
8302,16,2003.0,0,325,0.08,0.17
8303,16,2003.0,7,464,0.0,0.17
8304,16,2007.0,7,347,0.0,0.17
8305,26,2010.0,3,522,0.16,0.17
8306,25,2000.0,11,347,0.0,0.17
8307,7,2003.0,4,547,0.13,0.17
8308,6,2005.0,4,487,0.12,0.17
8309,19,2009.0,0,347,0.0,0.17
8310,19,2008.0,10,21,0.16,0.17
8311,26,2010.0,10,109,0.16,0.17
8312,19,2007.0,0,455,0.07,0.17
8314,29,2003.0,0,246,0.13,0.17
8315,28,2008.0,7,91,0.03,0.17
8316,19,2006.0,10,138,0.13,0.17
8317,19,2013.0,0,275,0.0,0.17
8318,3,1999.0,6,191,0.0,0.17
8319,15,1998.0,2,27,0.05,0.17
8320,28,2007.0,0,21,0.16,0.17
8321,26,2009.0,10,53,0.16,0.17
8322,26,2008.0,5,120,0.04,0.17
8323,29,2004.0,0,137,0.13,0.17
8324,17,2009.0,3,455,0.0,0.17
8325,19,2008.0,10,455,0.16,0.17
8326,2,2012.0,0,21,0.13,0.17
8327,6,2005.0,0,138,0.12,0.17
8328,28,2014.0,0,21,0.09,0.17
8329,15,1999.0,4,53,0.09,0.17
8331,26,2008.0,5,338,0.16,0.17
8332,26,2008.0,3,182,0.16,0.17
8333,28,2009.0,0,402,0.14,0.17
8335,28,2010.0,6,85,0.07,0.17
8336,19,2004.0,3,275,0.0,0.17
8337,10,1999.0,6,325,0.14,0.17
8338,10,1999.0,1,224,0.05,0.17
8339,10,2000.0,8,17,0.12,0.17
8340,29,2003.0,0,138,0.13,0.17
8342,26,2008.0,9,296,0.14,0.17
8343,6,2004.0,3,359,0.12,0.17
8344,17,2012.0,7,362,0.06,0.17
8345,16,2009.0,10,461,0.08,0.17
8346,19,2010.0,0,347,0.0,0.17
8347,16,2008.0,3,126,0.08,0.17
8348,16,2007.0,1,263,0.0,0.17
8349,6,2004.0,0,126,0.12,0.17
8350,13,2005.0,11,493,0.02,0.17
8351,19,2013.0,10,275,0.0,0.17
8352,15,1995.0,7,386,0.02,0.17
8353,26,2010.0,3,524,0.16,0.17
8354,18,2015.0,10,138,0.1,0.17
8355,28,2010.0,1,524,0.11,0.17
8356,4,2010.0,3,500,0.16,0.17
8357,16,2006.0,7,347,0.0,0.17
8358,6,2004.0,1,85,0.0,0.17
8359,4,2008.0,0,487,0.16,0.17
8360,16,2001.0,10,499,0.05,0.17
8361,15,2000.0,0,275,0.09,0.17
8362,26,2009.0,5,275,0.1,0.17
8363,28,2007.0,3,323,0.14,0.17
8364,16,2004.0,0,138,0.08,0.17
8365,28,2009.0,0,21,0.12,0.17
8366,28,2012.0,0,184,0.16,0.17
8367,16,2007.0,0,72,0.08,0.17
8369,26,2013.0,9,126,0.08,0.17
8370,26,2007.0,3,430,0.11,0.17
8371,23,1996.0,8,224,0.0,0.17
8372,16,2004.0,8,53,0.08,0.17
8373,15,2000.0,0,4,0.09,0.17
8374,16,2005.0,0,85,0.04,0.17
8375,15,1996.0,0,203,0.09,0.17
8377,18,2015.0,6,328,0.0,0.17
8378,7,2005.0,10,138,0.13,0.17
8379,28,2007.0,6,21,0.15,0.17
8380,28,2009.0,0,126,0.11,0.17
8381,6,2003.0,8,138,0.12,0.17
8382,16,2007.0,2,347,0.0,0.17
8383,7,2002.0,4,485,0.13,0.17
8384,15,1998.0,7,465,0.0,0.17
8385,16,2004.0,10,455,0.08,0.17
8386,29,2002.0,8,241,0.13,0.17
8387,15,2001.0,6,214,0.09,0.17
8388,15,1996.0,10,203,0.09,0.17
8389,2,2011.0,3,524,0.13,0.17
8390,29,2003.0,0,493,0.13,0.17
8391,20,2015.0,7,347,0.0,0.17
8392,15,1995.0,6,104,0.09,0.17
8393,26,2010.0,0,21,0.15,0.17
8394,16,2002.0,10,138,0.07,0.17
8395,16,2008.0,3,487,0.08,0.17
8396,4,2006.0,2,359,0.02,0.17
8397,15,1998.0,1,225,0.02,0.17
8398,15,2000.0,0,524,0.09,0.17
8399,26,2007.0,10,524,0.15,0.17
8400,18,2016.0,10,275,0.0,0.17
8401,7,2003.0,4,85,0.13,0.17
8402,26,2009.0,3,330,0.0,0.17
8403,19,2005.0,6,455,0.14,0.17
8404,4,2006.0,4,359,0.0,0.17
8405,16,2008.0,7,55,0.0,0.17
8406,28,2010.0,9,6,0.08,0.17
8407,15,1996.0,3,275,0.0,0.17
8408,16,2000.0,6,17,0.08,0.17
8409,18,2016.0,7,445,0.06,0.17
8410,17,2008.0,0,275,0.13,0.17
8411,29,2003.0,2,137,0.13,0.17
8412,4,2004.0,5,232,0.1,0.17
8413,29,2002.0,0,325,0.13,0.17
8414,18,2015.0,0,499,0.05,0.17
8415,16,2003.0,7,224,0.0,0.17
8416,7,2002.0,7,21,0.1,0.17
8417,17,2011.0,6,524,0.0,0.17
8418,28,2009.0,10,160,0.13,0.17
8419,6,2002.0,6,487,0.12,0.17
8420,6,2002.0,8,60,0.12,0.17
8421,23,1996.0,11,499,0.0,0.17
8422,4,2010.0,3,6,0.16,0.17
8423,4,2007.0,1,493,0.15,0.17
8424,23,1993.0,10,224,0.0,0.17
8425,4,2009.0,3,183,0.04,0.17
8426,23,1996.0,2,359,0.0,0.17
8427,2,2014.0,7,464,0.0,0.17
8428,30,2015.0,8,6,0.08,0.17
8429,29,2006.0,8,137,0.12,0.17
8430,2,2014.0,0,361,0.0,0.17
8431,28,2015.0,10,120,0.15,0.17
8432,4,2008.0,0,21,0.15,0.17
8433,17,2008.0,8,288,0.11,0.17
8434,16,2004.0,3,445,0.08,0.17
8435,7,2003.0,3,325,0.13,0.17
8436,29,2004.0,1,543,0.12,0.17
8437,6,2005.0,3,111,0.12,0.17
8438,26,2008.0,4,347,0.11,0.17
8440,16,2008.0,10,455,0.08,0.17
8441,4,2005.0,0,543,0.14,0.17
8442,21,1997.0,0,85,0.0,0.17
8443,13,2014.0,7,343,0.08,0.17
8444,2,2016.0,7,347,0.0,0.17
8445,28,2010.0,9,21,0.12,0.17
8446,4,2007.0,3,227,0.0,0.17
8447,17,2014.0,10,275,0.0,0.17
8448,18,2015.0,0,301,0.07,0.17
8449,23,1997.0,10,359,0.0,0.17
8450,7,2002.0,1,359,0.01,0.17
8451,13,2012.0,9,138,0.0,0.17
8452,28,2012.0,0,445,0.11,0.17
8453,29,2004.0,6,142,0.12,0.17
8454,2,2015.0,7,347,0.04,0.17
8455,17,2008.0,10,138,0.15,0.17
8456,17,2010.0,0,21,0.14,0.17
8457,0,1983.0,0,391,0.15,0.17
8458,0,1982.0,0,56,0.15,0.17
8459,0,1981.0,0,305,0.15,0.17
8460,21,1995.0,8,275,0.0,0.17
8461,28,2007.0,11,288,0.13,0.16
8462,17,2012.0,7,98,0.05,0.16
8463,16,2002.0,4,53,0.08,0.16
8464,20,2015.0,0,347,0.0,0.16
8465,26,2010.0,11,493,0.13,0.16
8466,17,2016.0,0,455,0.13,0.16
8467,20,2013.0,7,445,0.0,0.16
8468,16,2001.0,6,53,0.08,0.16
8469,16,2002.0,7,455,0.0,0.16
8470,16,2001.0,6,288,0.08,0.16
8471,26,2008.0,5,409,0.16,0.16
8472,6,2002.0,6,487,0.12,0.16
8473,17,2014.0,7,499,0.05,0.16
8474,17,2009.0,0,21,0.15,0.16
8475,28,2009.0,1,91,0.14,0.16
8476,15,2000.0,8,164,0.09,0.16
8477,16,2004.0,10,455,0.08,0.16
8478,19,2006.0,7,493,0.13,0.16
8479,19,2008.0,0,21,0.12,0.16
8480,2,2011.0,6,91,0.07,0.16
8481,4,2011.0,3,487,0.12,0.16
8482,26,2010.0,8,351,0.08,0.16
8483,17,2010.0,0,138,0.11,0.16
8484,4,2010.0,7,464,0.12,0.16
8485,28,2011.0,0,232,0.07,0.16
8486,16,2003.0,10,445,0.08,0.16
8487,26,2011.0,0,445,0.11,0.16
8488,16,2000.0,6,138,0.06,0.16
8489,19,2006.0,2,296,0.13,0.16
8490,4,2009.0,2,275,0.0,0.16
8491,28,2010.0,0,347,0.08,0.16
8492,4,2010.0,0,401,0.0,0.16
8493,7,2002.0,8,485,0.13,0.16
8494,4,2005.0,10,359,0.11,0.16
8495,16,2002.0,4,241,0.08,0.16
8496,15,2000.0,3,224,0.0,0.16
8497,6,2006.0,9,487,0.12,0.16
8498,16,2003.0,1,53,0.08,0.16
8499,17,2013.0,0,499,0.02,0.16
8500,6,2006.0,0,347,0.12,0.16
8501,26,2007.0,6,21,0.15,0.16
8502,26,2009.0,0,539,0.14,0.16
8504,26,2012.0,0,21,0.11,0.16
8505,26,2010.0,0,528,0.11,0.16
8506,16,2003.0,9,441,0.08,0.16
8507,2,2011.0,1,275,0.07,0.16
8508,4,2006.0,0,126,0.15,0.16
8509,26,2007.0,2,53,0.15,0.16
8510,16,2006.0,1,445,0.0,0.16
8511,6,2003.0,0,524,0.12,0.16
8512,19,2010.0,7,156,0.0,0.16
8513,28,2011.0,0,525,0.09,0.16
8514,15,1995.0,7,455,0.09,0.16
8515,19,2009.0,3,126,0.13,0.16
8516,6,2005.0,10,112,0.12,0.16
8517,15,2000.0,10,347,0.0,0.16
8518,7,2004.0,3,325,0.13,0.16
8519,7,2003.0,6,487,0.13,0.16
8520,4,2007.0,11,445,0.0,0.16
8521,15,1998.0,10,536,0.0,0.16
8522,15,1998.0,6,203,0.09,0.16
8523,29,2003.0,11,53,0.12,0.16
8524,17,2009.0,9,524,0.12,0.16
8525,16,2007.0,3,21,0.08,0.16
8526,26,2012.0,10,493,0.15,0.16
8527,28,2014.0,10,275,0.05,0.16
8528,18,2015.0,0,499,0.07,0.16
8529,23,1992.0,1,87,0.0,0.16
8530,2,2011.0,7,347,0.0,0.16
8531,7,2005.0,6,543,0.12,0.16
8532,28,2011.0,3,6,0.11,0.16
8533,26,2009.0,10,53,0.15,0.16
8534,4,2010.0,9,296,0.13,0.16
8535,28,2014.0,6,120,0.15,0.16
8536,29,2005.0,8,138,0.12,0.16
8537,16,2005.0,3,325,0.08,0.16
8538,16,2002.0,4,325,0.08,0.16
8539,17,2007.0,0,524,0.14,0.16
8540,4,2009.0,5,109,0.15,0.16
8541,4,2005.0,3,359,0.0,0.16
8542,16,2005.0,1,21,0.08,0.16
8543,16,2003.0,0,524,0.08,0.16
8544,17,2012.0,0,21,0.12,0.16
8545,26,2007.0,4,275,0.14,0.16
8546,16,2002.0,1,17,0.08,0.16
8547,19,2011.0,11,275,0.0,0.16
8548,17,2008.0,8,23,0.15,0.16
8549,29,2003.0,0,499,0.12,0.16
8550,16,2003.0,10,21,0.08,0.16
8551,7,2005.0,0,487,0.12,0.16
8552,23,1997.0,10,275,0.0,0.16
8554,17,2007.0,10,493,0.15,0.16
8555,7,2006.0,4,109,0.12,0.16
8556,4,2006.0,0,543,0.13,0.16
8557,19,2006.0,11,543,0.15,0.16
8558,16,2005.0,7,63,0.0,0.16
8559,16,2006.0,10,275,0.0,0.16
8560,16,2002.0,8,275,0.08,0.16
8561,28,2006.0,3,21,0.15,0.16
8562,6,2002.0,6,241,0.12,0.16
8563,16,2008.0,2,347,0.08,0.16
8564,23,1995.0,10,275,0.0,0.16
8565,26,2008.0,2,325,0.14,0.16
8566,16,2003.0,3,400,0.08,0.16
8567,19,2006.0,11,459,0.14,0.16
8568,7,2005.0,0,543,0.12,0.16
8569,26,2009.0,10,21,0.15,0.16
8570,17,2009.0,2,232,0.11,0.16
8571,4,2010.0,1,52,0.0,0.16
8572,30,2014.0,0,464,0.08,0.16
8573,4,2008.0,10,524,0.15,0.16
8574,4,2009.0,11,296,0.15,0.16
8575,23,1991.0,9,238,0.0,0.16
8576,26,2011.0,10,493,0.15,0.16
8577,19,2011.0,0,85,0.0,0.16
8578,13,2011.0,10,493,0.09,0.16
8579,6,2001.0,0,487,0.11,0.16
8580,15,1997.0,10,38,0.0,0.16
8581,10,1998.0,2,372,0.13,0.16
8582,10,1999.0,8,101,0.13,0.16
8583,10,2001.0,0,60,0.13,0.16
8584,10,2001.0,10,275,0.0,0.16
8585,10,2000.0,2,524,0.13,0.16
8586,10,2000.0,6,325,0.13,0.16
8587,10,1999.0,8,21,0.13,0.16
8588,10,2000.0,11,359,0.13,0.16
8589,10,1999.0,6,487,0.13,0.16
8590,10,1998.0,0,524,0.13,0.16
8591,10,1999.0,3,325,0.13,0.16
8592,10,1996.0,9,144,0.0,0.16
8593,28,2006.0,7,347,0.12,0.16
8594,4,2009.0,5,524,0.0,0.16
8595,4,2010.0,0,347,0.05,0.16
8596,4,2006.0,3,484,0.0,0.16
8597,19,2006.0,9,430,0.08,0.16
8598,13,2014.0,6,524,0.0,0.16
8599,19,2008.0,9,347,0.0,0.16
8600,16,2003.0,2,543,0.08,0.16
8601,28,2009.0,1,160,0.11,0.16
8602,16,2006.0,7,347,0.0,0.16
8603,29,2004.0,10,564,0.12,0.16
8604,17,2007.0,8,543,0.14,0.16
8605,28,2006.0,10,325,0.15,0.16
8606,4,2010.0,9,487,0.15,0.16
8607,17,2011.0,10,524,0.08,0.16
8608,4,2008.0,10,524,0.14,0.16
8609,4,2008.0,1,275,0.03,0.16
8610,17,2013.0,9,160,0.0,0.16
8611,26,2010.0,0,101,0.15,0.16
8612,20,2011.0,0,455,0.06,0.16
8613,4,2009.0,0,487,0.08,0.16
8614,16,2004.0,1,347,0.08,0.16
8615,4,2007.0,7,472,0.16,0.16
8616,13,2011.0,8,138,0.07,0.16
8617,23,1992.0,10,63,0.0,0.16
8618,28,2010.0,10,524,0.1,0.16
8619,19,2011.0,10,455,0.15,0.16
8621,28,2005.0,10,493,0.13,0.16
8622,26,2009.0,3,109,0.14,0.16
8623,16,2006.0,6,142,0.08,0.16
8624,19,2006.0,2,53,0.14,0.16
8625,15,1995.0,10,138,0.09,0.16
8626,4,2008.0,0,122,0.15,0.16
8627,28,2013.0,0,499,0.09,0.16
8628,15,2000.0,10,455,0.09,0.16
8629,26,2008.0,0,487,0.15,0.16
8630,28,2012.0,3,524,0.13,0.16
8631,4,2012.0,0,547,0.0,0.16
8632,17,2014.0,2,445,0.05,0.16
8633,15,2000.0,10,275,0.0,0.16
8634,21,1998.0,1,238,0.0,0.16
8635,4,2007.0,3,524,0.12,0.16
8636,26,2010.0,11,275,0.11,0.16
8637,20,2013.0,1,547,0.02,0.16
8638,6,2001.0,6,275,0.09,0.16
8639,23,1994.0,2,85,0.0,0.16
8640,17,2008.0,10,325,0.11,0.16
8641,6,2003.0,6,359,0.11,0.16
8642,15,1999.0,6,462,0.0,0.16
8643,4,2011.0,3,109,0.14,0.16
8644,6,2001.0,5,347,0.0,0.16
8645,4,2009.0,3,112,0.14,0.16
8646,27,2012.0,0,487,0.07,0.16
8647,26,2010.0,1,122,0.15,0.16
8648,26,2011.0,3,138,0.1,0.16
8649,4,2007.0,10,461,0.15,0.16
8650,19,2009.0,10,445,0.0,0.16
8651,26,2011.0,10,493,0.15,0.16
8652,13,2010.0,8,88,0.0,0.16
8653,4,2007.0,3,6,0.15,0.16
8654,17,2011.0,3,487,0.04,0.16
8655,6,2005.0,0,487,0.11,0.16
8656,17,2012.0,7,362,0.04,0.16
8657,18,2016.0,1,445,0.0,0.16
8658,15,1998.0,3,479,0.0,0.16
8659,28,2009.0,10,50,0.15,0.16
8660,15,1996.0,10,138,0.09,0.16
8661,28,2010.0,0,275,0.1,0.16
8662,15,1996.0,2,17,0.01,0.16
8663,16,2004.0,8,400,0.08,0.16
8664,4,2007.0,5,430,0.13,0.16
8665,19,2010.0,3,524,0.11,0.16
8666,26,2007.0,1,138,0.14,0.16
8667,15,1995.0,8,455,0.0,0.16
8668,19,2008.0,11,347,0.0,0.16
8669,7,2003.0,10,138,0.12,0.16
8670,4,2006.0,1,487,0.14,0.16
8671,30,2013.0,11,21,0.11,0.16
8672,26,2010.0,10,53,0.15,0.16
8673,18,2014.0,2,39,0.1,0.16
8674,26,2009.0,3,21,0.14,0.16
8675,4,2010.0,3,487,0.14,0.16
8676,2,2015.0,7,445,0.03,0.16
8677,13,2011.0,6,91,0.0,0.16
8678,2,2012.0,3,359,0.0,0.16
8679,28,2012.0,9,275,0.11,0.16
8680,4,2010.0,0,101,0.15,0.16
8681,26,2012.0,0,487,0.12,0.16
8682,6,2001.0,6,487,0.11,0.16
8683,29,2005.0,8,323,0.12,0.16
8684,15,1996.0,6,524,0.09,0.16
8685,4,2005.0,5,524,0.1,0.16
8686,7,2002.0,10,445,0.12,0.16
8687,16,2007.0,2,11,0.06,0.16
8688,29,2004.0,10,138,0.12,0.16
8689,19,2010.0,10,275,0.0,0.16
8690,19,2005.0,8,487,0.14,0.16
8691,16,2003.0,8,543,0.08,0.16
8692,30,2014.0,1,501,0.08,0.16
8693,19,2011.0,7,464,0.0,0.16
8694,26,2007.0,5,6,0.13,0.16
8695,26,2008.0,3,21,0.14,0.16
8696,2,2012.0,7,347,0.0,0.16
8697,15,1996.0,0,137,0.09,0.16
8698,13,2012.0,0,367,0.03,0.16
8699,17,2010.0,0,487,0.07,0.16
8700,17,2011.0,3,347,0.0,0.16
8701,4,2009.0,0,21,0.14,0.16
8702,4,2009.0,9,524,0.15,0.16
8703,16,2008.0,3,292,0.08,0.16
8704,2,2011.0,0,301,0.0,0.16
8705,4,2005.0,0,21,0.14,0.16
8706,28,2010.0,0,525,0.07,0.16
8708,6,2002.0,0,485,0.11,0.16
8709,4,2007.0,5,551,0.13,0.16
8710,18,2013.0,4,480,0.06,0.16
8711,15,2000.0,6,534,0.09,0.16
8712,15,1996.0,0,138,0.09,0.16
8713,26,2011.0,10,493,0.05,0.16
8714,4,2010.0,0,524,0.14,0.16
8715,6,2002.0,10,21,0.11,0.16
8716,15,1999.0,6,455,0.09,0.15
8717,15,1996.0,3,455,0.02,0.15
8718,15,1997.0,6,61,0.09,0.15
8719,4,2007.0,2,445,0.12,0.15
8720,26,2011.0,9,101,0.15,0.15
8721,6,2003.0,2,347,0.11,0.15
8722,15,1998.0,6,499,0.0,0.15
8723,28,2005.0,10,138,0.11,0.15
8724,16,2001.0,6,60,0.08,0.15
8725,13,2011.0,8,547,0.04,0.15
8726,28,2011.0,4,487,0.1,0.15
8727,16,2003.0,8,487,0.08,0.15
8728,4,2009.0,6,21,0.13,0.15
8729,2,2011.0,1,524,0.07,0.15
8730,17,2010.0,0,430,0.08,0.15
8731,19,2006.0,5,275,0.14,0.15
8732,16,2001.0,3,91,0.08,0.15
8733,4,2008.0,5,57,0.14,0.15
8734,28,2009.0,0,21,0.14,0.15
8735,4,2008.0,8,464,0.12,0.15
8736,7,2003.0,6,17,0.12,0.15
8737,16,2001.0,6,17,0.08,0.15
8738,17,2007.0,10,493,0.14,0.15
8739,4,2007.0,7,347,0.0,0.15
8740,16,2004.0,7,499,0.08,0.15
8741,29,2004.0,4,323,0.12,0.15
8742,28,2009.0,11,445,0.11,0.15
8743,17,2009.0,10,493,0.13,0.15
8744,19,2006.0,10,138,0.07,0.15
8745,7,2005.0,4,487,0.12,0.15
8746,13,2012.0,1,113,0.0,0.15
8747,2,2014.0,9,348,0.12,0.15
8748,7,2002.0,10,138,0.12,0.15
8749,7,2003.0,10,138,0.12,0.15
8750,7,2001.0,6,17,0.12,0.15
8751,30,2016.0,10,138,0.13,0.15
8752,4,2009.0,5,176,0.0,0.15
8753,28,2014.0,0,275,0.07,0.15
8754,16,2005.0,7,53,0.08,0.15
8755,28,2009.0,6,487,0.14,0.15
8756,15,1999.0,3,455,0.09,0.15
8757,0,1989.0,5,53,0.14,0.15
8758,0,1982.0,0,21,0.14,0.15
8759,21,1996.0,5,445,0.0,0.15
8761,19,2006.0,10,275,0.0,0.15
8762,2,2011.0,0,524,0.05,0.15
8763,29,2004.0,6,564,0.11,0.15
8764,4,2010.0,0,126,0.12,0.15
8765,17,2014.0,0,464,0.05,0.15
8766,4,2009.0,9,88,0.13,0.15
8767,29,2005.0,11,120,0.11,0.15
8768,30,2015.0,0,66,0.07,0.15
8769,29,2002.0,0,53,0.11,0.15
8771,19,2009.0,2,347,0.14,0.15
8772,7,2005.0,4,487,0.12,0.15
8773,15,1998.0,6,177,0.09,0.15
8774,26,2007.0,0,499,0.11,0.15
8775,28,2006.0,8,323,0.12,0.15
8776,16,2005.0,6,275,0.07,0.15
8777,16,2000.0,10,455,0.07,0.15
8778,16,2004.0,3,137,0.07,0.15
8779,4,2007.0,11,464,0.08,0.15
8780,26,2009.0,8,21,0.14,0.15
8781,7,2004.0,8,198,0.12,0.15
8782,26,2008.0,9,120,0.13,0.15
8783,19,2011.0,1,263,0.0,0.15
8784,4,2006.0,4,543,0.13,0.15
8785,16,2009.0,10,275,0.0,0.15
8786,17,2007.0,9,524,0.1,0.15
8787,4,2009.0,6,564,0.14,0.15
8788,28,2010.0,0,487,0.12,0.15
8789,21,1997.0,11,445,0.0,0.15
8790,17,2013.0,7,362,0.07,0.15
8791,7,2003.0,4,275,0.12,0.15
8792,4,2005.0,0,487,0.13,0.15
8793,13,2010.0,0,487,0.07,0.15
8794,16,2009.0,0,109,0.05,0.15
8795,4,2009.0,5,330,0.0,0.15
8796,26,2010.0,10,347,0.14,0.15
8797,16,2008.0,10,275,0.05,0.15
8798,6,2005.0,1,487,0.11,0.15
8799,2,2015.0,3,464,0.0,0.15
8800,4,2010.0,10,493,0.14,0.15
8801,2,2012.0,4,347,0.08,0.15
8802,15,2000.0,0,21,0.08,0.15
8803,26,2010.0,10,109,0.14,0.15
8804,17,2011.0,0,445,0.07,0.15
8805,17,2007.0,0,493,0.12,0.15
8806,26,2006.0,8,232,0.12,0.15
8807,4,2010.0,0,21,0.11,0.15
8808,19,2012.0,0,275,0.0,0.15
8809,21,1997.0,2,445,0.0,0.15
8810,23,1996.0,7,465,0.0,0.15
8811,20,2014.0,0,347,0.0,0.15
8812,6,2003.0,0,524,0.11,0.15
8813,26,2008.0,5,296,0.14,0.15
8814,7,2003.0,0,511,0.12,0.15
8815,29,2003.0,10,445,0.11,0.15
8816,29,2002.0,8,493,0.11,0.15
8817,15,1997.0,1,455,0.0,0.15
8818,7,2005.0,0,85,0.12,0.15
8819,19,2005.0,7,455,0.14,0.15
8820,4,2010.0,5,51,0.09,0.15
8821,17,2007.0,10,138,0.12,0.15
8822,13,2011.0,9,138,0.05,0.15
8823,28,2011.0,0,112,0.08,0.15
8824,7,2006.0,4,445,0.12,0.15
8825,4,2011.0,3,528,0.14,0.15
8826,15,2001.0,10,138,0.08,0.15
8827,4,2010.0,3,182,0.14,0.15
8828,29,2004.0,2,85,0.11,0.15
8829,28,2007.0,7,464,0.13,0.15
8830,19,2007.0,1,347,0.0,0.15
8831,29,2004.0,8,53,0.11,0.15
8832,16,2005.0,1,53,0.07,0.15
8833,20,2013.0,7,206,0.08,0.15
8834,23,1991.0,10,238,0.0,0.15
8835,16,2001.0,10,455,0.07,0.15
8836,28,2013.0,8,109,0.06,0.15
8837,26,2007.0,0,21,0.13,0.15
8838,26,2007.0,3,556,0.14,0.15
8839,17,2012.0,8,131,0.07,0.15
8840,16,2008.0,2,232,0.07,0.15
8841,17,2008.0,10,455,0.14,0.15
8842,16,2005.0,7,53,0.07,0.15
8843,18,2015.0,2,347,0.0,0.15
8844,13,2011.0,0,528,0.0,0.15
8845,2,2013.0,0,275,0.04,0.15
8846,17,2015.0,0,347,0.0,0.15
8847,30,2014.0,3,126,0.11,0.15
8849,16,2001.0,6,138,0.07,0.15
8850,20,2014.0,7,362,0.02,0.15
8851,7,2002.0,9,508,0.12,0.15
8852,21,1995.0,10,445,0.0,0.15
8853,19,2010.0,0,21,0.09,0.15
8854,20,2014.0,7,455,0.0,0.15
8855,19,2011.0,7,455,0.0,0.15
8856,2,2015.0,9,299,0.04,0.15
8857,6,2005.0,0,487,0.11,0.15
8858,16,2008.0,8,21,0.07,0.15
8859,16,2008.0,10,138,0.07,0.15
8860,30,2016.0,4,138,0.08,0.15
8861,10,2001.0,10,310,0.0,0.15
8862,10,2000.0,4,148,0.0,0.15
8863,10,1997.0,1,493,0.12,0.15
8864,10,1997.0,2,535,0.12,0.15
8865,20,2015.0,7,358,0.0,0.15
8866,7,2002.0,10,17,0.12,0.15
8867,26,2009.0,0,122,0.14,0.15
8868,4,2009.0,9,524,0.14,0.15
8869,15,1998.0,0,21,0.08,0.15
8870,29,2002.0,2,420,0.11,0.15
8871,29,2003.0,6,142,0.11,0.15
8872,20,2016.0,7,362,0.02,0.15
8873,26,2008.0,1,257,0.13,0.15
8874,26,2011.0,10,445,0.05,0.15
8875,23,1995.0,5,359,0.0,0.15
8876,26,2008.0,0,122,0.14,0.15
8877,29,2004.0,8,487,0.11,0.15
8878,26,2007.0,6,21,0.13,0.15
8879,17,2007.0,8,21,0.12,0.15
8880,29,2006.0,0,487,0.11,0.15
8881,17,2009.0,10,275,0.0,0.15
8882,16,2001.0,8,91,0.07,0.15
8883,7,2006.0,0,21,0.12,0.15
8884,4,2005.0,5,6,0.14,0.15
8885,26,2007.0,0,543,0.12,0.15
8886,28,2009.0,3,292,0.14,0.15
8887,15,1998.0,11,330,0.08,0.15
8888,6,2002.0,10,17,0.11,0.15
8889,29,2004.0,0,487,0.11,0.15
8890,15,1999.0,10,499,0.0,0.15
8891,17,2013.0,10,493,0.14,0.15
8892,26,2011.0,6,21,0.1,0.15
8893,17,2015.0,0,275,0.0,0.15
8894,16,2005.0,6,524,0.07,0.15
8895,7,2006.0,0,347,0.11,0.15
8897,28,2008.0,9,524,0.06,0.15
8898,7,2005.0,1,359,0.11,0.15
8900,15,1998.0,2,455,0.08,0.15
8901,26,2009.0,3,138,0.14,0.15
8902,6,2002.0,2,85,0.11,0.15
8903,4,2008.0,7,109,0.13,0.15
8904,21,1997.0,8,347,0.0,0.15
8905,4,2004.0,6,347,0.14,0.15
8906,18,2014.0,0,499,0.04,0.15
8907,26,2008.0,1,445,0.14,0.15
8908,8,1993.0,2,85,0.0,0.15
8909,17,2011.0,0,275,0.0,0.15
8910,16,2006.0,2,347,0.0,0.15
8911,15,2000.0,10,275,0.0,0.15
8912,4,2005.0,5,6,0.14,0.15
8913,4,2006.0,10,275,0.0,0.15
8914,26,2008.0,5,182,0.13,0.15
8915,26,2008.0,10,487,0.14,0.15
8916,3,2001.0,1,445,0.0,0.15
8917,16,2008.0,10,66,0.07,0.15
8918,29,2005.0,3,85,0.11,0.15
8919,16,2003.0,8,400,0.07,0.15
8920,7,2005.0,0,543,0.11,0.15
8921,7,2005.0,0,524,0.11,0.15
8922,19,2011.0,1,63,0.0,0.15
8923,26,2009.0,10,493,0.14,0.15
8924,29,2005.0,4,347,0.11,0.15
8925,20,2014.0,1,501,0.1,0.15
8926,19,2009.0,9,430,0.07,0.15
8927,29,2003.0,7,445,0.11,0.15
8928,13,2012.0,6,91,0.01,0.15
8930,4,2007.0,3,524,0.13,0.15
8931,28,2011.0,0,70,0.08,0.15
8932,19,2008.0,3,232,0.13,0.15
8933,19,2004.0,2,85,0.13,0.15
8934,28,2009.0,10,493,0.11,0.15
8935,7,2005.0,0,138,0.11,0.15
8936,15,2001.0,6,21,0.08,0.15
8937,18,2014.0,0,445,0.0,0.15
8938,20,2011.0,6,91,0.03,0.15
8939,15,2000.0,4,524,0.08,0.15
8940,15,1997.0,11,347,0.0,0.15
8941,15,1999.0,1,101,0.08,0.15
8942,29,2004.0,4,543,0.11,0.15
8943,16,2000.0,9,275,0.0,0.15
8944,4,2005.0,0,275,0.15,0.15
8945,20,2014.0,1,230,0.09,0.15
8946,2,2013.0,0,361,0.0,0.15
8947,30,2016.0,7,464,0.08,0.15
8948,29,2006.0,10,138,0.11,0.15
8949,4,2009.0,7,347,0.0,0.15
8950,6,2004.0,10,275,0.0,0.15
8951,2,2012.0,4,524,0.06,0.15
8952,28,2011.0,0,445,0.09,0.15
8953,6,2003.0,8,138,0.11,0.15
8954,28,2012.0,7,120,0.05,0.15
8955,15,1996.0,1,104,0.08,0.15
8956,4,2007.0,8,543,0.13,0.15
8957,29,2005.0,3,445,0.11,0.15
8958,15,1999.0,7,55,0.0,0.15
8959,4,2008.0,4,6,0.0,0.15
8960,13,2014.0,8,445,0.0,0.15
8961,17,2010.0,10,455,0.13,0.15
8962,4,2011.0,3,347,0.0,0.15
8963,2,2011.0,3,347,0.09,0.15
8964,26,2010.0,10,70,0.12,0.15
8965,4,2010.0,10,53,0.14,0.15
8966,15,1997.0,6,455,0.08,0.15
8967,6,2005.0,3,543,0.1,0.15
8968,7,2003.0,8,524,0.11,0.15
8969,15,2001.0,9,275,0.08,0.15
8970,28,2010.0,0,21,0.11,0.15
8971,29,2001.0,6,137,0.11,0.15
8972,4,2010.0,3,21,0.14,0.15
8973,19,2013.0,7,347,0.0,0.15
8974,16,2001.0,6,455,0.07,0.15
8975,19,2011.0,7,528,0.0,0.15
8976,4,2008.0,3,138,0.13,0.15
8977,16,2002.0,10,17,0.07,0.15
8978,4,2009.0,5,504,0.07,0.15
8979,4,2004.0,10,138,0.13,0.15
8980,21,1995.0,2,347,0.0,0.15
8981,6,2005.0,3,445,0.1,0.15
8982,6,2003.0,7,275,0.1,0.15
8983,28,2007.0,6,487,0.13,0.15
8984,26,2010.0,11,347,0.0,0.15
8985,4,2010.0,3,487,0.14,0.15
8986,29,2004.0,2,564,0.11,0.15
8987,15,1995.0,7,455,0.0,0.15
8988,20,2013.0,0,499,0.04,0.15
8989,4,2013.0,0,21,0.0,0.15
8990,6,2004.0,0,101,0.1,0.15
8991,4,2008.0,8,232,0.13,0.15
8992,7,2002.0,10,325,0.11,0.15
8993,4,2007.0,7,347,0.0,0.14
8994,29,2003.0,0,323,0.11,0.14
8995,19,2010.0,7,156,0.09,0.14
8996,16,2005.0,7,193,0.07,0.14
8997,19,2006.0,4,85,0.12,0.14
8998,16,2007.0,1,524,0.07,0.14
8999,16,2002.0,2,508,0.07,0.14
9000,4,2006.0,3,347,0.02,0.14
9001,20,2014.0,0,499,0.03,0.14
9002,6,2002.0,10,275,0.0,0.14
9003,29,2005.0,6,325,0.11,0.14
9004,8,1994.0,7,181,0.0,0.14
9005,4,2009.0,4,547,0.13,0.14
9006,15,2001.0,5,142,0.08,0.14
9007,2,2014.0,10,263,0.0,0.14
9008,2,2013.0,0,109,0.1,0.14
9009,20,2014.0,7,362,0.07,0.14
9010,15,1997.0,10,203,0.08,0.14
9011,16,2009.0,8,21,0.07,0.14
9012,16,2007.0,0,126,0.07,0.14
9013,5,2000.0,1,310,0.0,0.14
9014,22,1994.0,11,445,0.0,0.14
9015,6,2003.0,4,524,0.1,0.14
9016,16,2001.0,0,544,0.07,0.14
9017,15,1998.0,0,455,0.08,0.14
9018,26,2011.0,0,487,0.08,0.14
9019,4,2010.0,9,365,0.13,0.14
9020,4,2009.0,5,565,0.13,0.14
9021,28,2010.0,6,275,0.12,0.14
9022,4,2009.0,1,359,0.0,0.14
9023,16,2005.0,7,6,0.07,0.14
9024,26,2010.0,0,53,0.13,0.14
9025,7,2007.0,0,487,0.11,0.14
9026,16,2009.0,0,138,0.11,0.14
9027,16,2001.0,4,485,0.07,0.14
9028,4,2008.0,7,347,0.0,0.14
9029,17,2011.0,0,499,0.0,0.14
9030,26,2008.0,3,460,0.1,0.14
9031,15,1997.0,6,413,0.08,0.14
9032,30,2015.0,0,66,0.08,0.14
9033,6,2001.0,4,241,0.1,0.14
9034,19,2009.0,0,138,0.11,0.14
9035,13,2010.0,7,138,0.0,0.14
9036,4,2009.0,5,522,0.13,0.14
9037,20,2015.0,0,126,0.0,0.14
9038,15,1996.0,2,17,0.08,0.14
9039,4,2006.0,6,524,0.09,0.14
9040,26,2006.0,3,481,0.13,0.14
9041,16,2004.0,1,91,0.07,0.14
9042,4,2011.0,0,21,0.12,0.14
9043,16,2006.0,1,487,0.07,0.14
9044,16,2004.0,7,499,0.07,0.14
9045,28,2006.0,0,137,0.1,0.14
9046,13,2009.0,8,6,0.0,0.14
9047,15,2001.0,6,487,0.08,0.14
9048,19,2011.0,0,461,0.0,0.14
9049,4,2010.0,0,547,0.11,0.14
9050,7,2002.0,9,359,0.0,0.14
9051,6,2005.0,3,21,0.1,0.14
9052,5,2001.0,7,144,0.0,0.14
9053,16,2003.0,5,330,0.07,0.14
9054,26,2008.0,0,487,0.13,0.14
9055,13,2000.0,11,524,0.02,0.14
9056,19,2008.0,6,556,0.05,0.14
9057,15,2002.0,0,347,0.0,0.14
9058,15,1997.0,11,465,0.0,0.14
9059,19,2006.0,3,6,0.13,0.14
9060,7,2004.0,10,138,0.11,0.14
9061,2,2011.0,4,362,0.09,0.14
9062,13,2007.0,8,138,0.0,0.14
9063,4,2008.0,10,39,0.13,0.14
9064,26,2007.0,2,524,0.07,0.14
9065,17,2010.0,7,98,0.09,0.14
9066,17,2011.0,6,70,0.01,0.14
9067,3,1998.0,2,137,0.0,0.14
9068,16,2001.0,10,4,0.07,0.14
9069,4,2008.0,7,137,0.12,0.14
9070,19,2011.0,1,78,0.0,0.14
9071,2,2012.0,0,299,0.0,0.14
9072,16,2004.0,3,91,0.07,0.14
9073,4,2009.0,9,296,0.13,0.14
9074,19,2010.0,7,347,0.0,0.14
9075,29,2003.0,0,53,0.11,0.14
9076,13,2003.0,7,288,0.01,0.14
9077,29,2005.0,10,138,0.11,0.14
9078,29,2002.0,10,445,0.11,0.14
9079,19,2008.0,7,20,0.06,0.14
9080,4,2010.0,0,109,0.1,0.14
9082,19,2004.0,7,347,0.03,0.14
9083,26,2007.0,3,524,0.13,0.14
9084,4,2008.0,7,206,0.13,0.14
9085,6,2001.0,8,21,0.1,0.14
9086,17,2014.0,0,347,0.0,0.14
9087,17,2010.0,7,525,0.06,0.14
9088,15,2001.0,0,17,0.08,0.14
9089,16,2001.0,3,455,0.07,0.14
9090,19,2009.0,7,55,0.07,0.14
9091,29,2004.0,6,445,0.11,0.14
9092,17,2012.0,0,85,0.0,0.14
9093,3,2000.0,2,540,0.0,0.14
9094,29,2006.0,0,137,0.11,0.14
9095,15,1998.0,7,465,0.0,0.14
9096,4,2006.0,2,109,0.0,0.14
9097,15,1997.0,8,455,0.01,0.14
9098,16,2008.0,5,142,0.07,0.14
9099,19,2005.0,10,455,0.13,0.14
9100,6,2004.0,7,275,0.1,0.14
9101,19,2009.0,10,492,0.09,0.14
9102,29,2002.0,10,325,0.11,0.14
9103,2,2015.0,0,361,0.0,0.14
9104,16,2002.0,1,138,0.07,0.14
9105,16,2001.0,0,17,0.07,0.14
9106,0,1982.0,0,53,0.13,0.14
9107,5,2000.0,7,275,0.0,0.14
9108,13,2009.0,7,120,0.0,0.14
9109,4,2008.0,0,109,0.11,0.14
9110,6,2002.0,4,241,0.1,0.14
9111,16,2006.0,0,493,0.07,0.14
9112,27,2014.0,0,524,0.08,0.14
9113,4,2004.0,5,359,0.08,0.14
9114,4,2007.0,1,564,0.13,0.14
9115,29,2003.0,4,487,0.11,0.14
9116,4,2009.0,6,487,0.13,0.14
9117,4,2007.0,9,513,0.07,0.14
9118,4,2007.0,0,564,0.13,0.14
9119,7,2002.0,8,138,0.11,0.14
9120,7,2003.0,0,487,0.11,0.14
9121,16,2009.0,10,23,0.07,0.14
9122,15,1998.0,1,476,0.08,0.14
9123,4,2005.0,7,511,0.0,0.14
9124,15,2000.0,6,455,0.08,0.14
9125,15,1998.0,11,190,0.0,0.14
9126,2,2012.0,0,153,0.0,0.14
9127,17,2008.0,10,138,0.13,0.14
9128,16,2002.0,10,455,0.07,0.14
9129,19,2011.0,1,20,0.0,0.14
9130,15,1997.0,6,487,0.08,0.14
9131,16,2008.0,0,85,0.07,0.14
9132,28,2007.0,9,524,0.11,0.14
9133,15,1997.0,2,347,0.0,0.14
9134,29,2004.0,4,543,0.11,0.14
9135,4,2007.0,4,6,0.0,0.14
9136,13,2015.0,0,464,0.03,0.14
9137,16,2008.0,7,63,0.07,0.14
9138,19,2005.0,11,138,0.11,0.14
9139,28,2009.0,0,460,0.1,0.14
9140,16,2005.0,10,455,0.07,0.14
9141,16,2004.0,8,400,0.07,0.14
9142,19,2011.0,11,347,0.0,0.14
9143,28,2010.0,0,21,0.11,0.14
9144,27,2012.0,0,524,0.06,0.14
9145,17,2011.0,10,524,0.0,0.14
9146,15,2001.0,10,455,0.08,0.14
9147,17,2008.0,3,455,0.0,0.14
9148,15,1997.0,7,455,0.08,0.14
9149,26,2009.0,3,547,0.13,0.14
9150,19,2007.0,7,362,0.0,0.14
9152,10,1999.0,6,91,0.11,0.14
9153,10,1999.0,10,487,0.11,0.14
9154,7,2002.0,7,540,0.11,0.14
9155,10,1998.0,0,177,0.11,0.14
9156,15,1999.0,7,476,0.08,0.14
9157,20,2013.0,2,547,0.11,0.14
9158,16,2008.0,2,85,0.0,0.14
9159,4,2010.0,3,53,0.13,0.14
9160,16,2002.0,8,138,0.07,0.14
9161,28,2010.0,10,91,0.0,0.14
9162,15,1995.0,8,455,0.02,0.14
9163,7,2006.0,1,487,0.11,0.14
9164,3,2000.0,2,17,0.0,0.14
9165,26,2009.0,10,122,0.13,0.14
9166,15,1997.0,10,330,0.08,0.14
9167,16,2002.0,1,455,0.07,0.14
9168,28,2009.0,9,524,0.1,0.14
9169,15,1997.0,4,269,0.08,0.14
9170,19,2011.0,0,109,0.0,0.14
9172,4,2007.0,6,21,0.13,0.14
9173,4,2005.0,0,543,0.12,0.14
9174,6,2002.0,0,85,0.0,0.14
9175,29,2004.0,2,53,0.1,0.14
9176,2,2012.0,0,21,0.12,0.14
9177,28,2006.0,0,543,0.12,0.14
9178,16,2002.0,6,53,0.07,0.14
9179,15,1999.0,1,305,0.08,0.14
9180,6,2003.0,0,485,0.1,0.14
9181,21,1997.0,1,234,0.0,0.14
9182,26,2009.0,7,430,0.1,0.14
9183,28,2010.0,3,323,0.0,0.14
9184,2,2015.0,0,85,0.0,0.14
9185,15,1996.0,10,17,0.08,0.14
9186,6,2005.0,4,126,0.1,0.14
9187,4,2005.0,10,275,0.0,0.14
9188,29,2005.0,11,493,0.11,0.14
9189,29,2002.0,1,478,0.11,0.14
9190,15,1996.0,10,275,0.08,0.14
9191,17,2014.0,10,275,0.0,0.14
9192,29,2003.0,0,85,0.08,0.14
9193,4,2008.0,0,330,0.1,0.14
9194,4,2011.0,3,21,0.1,0.14
9195,7,2002.0,10,325,0.11,0.14
9196,12,1993.0,2,437,0.0,0.14
9197,30,2014.0,1,501,0.08,0.14
9198,4,2006.0,3,6,0.13,0.14
9199,13,2012.0,8,493,0.1,0.14
9200,28,2010.0,0,138,0.1,0.14
9201,28,2011.0,3,275,0.13,0.14
9202,15,2001.0,4,528,0.08,0.14
9203,26,2011.0,0,138,0.08,0.14
9204,29,2005.0,4,126,0.1,0.14
9205,17,2010.0,3,528,0.13,0.14
9206,27,2012.0,0,21,0.09,0.14
9207,15,1995.0,9,540,0.08,0.14
9208,28,2011.0,1,524,0.1,0.14
9209,26,2007.0,10,275,0.0,0.14
9210,20,2012.0,2,455,0.06,0.14
9211,17,2012.0,0,525,0.0,0.14
9212,28,2006.0,10,23,0.13,0.14
9213,4,2011.0,6,109,0.1,0.14
9214,17,2007.0,10,493,0.13,0.14
9215,15,1996.0,5,540,0.08,0.14
9216,4,2008.0,11,460,0.12,0.14
9217,6,2002.0,0,487,0.1,0.14
9218,7,2002.0,2,347,0.04,0.14
9219,19,2007.0,3,378,0.12,0.14
9220,16,2001.0,3,458,0.0,0.14
9221,15,1999.0,1,37,0.0,0.14
9222,19,2007.0,7,6,0.07,0.14
9223,24,1995.0,1,345,0.0,0.14
9224,23,1998.0,4,85,0.0,0.14
9225,17,2014.0,2,55,0.0,0.14
9226,27,2012.0,10,493,0.08,0.14
9227,26,2009.0,3,21,0.12,0.14
9228,4,2005.0,0,275,0.0,0.14
9229,26,2010.0,3,138,0.13,0.14
9230,13,2015.0,9,390,0.0,0.14
9231,19,2011.0,10,445,0.0,0.14
9232,19,2004.0,3,455,0.0,0.14
9233,7,2005.0,10,138,0.11,0.14
9234,7,2002.0,6,524,0.11,0.14
9235,19,2006.0,3,455,0.1,0.14
9236,7,2002.0,6,543,0.11,0.14
9237,17,2009.0,0,460,0.07,0.14
9238,16,2006.0,10,347,0.0,0.14
9239,28,2006.0,8,21,0.13,0.14
9240,19,2010.0,7,362,0.07,0.14
9241,15,1995.0,0,455,0.0,0.14
9242,4,2011.0,5,445,0.0,0.14
9243,2,2015.0,10,347,0.0,0.14
9244,19,2006.0,5,6,0.13,0.14
9245,4,2010.0,5,443,0.13,0.14
9246,6,2002.0,7,53,0.03,0.14
9247,4,2009.0,9,138,0.12,0.14
9248,26,2010.0,3,524,0.13,0.14
9249,4,2007.0,3,77,0.12,0.14
9250,13,2016.0,0,524,0.04,0.14
9252,4,2005.0,6,138,0.11,0.14
9253,13,2010.0,0,85,0.1,0.14
9254,28,2011.0,3,493,0.12,0.14
9255,26,2006.0,0,325,0.12,0.14
9256,15,1995.0,8,487,0.03,0.14
9257,21,1995.0,6,445,0.0,0.14
9258,26,2008.0,10,493,0.13,0.14
9259,29,2002.0,2,85,0.09,0.14
9260,16,2006.0,2,445,0.0,0.14
9261,18,2015.0,0,381,0.07,0.14
9262,17,2008.0,1,53,0.09,0.14
9263,17,2009.0,8,66,0.11,0.14
9264,17,2014.0,3,457,0.0,0.14
9265,17,2010.0,3,120,0.0,0.14
9266,6,2004.0,0,221,0.1,0.14
9267,28,2007.0,0,487,0.11,0.14
9268,4,2010.0,1,88,0.12,0.14
9269,4,2007.0,9,487,0.13,0.14
9270,4,2009.0,0,138,0.11,0.14
9271,20,2013.0,10,445,0.0,0.14
9272,2,2011.0,3,430,0.09,0.14
9273,20,2011.0,5,347,0.08,0.14
9274,28,2006.0,6,487,0.11,0.14
9275,15,1998.0,11,499,0.0,0.14
9276,4,2009.0,7,445,0.0,0.14
9277,26,2008.0,9,257,0.13,0.14
9278,6,2002.0,6,277,0.1,0.14
9279,26,2009.0,5,57,0.13,0.14
9280,19,2006.0,11,275,0.09,0.14
9281,4,2008.0,3,524,0.13,0.14
9282,4,2009.0,5,128,0.13,0.14
9283,26,2008.0,6,524,0.11,0.14
9284,4,2006.0,5,359,0.08,0.14
9285,16,2006.0,10,275,0.0,0.14
9286,16,2004.0,10,138,0.07,0.14
9287,6,2003.0,6,487,0.1,0.14
9288,20,2014.0,10,456,0.11,0.14
9289,13,2010.0,7,138,0.01,0.14
9290,28,2009.0,3,547,0.12,0.14
9291,29,2003.0,10,17,0.1,0.14
9292,17,2014.0,7,445,0.0,0.14
9293,16,2001.0,10,455,0.07,0.14
9294,15,1997.0,3,455,0.08,0.14
9295,4,2010.0,10,120,0.13,0.14
9296,26,2008.0,9,296,0.11,0.14
9297,29,2003.0,6,53,0.1,0.14
9298,4,2010.0,11,347,0.0,0.14
9299,6,2002.0,0,524,0.1,0.14
9300,16,2001.0,8,455,0.07,0.14
9301,26,2006.0,5,359,0.08,0.14
9302,4,2006.0,4,524,0.12,0.14
9303,15,1998.0,2,540,0.03,0.14
9304,13,2015.0,8,138,0.0,0.14
9305,27,2012.0,0,547,0.09,0.14
9306,28,2010.0,7,160,0.11,0.14
9307,19,2005.0,3,6,0.12,0.14
9308,15,2001.0,0,17,0.08,0.14
9309,15,1996.0,10,17,0.08,0.14
9311,26,2011.0,8,21,0.13,0.14
9312,4,2010.0,9,524,0.13,0.14
9313,30,2014.0,10,275,0.02,0.14
9314,13,2011.0,8,516,0.04,0.14
9315,7,2004.0,10,138,0.1,0.14
9316,26,2011.0,3,487,0.11,0.14
9317,26,2010.0,8,524,0.11,0.14
9318,4,2008.0,0,21,0.11,0.14
9319,16,2002.0,10,137,0.07,0.14
9320,29,2004.0,10,445,0.1,0.14
9321,26,2011.0,1,524,0.08,0.14
9322,4,2009.0,10,21,0.13,0.14
9323,29,2003.0,11,21,0.1,0.14
9324,29,2002.0,2,17,0.1,0.14
9325,19,2011.0,7,347,0.0,0.14
9326,19,2012.0,0,358,0.0,0.14
9327,4,2008.0,10,487,0.12,0.14
9328,4,2008.0,3,524,0.13,0.14
9329,4,2009.0,3,524,0.13,0.13
9330,17,2008.0,8,53,0.08,0.13
9331,29,2003.0,6,325,0.1,0.13
9332,26,2010.0,3,524,0.0,0.13
9333,15,2001.0,10,241,0.07,0.13
9334,16,2003.0,7,464,0.0,0.13
9335,6,2003.0,8,138,0.1,0.13
9336,17,2010.0,11,499,0.0,0.13
9337,2,2012.0,0,432,0.0,0.13
9338,15,1998.0,0,177,0.07,0.13
9339,15,2001.0,4,275,0.07,0.13
9340,16,2008.0,1,63,0.0,0.13
9341,26,2008.0,10,275,0.12,0.13
9342,28,2007.0,10,493,0.11,0.13
9343,26,2008.0,7,469,0.12,0.13
9344,6,2002.0,4,524,0.1,0.13
9345,26,2009.0,0,296,0.12,0.13
9346,16,2004.0,0,275,0.07,0.13
9347,26,2011.0,10,120,0.06,0.13
9348,16,2005.0,3,109,0.0,0.13
9349,16,2004.0,3,189,0.07,0.13
9350,16,2006.0,0,63,0.0,0.13
9351,29,2002.0,0,21,0.1,0.13
9352,19,2012.0,7,275,0.0,0.13
9353,6,2002.0,10,445,0.1,0.13
9354,16,2005.0,2,53,0.07,0.13
9355,4,2005.0,3,53,0.12,0.13
9356,17,2008.0,10,493,0.11,0.13
9357,16,2009.0,10,275,0.0,0.13
9358,4,2008.0,3,53,0.13,0.13
9359,4,2009.0,5,564,0.12,0.13
9360,2,2015.0,4,558,0.07,0.13
9361,20,2013.0,3,347,0.04,0.13
9362,6,2005.0,3,564,0.1,0.13
9363,4,2010.0,7,461,0.0,0.13
9364,2,2011.0,6,109,0.07,0.13
9365,15,1995.0,11,455,0.0,0.13
9366,16,2005.0,9,66,0.07,0.13
9367,29,2004.0,4,487,0.1,0.13
9368,28,2011.0,2,6,0.1,0.13
9369,30,2015.0,0,21,0.09,0.13
9370,13,2012.0,0,435,0.0,0.13
9371,30,2015.0,0,85,0.08,0.13
9372,27,2012.0,0,21,0.12,0.13
9373,16,2005.0,7,275,0.07,0.13
9374,4,2005.0,0,524,0.12,0.13
9375,4,2007.0,3,445,0.12,0.13
9376,15,1997.0,7,275,0.07,0.13
9377,28,2006.0,2,275,0.07,0.13
9378,26,2009.0,0,21,0.12,0.13
9379,16,2007.0,3,455,0.07,0.13
9380,4,2010.0,0,21,0.12,0.13
9381,26,2009.0,7,362,0.12,0.13
9382,4,2008.0,7,499,0.08,0.13
9383,15,2000.0,10,325,0.07,0.13
9384,4,2011.0,3,347,0.0,0.13
9385,16,2008.0,7,55,0.07,0.13
9386,16,2008.0,10,493,0.07,0.13
9387,28,2010.0,7,112,0.09,0.13
9388,4,2005.0,4,126,0.11,0.13
9389,27,2012.0,8,21,0.07,0.13
9390,29,2003.0,0,269,0.1,0.13
9391,15,2001.0,10,325,0.07,0.13
9393,17,2015.0,10,69,0.02,0.13
9394,16,2011.0,10,455,0.06,0.13
9395,15,1998.0,6,487,0.07,0.13
9396,28,2008.0,8,21,0.12,0.13
9397,16,2001.0,0,4,0.06,0.13
9398,19,2008.0,3,524,0.12,0.13
9399,29,2004.0,3,524,0.1,0.13
9400,4,2006.0,4,21,0.12,0.13
9401,28,2007.0,6,499,0.12,0.13
9402,29,2002.0,0,53,0.1,0.13
9403,19,2010.0,7,20,0.0,0.13
9404,26,2010.0,8,6,0.12,0.13
9405,15,2000.0,10,524,0.07,0.13
9406,2,2014.0,1,21,0.08,0.13
9407,7,2002.0,10,138,0.1,0.13
9408,15,2000.0,1,137,0.07,0.13
9409,17,2009.0,3,547,0.1,0.13
9410,26,2009.0,9,460,0.12,0.13
9411,20,2015.0,0,275,0.0,0.13
9412,21,1997.0,11,445,0.0,0.13
9413,19,2011.0,10,275,0.0,0.13
9414,19,2012.0,7,347,0.0,0.13
9415,6,2004.0,2,487,0.09,0.13
9416,4,2006.0,0,445,0.0,0.13
9417,2,2015.0,0,347,0.0,0.13
9418,28,2012.0,2,55,0.08,0.13
9419,29,2006.0,0,137,0.1,0.13
9420,15,1997.0,10,275,0.07,0.13
9421,28,2008.0,0,487,0.08,0.13
9422,16,2001.0,10,499,0.0,0.13
9423,19,2006.0,0,524,0.11,0.13
9424,4,2010.0,1,162,0.08,0.13
9425,26,2009.0,10,487,0.12,0.13
9426,7,2002.0,4,275,0.1,0.13
9427,16,2002.0,7,146,0.06,0.13
9428,20,2015.0,0,85,0.01,0.13
9429,4,2011.0,0,487,0.11,0.13
9430,16,2004.0,6,455,0.06,0.13
9431,28,2008.0,10,21,0.12,0.13
9432,15,1998.0,11,137,0.07,0.13
9433,4,2010.0,3,522,0.12,0.13
9434,4,2007.0,3,85,0.0,0.13
9435,6,2005.0,4,524,0.09,0.13
9436,16,2004.0,1,275,0.06,0.13
9437,17,2009.0,8,109,0.09,0.13
9438,20,2016.0,0,499,0.0,0.13
9439,4,2010.0,10,445,0.0,0.13
9440,26,2009.0,3,330,0.0,0.13
9441,19,2010.0,1,487,0.08,0.13
9442,23,1992.0,8,275,0.0,0.13
9443,19,2005.0,8,138,0.12,0.13
9444,17,2009.0,10,493,0.12,0.13
9445,2,2011.0,7,464,0.0,0.13
9446,16,2009.0,1,146,0.0,0.13
9447,13,2000.0,7,215,0.01,0.13
9448,17,2014.0,1,286,0.03,0.13
9449,17,2007.0,10,455,0.12,0.13
9450,28,2013.0,4,524,0.03,0.13
9451,17,2012.0,8,275,0.06,0.13
9452,15,1998.0,10,91,0.07,0.13
9453,6,2001.0,2,461,0.09,0.13
9454,16,2008.0,7,63,0.0,0.13
9455,29,2003.0,4,53,0.1,0.13
9456,19,2010.0,0,347,0.04,0.13
9457,17,2014.0,3,347,0.0,0.13
9458,29,2001.0,6,487,0.1,0.13
9459,26,2007.0,6,122,0.12,0.13
9460,15,1995.0,11,499,0.05,0.13
9461,23,1993.0,7,359,0.0,0.13
9462,28,2012.0,3,85,0.08,0.13
9463,26,2009.0,10,524,0.1,0.13
9464,29,2005.0,4,85,0.1,0.13
9465,4,2011.0,3,487,0.08,0.13
9466,4,2008.0,9,85,0.12,0.13
9467,2,2011.0,9,101,0.12,0.13
9468,15,1995.0,8,246,0.07,0.13
9469,17,2008.0,10,325,0.12,0.13
9470,4,2010.0,9,511,0.12,0.13
9471,30,2015.0,3,524,0.1,0.13
9472,7,2006.0,6,21,0.1,0.13
9473,17,2014.0,2,362,0.06,0.13
9474,16,2005.0,7,524,0.06,0.13
9476,19,2011.0,7,301,0.0,0.13
9477,4,2005.0,9,430,0.0,0.13
9478,4,2007.0,7,63,0.07,0.13
9479,10,2000.0,8,359,0.0,0.13
9480,10,1999.0,10,17,0.12,0.13
9481,10,1999.0,4,275,0.06,0.13
9482,26,2012.0,3,524,0.01,0.13
9483,28,2006.0,10,21,0.12,0.13
9484,28,2011.0,0,138,0.06,0.13
9485,29,2002.0,3,485,0.1,0.13
9486,29,2006.0,6,445,0.1,0.13
9487,26,2009.0,10,304,0.12,0.13
9488,28,2010.0,11,451,0.08,0.13
9489,19,2010.0,0,126,0.09,0.13
9490,16,2002.0,6,21,0.06,0.13
9491,4,2009.0,1,21,0.12,0.13
9492,19,2008.0,4,455,0.04,0.13
9493,21,1997.0,8,445,0.0,0.13
9494,4,2011.0,6,21,0.09,0.13
9495,0,1981.0,10,53,0.12,0.13
9496,29,2005.0,9,91,0.1,0.13
9497,4,2007.0,3,6,0.12,0.13
9498,29,2002.0,0,323,0.1,0.13
9499,29,2003.0,11,53,0.1,0.13
9500,7,2006.0,10,138,0.1,0.13
9501,7,2003.0,0,137,0.1,0.13
9502,20,2013.0,10,455,0.11,0.13
9503,28,2011.0,10,493,0.12,0.13
9504,6,2004.0,6,347,0.09,0.13
9505,16,2005.0,4,455,0.06,0.13
9506,28,2011.0,0,547,0.07,0.13
9507,16,2003.0,0,524,0.06,0.13
9508,21,1996.0,2,445,0.0,0.13
9509,6,2003.0,8,543,0.09,0.13
9510,21,1997.0,3,224,0.0,0.13
9511,18,2015.0,1,6,0.03,0.13
9512,26,2006.0,0,524,0.1,0.13
9513,16,2003.0,6,137,0.06,0.13
9514,19,2011.0,2,381,0.03,0.13
9515,26,2010.0,10,53,0.12,0.13
9516,13,2002.0,11,543,0.03,0.13
9518,26,2008.0,5,564,0.12,0.13
9519,4,2006.0,4,21,0.12,0.13
9520,2,2011.0,9,524,0.1,0.13
9521,19,2010.0,3,275,0.0,0.13
9523,28,2010.0,8,493,0.1,0.13
9524,29,2002.0,0,445,0.08,0.13
9525,4,2009.0,3,524,0.12,0.13
9526,26,2008.0,8,565,0.12,0.13
9527,16,2003.0,8,487,0.06,0.13
9528,6,2006.0,4,126,0.09,0.13
9529,4,2007.0,5,348,0.12,0.13
9530,26,2010.0,3,200,0.12,0.13
9531,28,2006.0,0,109,0.11,0.13
9532,4,2010.0,7,146,0.0,0.13
9533,16,2008.0,3,292,0.06,0.13
9534,2,2011.0,5,445,0.0,0.13
9535,28,2007.0,8,325,0.1,0.13
9536,15,1995.0,10,455,0.0,0.13
9537,16,2007.0,10,455,0.06,0.13
9538,17,2016.0,0,464,0.0,0.13
9539,28,2010.0,7,85,0.0,0.13
9540,2,2011.0,0,547,0.09,0.13
9541,16,2004.0,7,193,0.06,0.13
9542,4,2007.0,5,172,0.1,0.13
9543,4,2008.0,10,53,0.12,0.13
9544,2,2011.0,3,524,0.08,0.13
9545,16,2005.0,3,445,0.0,0.13
9546,23,1995.0,7,144,0.0,0.13
9547,13,2010.0,0,464,0.0,0.13
9548,6,2004.0,4,138,0.09,0.13
9549,17,2010.0,7,112,0.07,0.13
9550,29,2004.0,0,275,0.1,0.13
9551,16,2001.0,6,138,0.06,0.13
9552,7,2003.0,10,241,0.1,0.13
9553,4,2010.0,0,21,0.11,0.13
9554,17,2008.0,0,91,0.07,0.13
9555,3,2000.0,6,445,0.0,0.13
9556,28,2013.0,8,138,0.08,0.13
9557,17,2008.0,10,23,0.12,0.13
9558,7,2002.0,2,17,0.1,0.13
9559,4,2008.0,5,464,0.1,0.13
9560,26,2010.0,0,547,0.11,0.13
9561,8,1992.0,8,445,0.0,0.13
9562,29,2003.0,10,17,0.1,0.13
9563,4,2010.0,0,347,0.0,0.13
9564,16,2007.0,7,445,0.0,0.13
9565,26,2008.0,8,524,0.11,0.13
9566,16,2001.0,4,4,0.06,0.13
9567,6,2004.0,3,359,0.09,0.13
9568,28,2015.0,10,275,0.04,0.13
9569,13,2015.0,0,547,0.08,0.13
9570,16,2008.0,0,499,0.06,0.13
9571,16,2005.0,4,524,0.06,0.13
9572,4,2007.0,6,138,0.11,0.13
9573,15,1998.0,0,502,0.07,0.13
9574,26,2011.0,0,85,0.0,0.13
9575,29,2005.0,0,445,0.1,0.13
9576,18,2015.0,0,455,0.02,0.13
9577,17,2008.0,3,292,0.11,0.13
9578,16,2001.0,9,493,0.06,0.13
9579,7,2002.0,4,241,0.1,0.13
9580,29,2003.0,8,288,0.1,0.13
9581,2,2015.0,0,347,0.0,0.13
9582,28,2006.0,0,499,0.11,0.13
9583,29,2004.0,3,337,0.1,0.13
9584,29,2005.0,0,487,0.1,0.13
9585,15,1999.0,10,524,0.07,0.13
9586,16,2006.0,10,493,0.06,0.13
9587,16,2002.0,11,499,0.0,0.13
9588,6,2002.0,10,146,0.0,0.13
9589,26,2008.0,10,101,0.12,0.13
9590,7,2002.0,3,241,0.1,0.13
9591,27,2013.0,0,547,0.05,0.13
9592,4,2011.0,0,445,0.09,0.13
9593,29,2004.0,6,91,0.09,0.13
9594,26,2011.0,3,524,0.12,0.13
9595,6,2001.0,5,121,0.09,0.13
9596,26,2008.0,9,347,0.09,0.13
9597,4,2008.0,1,487,0.11,0.13
9598,17,2011.0,10,524,0.12,0.13
9599,16,2008.0,6,21,0.06,0.13
9600,28,2009.0,0,21,0.09,0.13
9601,16,2005.0,6,553,0.06,0.13
9602,26,2009.0,9,138,0.1,0.13
9603,28,2011.0,3,487,0.07,0.13
9604,28,2011.0,3,6,0.1,0.13
9605,15,1995.0,10,520,0.07,0.13
9606,15,1996.0,9,540,0.07,0.13
9607,17,2013.0,10,445,0.0,0.13
9608,26,2008.0,1,445,0.0,0.13
9609,6,2002.0,10,21,0.09,0.13
9610,15,2001.0,1,4,0.07,0.13
9611,16,2002.0,6,138,0.06,0.13
9612,7,2002.0,2,21,0.1,0.13
9613,4,2007.0,4,481,0.12,0.13
9614,17,2011.0,1,524,0.07,0.13
9615,4,2010.0,10,21,0.12,0.13
9616,4,2008.0,4,564,0.07,0.13
9617,19,2013.0,7,445,0.0,0.13
9618,21,1997.0,7,346,0.0,0.13
9619,15,1998.0,4,129,0.07,0.13
9620,26,2009.0,4,524,0.11,0.13
9621,29,2002.0,6,17,0.09,0.13
9622,4,2008.0,5,182,0.11,0.13
9623,26,2011.0,6,109,0.08,0.13
9624,4,2009.0,0,524,0.12,0.13
9625,16,2007.0,7,430,0.05,0.13
9626,4,2008.0,3,296,0.12,0.13
9627,20,2013.0,0,347,0.0,0.13
9628,26,2008.0,10,117,0.11,0.13
9629,2,2013.0,11,281,0.0,0.13
9630,28,2011.0,0,109,0.12,0.13
9631,29,2006.0,10,325,0.09,0.13
9632,2,2014.0,1,347,0.0,0.13
9633,4,2011.0,3,524,0.12,0.13
9634,29,2005.0,6,543,0.09,0.13
9635,7,2003.0,8,138,0.1,0.13
9636,13,2009.0,11,493,0.03,0.13
9637,20,2014.0,7,362,0.04,0.13
9638,17,2014.0,0,21,0.04,0.13
9639,7,2006.0,3,85,0.1,0.13
9640,21,1995.0,8,275,0.0,0.13
9641,4,2008.0,0,53,0.09,0.13
9642,19,2010.0,7,85,0.0,0.13
9643,29,2002.0,6,323,0.09,0.13
9644,16,2004.0,10,455,0.06,0.13
9645,28,2009.0,8,109,0.1,0.13
9646,30,2016.0,8,493,0.08,0.13
9647,29,2002.0,2,17,0.09,0.13
9648,4,2010.0,10,275,0.0,0.13
9649,29,2003.0,8,288,0.09,0.13
9650,28,2009.0,8,21,0.12,0.13
9651,19,2008.0,7,566,0.1,0.13
9652,26,2011.0,8,445,0.07,0.13
9653,17,2011.0,2,6,0.06,0.13
9654,15,2002.0,10,275,0.0,0.13
9655,26,2007.0,8,543,0.11,0.13
9656,15,1997.0,10,203,0.07,0.13
9657,4,2007.0,9,183,0.09,0.13
9658,6,2003.0,6,487,0.09,0.12
9659,21,1997.0,4,445,0.0,0.12
9660,19,2012.0,7,347,0.0,0.12
9661,26,2008.0,0,138,0.11,0.12
9662,15,2000.0,10,241,0.07,0.12
9663,26,2009.0,1,275,0.07,0.12
9664,27,2012.0,0,524,0.07,0.12
9665,6,2001.0,4,487,0.09,0.12
9666,21,1998.0,10,445,0.0,0.12
9668,26,2009.0,4,547,0.11,0.12
9669,21,1995.0,6,55,0.0,0.12
9670,17,2006.0,10,493,0.11,0.12
9671,17,2006.0,0,85,0.0,0.12
9672,3,2001.0,2,85,0.0,0.12
9673,15,1996.0,2,535,0.07,0.12
9674,28,2008.0,6,21,0.11,0.12
9675,17,2010.0,3,126,0.1,0.12
9676,13,2012.0,0,464,0.06,0.12
9677,7,2004.0,7,85,0.1,0.12
9678,19,2007.0,5,137,0.11,0.12
9679,17,2011.0,10,455,0.0,0.12
9680,17,2016.0,0,547,0.03,0.12
9681,16,2003.0,11,445,0.06,0.12
9682,15,1997.0,1,225,0.0,0.12
9683,20,2012.0,0,347,0.0,0.12
9684,4,2007.0,0,53,0.11,0.12
9685,26,2007.0,11,66,0.11,0.12
9686,4,2006.0,9,275,0.0,0.12
9687,15,1998.0,8,324,0.07,0.12
9688,4,2006.0,9,291,0.0,0.12
9689,26,2008.0,0,402,0.12,0.12
9690,6,2002.0,0,138,0.09,0.12
9691,17,2011.0,0,524,0.0,0.12
9693,21,1996.0,2,225,0.0,0.12
9694,28,2011.0,8,6,0.09,0.12
9695,16,2002.0,1,485,0.06,0.12
9696,19,2006.0,0,347,0.0,0.12
9697,26,2009.0,5,101,0.11,0.12
9698,15,1999.0,2,225,0.0,0.12
9699,7,2004.0,6,138,0.1,0.12
9700,30,2016.0,8,120,0.05,0.12
9701,16,2008.0,3,109,0.0,0.12
9702,16,2001.0,2,441,0.06,0.12
9703,26,2010.0,10,101,0.12,0.12
9704,20,2013.0,0,347,0.0,0.12
9705,6,2002.0,10,138,0.09,0.12
9706,16,2002.0,4,524,0.06,0.12
9707,4,2010.0,7,347,0.0,0.12
9708,28,2009.0,3,275,0.12,0.12
9709,15,1998.0,1,165,0.03,0.12
9710,28,2009.0,5,487,0.12,0.12
9711,30,2016.0,10,6,0.03,0.12
9712,16,2006.0,7,6,0.0,0.12
9713,27,2013.0,0,524,0.05,0.12
9714,19,2010.0,0,381,0.05,0.12
9715,15,2000.0,9,413,0.07,0.12
9716,15,1997.0,11,17,0.07,0.12
9717,12,1994.0,2,437,0.0,0.12
9718,4,2008.0,1,499,0.0,0.12
9719,4,2010.0,5,109,0.11,0.12
9720,4,2011.0,0,347,0.0,0.12
9721,16,2008.0,2,232,0.04,0.12
9722,26,2008.0,0,109,0.11,0.12
9723,16,2007.0,5,109,0.06,0.12
9724,20,2013.0,11,21,0.05,0.12
9725,15,1998.0,7,21,0.07,0.12
9726,19,2009.0,0,525,0.05,0.12
9727,18,2015.0,0,464,0.0,0.12
9728,29,2004.0,4,21,0.09,0.12
9729,16,2003.0,6,347,0.06,0.12
9730,16,2005.0,7,499,0.06,0.12
9731,7,2006.0,4,325,0.09,0.12
9732,4,2008.0,6,564,0.11,0.12
9733,15,1998.0,5,540,0.07,0.12
9734,2,2014.0,3,347,0.0,0.12
9735,20,2014.0,2,347,0.0,0.12
9736,4,2006.0,7,359,0.0,0.12
9737,19,2012.0,7,347,0.0,0.12
9738,15,1997.0,1,413,0.07,0.12
9739,4,2005.0,10,138,0.11,0.12
9740,26,2009.0,1,296,0.11,0.12
9741,17,2013.0,8,138,0.06,0.12
9743,4,2005.0,7,430,0.11,0.12
9744,4,2005.0,5,109,0.11,0.12
9745,4,2007.0,2,487,0.11,0.12
9746,17,2014.0,6,328,0.04,0.12
9747,19,2011.0,6,126,0.1,0.12
9748,4,2008.0,10,493,0.11,0.12
9750,19,2007.0,8,347,0.0,0.12
9751,21,1996.0,11,499,0.0,0.12
9752,26,2009.0,5,564,0.11,0.12
9753,4,2010.0,0,547,0.1,0.12
9754,17,2015.0,10,69,0.02,0.12
9755,29,2003.0,8,487,0.09,0.12
9756,23,1996.0,7,224,0.0,0.12
9757,16,2008.0,3,292,0.06,0.12
9758,29,2003.0,4,323,0.09,0.12
9759,17,2011.0,8,91,0.05,0.12
9760,19,2011.0,0,347,0.0,0.12
9761,28,2010.0,0,487,0.07,0.12
9762,4,2009.0,0,347,0.0,0.12
9763,19,2006.0,1,455,0.11,0.12
9764,16,2008.0,6,481,0.06,0.12
9765,21,1995.0,3,445,0.0,0.12
9766,29,2002.0,6,60,0.09,0.12
9767,16,2004.0,1,543,0.06,0.12
9768,17,2014.0,0,347,0.0,0.12
9770,16,2006.0,0,347,0.06,0.12
9771,2,2012.0,4,445,0.07,0.12
9772,16,2005.0,1,493,0.06,0.12
9773,4,2007.0,9,110,0.11,0.12
9774,4,2010.0,7,432,0.0,0.12
9775,26,2009.0,10,21,0.11,0.12
9776,19,2009.0,0,524,0.03,0.12
9777,28,2008.0,8,23,0.1,0.12
9778,28,2013.0,8,85,0.07,0.12
9779,19,2010.0,11,347,0.0,0.12
9780,2,2015.0,7,55,0.0,0.12
9781,17,2010.0,0,455,0.0,0.12
9782,28,2010.0,3,330,0.1,0.12
9783,4,2009.0,10,53,0.11,0.12
9784,20,2011.0,2,381,0.03,0.12
9785,29,2001.0,6,138,0.09,0.12
9786,19,2005.0,5,455,0.11,0.12
9787,13,2011.0,1,138,0.0,0.12
9788,6,2003.0,10,138,0.09,0.12
9789,4,2008.0,3,524,0.11,0.12
9790,4,2009.0,6,91,0.06,0.12
9791,4,2007.0,3,347,0.0,0.12
9792,26,2008.0,2,232,0.11,0.12
9793,4,2009.0,7,207,0.08,0.12
9794,29,2004.0,1,138,0.09,0.12
9795,19,2006.0,6,325,0.11,0.12
9796,8,1992.0,1,445,0.0,0.12
9797,17,2014.0,7,362,0.01,0.12
9798,15,2001.0,4,241,0.07,0.12
9799,4,2010.0,5,275,0.11,0.12
9800,5,1999.0,9,524,0.0,0.12
9801,28,2013.0,0,120,0.08,0.12
9802,26,2010.0,4,275,0.1,0.12
9803,4,2007.0,0,126,0.11,0.12
9804,7,2003.0,4,21,0.09,0.12
9805,26,2011.0,11,347,0.0,0.12
9806,15,2000.0,10,499,0.0,0.12
9807,29,2004.0,2,17,0.09,0.12
9808,19,2011.0,0,347,0.0,0.12
9809,19,2008.0,3,524,0.11,0.12
9810,4,2010.0,9,524,0.11,0.12
9811,20,2016.0,0,347,0.0,0.12
9812,4,2008.0,9,53,0.11,0.12
9813,19,2010.0,0,455,0.08,0.12
9814,4,2008.0,3,138,0.09,0.12
9816,10,2000.0,10,17,0.11,0.12
9817,10,1999.0,4,246,0.1,0.12
9818,10,1999.0,4,524,0.1,0.12
9819,10,1999.0,9,490,0.0,0.12
9822,2,2013.0,7,444,0.09,0.12
9823,4,2007.0,5,524,0.11,0.12
9824,16,2002.0,10,445,0.06,0.12
9825,4,2008.0,5,182,0.1,0.12
9826,16,2008.0,4,493,0.06,0.12
9827,28,2008.0,0,493,0.08,0.12
9828,28,2006.0,7,445,0.09,0.12
9829,26,2008.0,10,564,0.11,0.12
9830,28,2011.0,6,21,0.11,0.12
9831,6,2005.0,6,487,0.09,0.12
9832,28,2006.0,10,493,0.11,0.12
9833,19,2009.0,11,120,0.08,0.12
9834,4,2007.0,6,487,0.11,0.12
9835,19,2007.0,0,524,0.08,0.12
9836,19,2011.0,2,347,0.0,0.12
9837,19,2011.0,7,55,0.07,0.12
9838,26,2009.0,6,566,0.11,0.12
9839,19,2013.0,0,299,0.0,0.12
9841,15,2000.0,10,487,0.07,0.12
9842,3,2001.0,4,445,0.0,0.12
9843,15,1996.0,6,169,0.07,0.12
9844,23,1994.0,7,63,0.0,0.12
9845,4,2010.0,11,347,0.0,0.12
9846,16,2003.0,6,91,0.06,0.12
9847,16,2008.0,4,77,0.06,0.12
9848,6,2005.0,3,543,0.09,0.12
9849,6,2004.0,8,275,0.0,0.12
9850,4,2005.0,3,53,0.11,0.12
9851,16,2003.0,0,17,0.06,0.12
9852,17,2010.0,6,120,0.08,0.12
9853,19,2010.0,11,455,0.11,0.12
9854,19,2008.0,11,524,0.1,0.12
9855,6,2003.0,3,500,0.09,0.12
9856,16,2001.0,10,275,0.0,0.12
9857,4,2008.0,5,182,0.1,0.12
9858,4,2006.0,7,524,0.09,0.12
9859,16,2005.0,1,275,0.06,0.12
9860,2,2011.0,6,21,0.08,0.12
9861,4,2010.0,3,565,0.11,0.12
9862,6,2005.0,3,101,0.09,0.12
9863,29,2006.0,10,138,0.09,0.12
9864,28,2009.0,3,101,0.11,0.12
9865,5,2001.0,7,238,0.0,0.12
9866,28,2010.0,10,53,0.11,0.12
9867,17,2014.0,7,120,0.03,0.12
9869,26,2010.0,3,547,0.09,0.12
9870,26,2011.0,10,524,0.11,0.12
9871,19,2010.0,8,347,0.0,0.12
9872,6,2005.0,4,325,0.08,0.12
9873,16,2003.0,2,85,0.06,0.12
9874,4,2008.0,10,499,0.11,0.12
9875,7,2003.0,10,21,0.09,0.12
9876,15,1998.0,4,137,0.07,0.12
9877,7,2002.0,10,445,0.09,0.12
9878,18,2016.0,0,501,0.03,0.12
9879,28,2010.0,6,21,0.11,0.12
9880,17,2011.0,3,455,0.11,0.12
9881,29,2005.0,4,487,0.09,0.12
9882,28,2010.0,3,528,0.11,0.12
9883,27,2013.0,8,464,0.06,0.12
9884,7,2002.0,6,17,0.09,0.12
9885,19,2013.0,0,78,0.0,0.12
9886,15,1996.0,10,439,0.07,0.12
9887,16,2005.0,8,402,0.06,0.12
9888,29,2003.0,10,323,0.09,0.12
9889,13,2013.0,8,74,0.0,0.12
9890,28,2014.0,1,501,0.04,0.12
9891,4,2007.0,3,275,0.11,0.12
9892,2,2014.0,2,347,0.0,0.12
9893,4,2011.0,0,487,0.07,0.12
9894,28,2011.0,10,524,0.08,0.12
9895,4,2005.0,11,524,0.1,0.12
9896,2,2011.0,10,224,0.08,0.12
9897,26,2007.0,6,325,0.1,0.12
9898,20,2016.0,3,445,0.01,0.12
9899,21,1994.0,2,445,0.0,0.12
9900,20,2016.0,0,524,0.02,0.12
9901,7,2002.0,2,17,0.09,0.12
9902,13,2014.0,9,265,0.02,0.12
9903,19,2011.0,9,347,0.0,0.12
9904,17,2016.0,7,464,0.0,0.12
9905,27,2015.0,0,362,0.08,0.12
9906,4,2009.0,5,407,0.11,0.12
9907,7,2002.0,10,275,0.0,0.12
9908,26,2010.0,8,427,0.08,0.12
9909,2,2016.0,7,55,0.0,0.12
9910,20,2014.0,10,275,0.0,0.12
9911,16,2007.0,1,21,0.06,0.12
9912,15,1998.0,6,246,0.07,0.12
9913,26,2008.0,8,23,0.11,0.12
9914,29,2004.0,2,137,0.09,0.12
9915,4,2010.0,8,460,0.09,0.12
9916,18,2015.0,10,517,0.01,0.12
9917,4,2008.0,5,122,0.11,0.12
9918,20,2015.0,0,231,0.02,0.12
9919,23,1994.0,2,35,0.0,0.12
9920,15,2001.0,11,347,0.0,0.12
9921,2,2011.0,0,296,0.11,0.12
9922,17,2016.0,1,445,0.0,0.12
9923,28,2008.0,8,336,0.1,0.12
9924,17,2014.0,0,499,0.02,0.12
9925,27,2013.0,8,21,0.08,0.12
9926,17,2009.0,3,292,0.11,0.12
9927,4,2009.0,9,138,0.11,0.12
9928,17,2011.0,6,21,0.06,0.12
9929,23,1993.0,10,483,0.0,0.12
9930,29,2005.0,0,275,0.09,0.12
9931,2,2011.0,0,21,0.08,0.12
9932,15,2000.0,6,138,0.07,0.12
9933,16,2002.0,2,461,0.0,0.12
9934,6,2002.0,8,17,0.08,0.12
9935,4,2009.0,1,547,0.11,0.12
9936,20,2014.0,3,262,0.0,0.12
9937,15,2001.0,1,487,0.06,0.12
9938,16,2003.0,0,445,0.06,0.12
9939,17,2008.0,10,138,0.1,0.12
9940,28,2012.0,6,347,0.05,0.12
9941,29,2004.0,1,524,0.09,0.12
9942,19,2010.0,0,547,0.07,0.12
9943,26,2010.0,0,109,0.06,0.12
9944,20,2014.0,7,230,0.02,0.12
9945,29,2003.0,0,543,0.09,0.12
9946,13,2010.0,1,120,0.0,0.12
9947,21,1997.0,5,445,0.0,0.12
9948,19,2007.0,7,347,0.0,0.12
9949,7,2005.0,0,275,0.09,0.12
9950,4,2011.0,10,275,0.0,0.12
9951,26,2011.0,3,370,0.06,0.12
9952,26,2008.0,5,487,0.11,0.12
9953,4,2011.0,0,138,0.07,0.12
9954,17,2009.0,0,445,0.07,0.12
9955,4,2007.0,5,500,0.11,0.12
9956,20,2014.0,7,28,0.06,0.12
9957,30,2015.0,0,21,0.08,0.12
9958,23,1991.0,8,85,0.0,0.12
9959,15,1996.0,10,499,0.06,0.12
9960,19,2007.0,0,524,0.1,0.12
9961,7,2005.0,1,198,0.09,0.12
9962,21,1998.0,7,263,0.0,0.12
9963,15,1996.0,10,540,0.06,0.12
9964,15,1998.0,7,55,0.06,0.12
9965,4,2011.0,4,487,0.09,0.12
9966,29,2001.0,6,325,0.09,0.12
9967,20,2014.0,0,231,0.07,0.12
9968,7,2006.0,0,487,0.09,0.12
9969,15,1998.0,1,455,0.0,0.12
9970,13,2011.0,7,138,0.07,0.12
9971,28,2013.0,3,524,0.09,0.12
9972,17,2013.0,9,165,0.0,0.12
9973,4,2008.0,0,492,0.0,0.12
9974,16,2008.0,1,85,0.06,0.12
9975,17,2011.0,3,21,0.11,0.12
9976,4,2009.0,9,524,0.07,0.12
9977,4,2007.0,1,275,0.0,0.12
9978,15,1995.0,11,455,0.0,0.12
9979,16,2007.0,3,109,0.0,0.12
9980,4,2007.0,7,359,0.0,0.12
9982,2,2011.0,10,101,0.11,0.12
9983,28,2007.0,0,493,0.1,0.12
9984,4,2009.0,10,347,0.0,0.12
9985,21,1994.0,2,253,0.0,0.12
9986,29,2002.0,10,445,0.09,0.12
9987,4,2010.0,5,524,0.02,0.12
9988,7,2002.0,8,344,0.09,0.12
9989,18,2015.0,7,347,0.0,0.12
9990,16,2002.0,6,138,0.05,0.12
9991,26,2011.0,3,138,0.11,0.12
9992,19,2005.0,10,138,0.11,0.12
9993,18,2016.0,0,120,0.02,0.12
9994,29,2003.0,0,487,0.09,0.12
9995,4,2008.0,8,565,0.11,0.12
9996,6,2001.0,6,487,0.08,0.11
9997,4,2008.0,1,528,0.11,0.11
9998,17,2012.0,0,445,0.0,0.11
9999,16,2000.0,2,499,0.0,0.11
10000,4,2009.0,7,362,0.08,0.11
10001,26,2010.0,3,524,0.11,0.11
10002,29,2004.0,10,21,0.09,0.11
10003,29,2002.0,6,53,0.09,0.11
10004,21,1995.0,11,499,0.0,0.11
10005,13,2001.0,11,189,0.0,0.11
10006,28,2008.0,11,120,0.09,0.11
10007,15,2000.0,6,537,0.06,0.11
10008,29,2004.0,8,53,0.09,0.11
10009,16,2003.0,6,318,0.06,0.11
10010,16,2006.0,6,138,0.06,0.11
10011,17,2008.0,3,275,0.11,0.11
10012,28,2011.0,3,493,0.08,0.11
10013,4,2005.0,4,347,0.09,0.11
10014,17,2010.0,10,21,0.11,0.11
10015,4,2008.0,5,325,0.1,0.11
10016,16,2005.0,10,275,0.0,0.11
10017,16,2006.0,2,445,0.0,0.11
10018,16,2007.0,7,469,0.05,0.11
10019,29,2002.0,0,445,0.09,0.11
10020,6,2002.0,7,53,0.08,0.11
10021,21,1998.0,1,118,0.0,0.11
10022,6,2004.0,0,487,0.08,0.11
10023,19,2012.0,7,464,0.0,0.11
10024,17,2011.0,3,138,0.08,0.11
10025,4,2007.0,0,347,0.0,0.11
10026,6,2002.0,10,17,0.08,0.11
10027,19,2006.0,8,126,0.1,0.11
10028,16,2005.0,7,445,0.06,0.11
10029,30,2015.0,10,21,0.08,0.11
10030,4,2008.0,3,138,0.11,0.11
10031,17,2009.0,3,455,0.11,0.11
10032,4,2009.0,9,487,0.11,0.11
10033,29,2004.0,8,198,0.09,0.11
10034,4,2007.0,2,325,0.09,0.11
10035,2,2012.0,10,359,0.0,0.11
10036,15,1994.0,2,507,0.06,0.11
10037,7,2006.0,10,138,0.09,0.11
10038,30,2016.0,6,91,0.03,0.11
10039,4,2010.0,0,347,0.0,0.11
10040,17,2016.0,10,275,0.0,0.11
10041,16,2005.0,3,142,0.06,0.11
10042,6,2002.0,8,524,0.08,0.11
10043,15,1999.0,2,460,0.06,0.11
10044,28,2007.0,8,460,0.1,0.11
10046,19,2005.0,10,138,0.1,0.11
10047,30,2016.0,1,464,0.08,0.11
10048,28,2008.0,10,138,0.11,0.11
10049,16,2004.0,10,17,0.06,0.11
10050,29,2004.0,0,323,0.08,0.11
10051,15,1998.0,1,179,0.0,0.11
10052,19,2010.0,0,499,0.0,0.11
10053,27,2014.0,3,347,0.0,0.11
10054,16,2003.0,7,55,0.06,0.11
10055,6,2003.0,3,85,0.08,0.11
10056,4,2009.0,11,487,0.11,0.11
10057,2,2014.0,5,445,0.0,0.11
10058,13,2013.0,0,275,0.0,0.11
10059,26,2010.0,7,19,0.06,0.11
10060,4,2007.0,0,524,0.1,0.11
10061,4,2010.0,3,6,0.1,0.11
10062,4,2008.0,3,524,0.1,0.11
10063,26,2009.0,10,499,0.1,0.11
10064,16,2000.0,11,275,0.06,0.11
10065,16,2005.0,8,543,0.06,0.11
10066,15,1999.0,10,275,0.06,0.11
10067,4,2009.0,1,445,0.11,0.11
10068,17,2010.0,10,370,0.0,0.11
10069,29,2005.0,0,487,0.08,0.11
10070,29,2003.0,0,269,0.08,0.11
10071,4,2004.0,3,487,0.1,0.11
10072,27,2014.0,0,359,0.0,0.11
10073,17,2010.0,0,138,0.08,0.11
10074,28,2010.0,6,21,0.09,0.11
10075,7,2002.0,6,17,0.09,0.11
10076,4,2007.0,1,381,0.06,0.11
10077,17,2011.0,3,455,0.0,0.11
10078,28,2009.0,2,232,0.09,0.11
10079,4,2006.0,7,347,0.1,0.11
10080,16,2008.0,3,347,0.06,0.11
10081,15,2000.0,2,437,0.0,0.11
10082,15,1997.0,8,61,0.06,0.11
10083,28,2011.0,8,91,0.07,0.11
10084,29,2003.0,0,524,0.08,0.11
10085,21,1998.0,1,445,0.0,0.11
10086,2,2015.0,0,21,0.05,0.11
10087,26,2007.0,10,430,0.08,0.11
10088,19,2009.0,7,347,0.0,0.11
10089,15,1994.0,10,275,0.0,0.11
10090,29,2005.0,0,198,0.08,0.11
10091,16,2009.0,0,109,0.06,0.11
10092,28,2011.0,3,524,0.11,0.11
10093,21,1996.0,6,445,0.0,0.11
10094,4,2005.0,8,138,0.1,0.11
10095,17,2011.0,9,120,0.07,0.11
10096,4,2007.0,5,296,0.09,0.11
10097,16,2005.0,0,524,0.06,0.11
10098,18,2014.0,0,20,0.08,0.11
10099,26,2010.0,0,359,0.0,0.11
10100,13,2011.0,11,112,0.0,0.11
10101,4,2009.0,5,530,0.1,0.11
10102,26,2009.0,10,524,0.1,0.11
10103,16,2006.0,3,115,0.0,0.11
10104,26,2010.0,10,370,0.0,0.11
10105,26,2008.0,6,21,0.1,0.11
10106,19,2007.0,10,524,0.02,0.11
10107,19,2011.0,0,455,0.0,0.11
10108,4,2010.0,9,120,0.11,0.11
10109,29,2002.0,10,325,0.08,0.11
10110,29,2002.0,8,165,0.04,0.11
10111,26,2011.0,8,304,0.11,0.11
10112,18,2015.0,0,499,0.03,0.11
10113,28,2006.0,4,524,0.1,0.11
10114,4,2009.0,1,275,0.1,0.11
10115,29,2002.0,8,420,0.08,0.11
10116,4,2009.0,3,487,0.1,0.11
10117,17,2010.0,10,370,0.09,0.11
10118,17,2008.0,10,275,0.0,0.11
10119,17,2015.0,0,499,0.0,0.11
10120,7,2002.0,8,527,0.09,0.11
10121,26,2009.0,1,504,0.07,0.11
10122,16,2005.0,8,438,0.05,0.11
10123,28,2014.0,1,347,0.05,0.11
10124,15,1999.0,2,17,0.06,0.11
10125,15,2002.0,2,347,0.0,0.11
10126,4,2011.0,5,303,0.05,0.11
10127,2,2012.0,9,524,0.07,0.11
10128,16,2005.0,10,275,0.0,0.11
10129,6,2002.0,0,524,0.08,0.11
10130,6,2005.0,3,564,0.08,0.11
10131,4,2007.0,9,371,0.1,0.11
10132,6,2004.0,11,53,0.08,0.11
10133,7,2002.0,10,445,0.09,0.11
10134,4,2007.0,0,126,0.08,0.11
10135,19,2011.0,1,37,0.0,0.11
10136,28,2009.0,4,547,0.1,0.11
10137,4,2005.0,1,275,0.07,0.11
10138,20,2013.0,7,362,0.04,0.11
10139,16,2011.0,2,487,0.05,0.11
10140,16,2007.0,10,275,0.0,0.11
10141,28,2010.0,3,487,0.07,0.11
10142,21,1995.0,3,445,0.0,0.11
10143,4,2007.0,11,359,0.0,0.11
10144,16,2004.0,9,275,0.05,0.11
10145,26,2010.0,3,493,0.1,0.11
10146,4,2008.0,1,275,0.0,0.11
10147,6,2002.0,4,524,0.08,0.11
10148,29,2003.0,4,487,0.08,0.11
10149,17,2011.0,1,21,0.0,0.11
10150,7,2002.0,2,85,0.09,0.11
10151,7,2002.0,6,487,0.09,0.11
10152,2,2015.0,0,347,0.0,0.11
10153,26,2009.0,0,85,0.1,0.11
10154,4,2007.0,1,487,0.1,0.11
10155,6,2002.0,8,275,0.08,0.11
10156,17,2016.0,10,275,0.0,0.11
10157,26,2007.0,8,21,0.1,0.11
10158,13,2011.0,6,433,0.08,0.11
10159,2,2011.0,0,547,0.08,0.11
10160,16,2002.0,11,4,0.05,0.11
10161,26,2007.0,9,347,0.0,0.11
10162,19,2008.0,3,481,0.09,0.11
10163,28,2008.0,4,77,0.1,0.11
10164,28,2008.0,0,543,0.09,0.11
10165,13,2015.0,6,450,0.0,0.11
10166,4,2011.0,0,547,0.08,0.11
10167,19,2006.0,0,543,0.1,0.11
10168,17,2011.0,1,487,0.0,0.11
10169,4,2007.0,3,188,0.1,0.11
10170,7,2005.0,2,325,0.09,0.11
10171,29,2003.0,10,445,0.08,0.11
10172,16,2008.0,7,137,0.05,0.11
10173,6,2002.0,0,21,0.08,0.11
10174,13,2009.0,1,113,0.0,0.11
10175,17,2013.0,4,524,0.02,0.11
10176,15,1997.0,8,177,0.06,0.11
10177,2,2011.0,1,524,0.06,0.11
10178,16,2004.0,11,17,0.05,0.11
10179,4,2011.0,3,6,0.07,0.11
10180,26,2008.0,3,524,0.09,0.11
10181,28,2007.0,10,53,0.08,0.11
10182,4,2010.0,6,470,0.1,0.11
10183,4,2008.0,0,492,0.08,0.11
10184,2,2011.0,10,347,0.05,0.11
10185,29,2005.0,0,137,0.08,0.11
10186,16,2009.0,0,109,0.05,0.11
10187,4,2011.0,4,6,0.09,0.11
10188,19,2006.0,7,455,0.11,0.11
10189,29,2003.0,10,21,0.08,0.11
10190,19,2006.0,7,347,0.0,0.11
10191,4,2007.0,0,445,0.0,0.11
10192,7,2003.0,0,487,0.09,0.11
10193,6,2005.0,0,564,0.08,0.11
10194,17,2011.0,3,528,0.04,0.11
10195,19,2006.0,1,487,0.1,0.11
10196,7,2006.0,3,359,0.07,0.11
10197,28,2008.0,3,275,0.1,0.11
10198,28,2007.0,6,142,0.07,0.11
10199,16,2002.0,8,490,0.05,0.11
10200,16,2003.0,9,499,0.05,0.11
10201,4,2008.0,7,359,0.0,0.11
10202,26,2011.0,3,547,0.1,0.11
10203,19,2011.0,0,499,0.0,0.11
10204,28,2011.0,0,487,0.07,0.11
10205,19,2005.0,5,455,0.0,0.11
10206,19,2006.0,0,138,0.09,0.11
10207,4,2009.0,9,487,0.1,0.11
10208,7,2006.0,8,137,0.08,0.11
10209,4,2008.0,9,55,0.1,0.11
10210,4,2011.0,0,487,0.09,0.11
10211,19,2010.0,6,126,0.07,0.11
10212,26,2013.0,3,109,0.03,0.11
10213,16,2003.0,2,232,0.05,0.11
10214,21,1996.0,1,445,0.0,0.11
10215,15,1998.0,0,17,0.06,0.11
10216,10,1999.0,10,55,0.09,0.11
10217,10,1999.0,4,524,0.09,0.11
10218,10,1999.0,9,487,0.09,0.11
10219,10,1997.0,4,476,0.09,0.11
10220,10,1999.0,6,269,0.09,0.11
10221,10,1997.0,0,177,0.09,0.11
10222,10,2000.0,6,21,0.09,0.11
10223,10,1999.0,0,101,0.09,0.11
10224,13,2014.0,0,464,0.0,0.11
10225,26,2009.0,3,292,0.1,0.11
10226,17,2014.0,1,347,0.05,0.11
10227,19,2010.0,2,381,0.07,0.11
10228,28,2009.0,0,296,0.07,0.11
10229,21,1996.0,2,85,0.0,0.11
10230,16,2002.0,8,347,0.05,0.11
10231,17,2016.0,7,347,0.0,0.11
10232,20,2014.0,0,499,0.0,0.11
10233,16,2000.0,9,478,0.05,0.11
10234,16,2007.0,1,30,0.0,0.11
10235,19,2011.0,7,275,0.0,0.11
10236,17,2015.0,0,21,0.03,0.11
10237,16,2002.0,10,554,0.05,0.11
10238,2,2011.0,1,170,0.08,0.11
10239,28,2011.0,10,6,0.09,0.11
10240,15,1999.0,5,214,0.06,0.11
10241,19,2005.0,4,275,0.1,0.11
10242,2,2012.0,0,528,0.0,0.11
10243,4,2007.0,1,6,0.09,0.11
10244,16,2004.0,0,17,0.05,0.11
10245,28,2009.0,0,445,0.07,0.11
10246,13,2011.0,8,524,0.05,0.11
10247,21,1997.0,3,445,0.0,0.11
10248,6,2004.0,1,359,0.0,0.11
10249,26,2009.0,0,275,0.1,0.11
10250,28,2006.0,6,21,0.1,0.11
10251,20,2011.0,3,524,0.05,0.11
10252,26,2009.0,0,109,0.1,0.11
10253,29,2002.0,10,449,0.08,0.11
10254,29,2003.0,10,323,0.08,0.11
10255,29,2002.0,2,21,0.08,0.11
10256,15,1999.0,6,479,0.06,0.11
10257,15,1997.0,6,13,0.06,0.11
10258,20,2013.0,0,444,0.0,0.11
10259,23,1993.0,10,536,0.0,0.11
10260,4,2005.0,5,6,0.08,0.11
10261,4,2006.0,1,487,0.1,0.11
10262,4,2009.0,9,138,0.08,0.11
10263,26,2008.0,4,137,0.1,0.11
10264,20,2016.0,2,347,0.0,0.11
10265,21,1997.0,7,445,0.0,0.11
10266,13,2011.0,4,445,0.02,0.11
10267,4,2008.0,0,460,0.1,0.11
10268,19,2013.0,7,445,0.0,0.11
10269,7,2002.0,0,527,0.08,0.11
10270,26,2009.0,10,53,0.1,0.11
10271,15,2000.0,2,60,0.06,0.11
10273,4,2009.0,9,21,0.1,0.11
10274,19,2012.0,0,347,0.0,0.11
10275,4,2010.0,5,120,0.1,0.11
10276,29,2005.0,1,198,0.08,0.11
10277,16,2005.0,0,436,0.05,0.11
10278,17,2009.0,4,547,0.09,0.11
10279,16,2003.0,11,499,0.05,0.11
10280,16,2005.0,10,529,0.05,0.11
10281,21,1996.0,10,445,0.0,0.11
10282,29,2004.0,4,138,0.08,0.11
10283,18,2016.0,7,347,0.0,0.11
10284,26,2009.0,0,430,0.08,0.11
10285,7,2002.0,3,325,0.08,0.11
10286,4,2009.0,10,224,0.08,0.11
10287,7,2004.0,1,487,0.08,0.11
10288,29,2002.0,10,17,0.08,0.11
10289,4,2005.0,6,296,0.1,0.11
10290,17,2013.0,0,362,0.05,0.11
10291,28,2009.0,10,53,0.1,0.11
10292,19,2006.0,0,138,0.09,0.11
10293,6,2001.0,4,485,0.08,0.11
10294,16,2009.0,3,292,0.05,0.11
10295,19,2007.0,10,524,0.01,0.11
10296,4,2009.0,0,138,0.09,0.11
10297,2,2015.0,3,492,0.0,0.11
10298,26,2011.0,3,70,0.08,0.11
10299,16,2004.0,8,198,0.05,0.11
10300,28,2011.0,3,524,0.1,0.11
10301,29,2003.0,3,543,0.08,0.11
10302,28,2009.0,8,66,0.09,0.11
10303,4,2009.0,1,359,0.0,0.11
10304,4,2007.0,7,430,0.1,0.11
10305,28,2008.0,0,275,0.1,0.11
10306,28,2014.0,0,464,0.06,0.11
10307,26,2011.0,0,21,0.08,0.11
10308,7,2003.0,6,60,0.08,0.11
10309,11,1994.0,7,462,0.0,0.11
10310,18,2015.0,10,69,0.03,0.11
10311,21,1997.0,11,342,0.0,0.11
10312,15,2000.0,6,91,0.06,0.11
10313,4,2010.0,0,6,0.1,0.11
10314,15,1997.0,8,177,0.06,0.11
10315,15,1999.0,3,325,0.06,0.11
10316,19,2004.0,5,347,0.0,0.11
10317,4,2009.0,6,564,0.1,0.11
10318,2,2015.0,5,359,0.0,0.11
10319,16,2007.0,0,137,0.05,0.11
10320,19,2006.0,3,464,0.0,0.11
10321,28,2007.0,5,487,0.08,0.11
10322,19,2008.0,3,455,0.0,0.11
10323,17,2011.0,3,21,0.06,0.11
10324,26,2010.0,8,296,0.1,0.11
10325,15,1999.0,11,408,0.06,0.11
10326,27,2013.0,11,21,0.06,0.11
10327,4,2009.0,0,378,0.1,0.11
10328,4,2007.0,3,126,0.1,0.11
10329,30,2014.0,0,21,0.06,0.11
10330,4,2006.0,9,275,0.0,0.11
10331,23,1993.0,7,488,0.0,0.11
10332,19,2007.0,10,493,0.1,0.11
10333,28,2012.0,0,275,0.07,0.11
10334,4,2008.0,9,112,0.1,0.11
10335,27,2013.0,5,547,0.1,0.11
10336,15,1995.0,3,455,0.0,0.11
10337,19,2005.0,0,275,0.1,0.11
10338,15,1996.0,10,275,0.01,0.11
10339,26,2009.0,9,487,0.1,0.11
10340,6,2005.0,0,359,0.08,0.11
10341,15,2000.0,3,44,0.0,0.11
10342,4,2009.0,3,21,0.09,0.11
10343,26,2009.0,10,122,0.1,0.11
10344,28,2010.0,10,21,0.1,0.11
10345,16,2000.0,5,4,0.05,0.11
10346,4,2005.0,0,85,0.08,0.11
10347,13,2010.0,0,524,0.0,0.11
10348,6,2005.0,4,85,0.08,0.11
10349,15,1999.0,10,467,0.06,0.11
10350,4,2005.0,7,359,0.0,0.11
10351,16,2006.0,1,37,0.0,0.11
10352,15,1995.0,10,225,0.0,0.11
10353,7,2005.0,10,138,0.08,0.11
10354,15,1994.0,8,17,0.06,0.11
10355,4,2007.0,5,101,0.1,0.11
10356,2,2011.0,2,381,0.05,0.11
10357,19,2011.0,7,528,0.0,0.11
10358,13,2009.0,1,209,0.0,0.11
10359,15,1999.0,1,275,0.0,0.11
10360,2,2011.0,0,6,0.0,0.11
10361,19,2006.0,10,138,0.1,0.11
10363,28,2016.0,0,547,0.04,0.11
10364,7,2002.0,8,60,0.08,0.11
10365,17,2009.0,3,292,0.1,0.11
10366,4,2008.0,3,275,0.1,0.11
10367,4,2009.0,10,21,0.1,0.11
10368,26,2010.0,0,524,0.07,0.11
10369,3,2000.0,1,445,0.0,0.11
10370,16,2006.0,3,455,0.05,0.11
10371,4,2009.0,10,445,0.0,0.11
10372,29,2003.0,8,138,0.08,0.11
10373,15,2001.0,1,493,0.06,0.11
10374,15,1999.0,6,275,0.06,0.11
10375,16,2007.0,7,464,0.0,0.11
10376,4,2007.0,1,21,0.09,0.11
10377,29,2004.0,2,543,0.08,0.11
10378,15,1995.0,11,455,0.01,0.11
10379,15,1998.0,1,493,0.06,0.11
10380,16,2009.0,2,347,0.0,0.11
10381,17,2012.0,1,7,0.0,0.11
10383,16,2002.0,6,142,0.05,0.11
10384,21,1995.0,7,445,0.0,0.11
10385,19,2006.0,3,21,0.1,0.11
10386,2,2014.0,7,347,0.0,0.11
10387,17,2009.0,3,275,0.07,0.11
10388,19,2012.0,0,525,0.0,0.11
10389,26,2010.0,3,547,0.1,0.11
10390,6,2002.0,8,21,0.08,0.11
10391,20,2014.0,2,39,0.06,0.11
10392,15,1999.0,11,347,0.06,0.11
10393,20,2016.0,0,499,0.0,0.11
10394,20,2014.0,0,557,0.04,0.11
10395,19,2012.0,10,347,0.0,0.11
10396,4,2009.0,9,128,0.1,0.11
10397,16,2006.0,10,275,0.0,0.11
10398,27,2015.0,4,558,0.06,0.11
10399,19,2010.0,11,455,0.0,0.11
10400,28,2011.0,0,265,0.06,0.11
10401,4,2006.0,0,21,0.1,0.11
10402,29,2005.0,8,138,0.08,0.11
10403,4,2009.0,9,524,0.1,0.11
10404,15,1995.0,8,455,0.03,0.11
10405,19,2012.0,0,347,0.0,0.11
10406,20,2014.0,7,524,0.0,0.11
10407,17,2010.0,3,455,0.0,0.11
10408,23,1995.0,7,347,0.0,0.11
10409,26,2008.0,9,224,0.06,0.11
10410,19,2011.0,0,275,0.0,0.11
10411,29,2005.0,10,21,0.08,0.11
10412,19,2010.0,2,275,0.0,0.11
10413,26,2011.0,10,499,0.05,0.11
10414,6,2003.0,9,564,0.08,0.11
10415,15,2000.0,10,487,0.06,0.11
10416,15,1995.0,1,17,0.0,0.11
10417,28,2006.0,10,275,0.09,0.1
10418,26,2006.0,3,347,0.0,0.1
10419,4,2011.0,4,21,0.1,0.1
10420,23,1995.0,7,13,0.0,0.1
10421,4,2005.0,10,275,0.0,0.1
10422,16,2002.0,10,325,0.05,0.1
10423,4,2006.0,7,430,0.07,0.1
10424,16,2010.0,10,275,0.0,0.1
10425,4,2008.0,3,86,0.1,0.1
10426,4,2010.0,3,6,0.1,0.1
10427,17,2009.0,4,524,0.09,0.1
10428,26,2008.0,3,109,0.09,0.1
10429,16,2005.0,10,493,0.05,0.1
10430,19,2006.0,10,146,0.0,0.1
10431,19,2012.0,0,461,0.0,0.1
10432,29,2003.0,2,85,0.08,0.1
10433,17,2015.0,0,286,0.02,0.1
10434,17,2014.0,0,347,0.0,0.1
10435,4,2007.0,9,275,0.0,0.1
10436,19,2007.0,11,288,0.09,0.1
10437,4,2009.0,10,524,0.1,0.1
10438,7,2003.0,10,275,0.0,0.1
10439,29,2003.0,4,17,0.08,0.1
10440,16,2003.0,6,138,0.05,0.1
10441,20,2015.0,0,347,0.0,0.1
10442,29,2005.0,0,221,0.08,0.1
10443,29,2005.0,10,564,0.08,0.1
10444,4,2009.0,1,257,0.08,0.1
10445,29,2004.0,8,232,0.08,0.1
10446,26,2013.0,4,524,0.0,0.1
10447,16,2004.0,6,493,0.05,0.1
10448,26,2012.0,0,359,0.0,0.1
10449,26,2010.0,10,193,0.0,0.1
10450,4,2009.0,10,347,0.0,0.1
10451,6,2005.0,6,487,0.07,0.1
10452,28,2011.0,3,524,0.1,0.1
10453,16,2005.0,10,499,0.02,0.1
10454,20,2011.0,0,464,0.05,0.1
10455,16,2005.0,4,275,0.05,0.1
10456,4,2010.0,7,347,0.0,0.1
10457,4,2008.0,5,464,0.09,0.1
10458,17,2009.0,6,381,0.1,0.1
10459,28,2008.0,0,445,0.09,0.1
10460,16,2010.0,4,109,0.05,0.1
10461,7,2003.0,8,543,0.08,0.1
10462,13,2009.0,1,120,0.0,0.1
10463,7,2005.0,0,524,0.08,0.1
10464,4,2009.0,3,128,0.1,0.1
10466,16,2001.0,1,288,0.05,0.1
10467,17,2009.0,1,91,0.06,0.1
10468,17,2014.0,1,501,0.05,0.1
10469,10,2000.0,6,359,0.0,0.1
10470,26,2010.0,3,524,0.1,0.1
10471,19,2006.0,1,455,0.0,0.1
10472,4,2009.0,1,275,0.1,0.1
10473,17,2013.0,8,347,0.0,0.1
10474,17,2012.0,0,347,0.0,0.1
10475,26,2009.0,6,275,0.09,0.1
10476,4,2011.0,10,493,0.1,0.1
10477,19,2005.0,10,455,0.1,0.1
10478,4,2008.0,6,70,0.1,0.1
10479,4,2011.0,5,303,0.05,0.1
10480,4,2007.0,5,445,0.1,0.1
10481,2,2014.0,7,55,0.0,0.1
10482,19,2006.0,6,455,0.0,0.1
10483,26,2007.0,3,224,0.0,0.1
10484,26,2008.0,1,82,0.09,0.1
10485,16,2002.0,9,455,0.05,0.1
10486,6,2003.0,6,564,0.07,0.1
10487,13,2004.0,11,21,0.0,0.1
10488,26,2011.0,0,547,0.06,0.1
10489,28,2014.0,0,275,0.02,0.1
10490,17,2010.0,2,275,0.1,0.1
10491,29,2003.0,0,321,0.08,0.1
10492,16,2002.0,10,487,0.02,0.1
10493,28,2010.0,4,21,0.09,0.1
10495,15,1995.0,8,17,0.06,0.1
10496,4,2007.0,1,325,0.09,0.1
10497,2,2013.0,7,281,0.0,0.1
10498,6,2004.0,7,469,0.07,0.1
10499,17,2014.0,7,120,0.02,0.1
10500,6,2004.0,9,304,0.07,0.1
10501,16,2003.0,2,6,0.05,0.1
10502,19,2004.0,3,455,0.0,0.1
10503,26,2009.0,3,296,0.09,0.1
10504,4,2010.0,0,460,0.1,0.1
10505,19,2007.0,9,275,0.09,0.1
10506,4,2009.0,0,109,0.09,0.1
10507,30,2015.0,8,423,0.04,0.1
10508,29,2003.0,1,524,0.08,0.1
10509,28,2008.0,10,325,0.08,0.1
10510,16,2005.0,0,455,0.05,0.1
10511,15,1999.0,11,275,0.06,0.1
10512,15,1995.0,2,55,0.0,0.1
10513,2,2012.0,0,525,0.0,0.1
10514,26,2007.0,8,138,0.06,0.1
10515,19,2011.0,1,263,0.0,0.1
10516,4,2010.0,3,493,0.08,0.1
10517,17,2010.0,3,455,0.09,0.1
10518,4,2008.0,0,137,0.1,0.1
10519,18,2015.0,7,347,0.0,0.1
10520,19,2011.0,3,78,0.0,0.1
10521,4,2006.0,3,564,0.1,0.1
10522,4,2008.0,11,445,0.0,0.1
10523,29,2004.0,6,91,0.08,0.1
10524,6,2002.0,6,524,0.07,0.1
10525,3,1999.0,2,437,0.0,0.1
10526,29,2005.0,10,138,0.08,0.1
10527,26,2010.0,3,487,0.04,0.1
10528,19,2011.0,11,347,0.0,0.1
10529,4,2007.0,9,275,0.0,0.1
10530,19,2007.0,11,53,0.09,0.1
10531,15,1998.0,2,17,0.06,0.1
10532,29,2004.0,6,487,0.08,0.1
10533,4,2011.0,11,493,0.08,0.1
10534,19,2009.0,3,380,0.09,0.1
10535,4,2009.0,3,296,0.09,0.1
10536,4,2008.0,10,398,0.0,0.1
10537,15,1995.0,0,100,0.06,0.1
10538,3,1999.0,1,21,0.0,0.1
10539,19,2008.0,7,469,0.05,0.1
10540,26,2009.0,0,6,0.1,0.1
10541,19,2007.0,0,21,0.09,0.1
10542,29,2003.0,2,85,0.08,0.1
10543,26,2012.0,7,281,0.0,0.1
10544,17,2011.0,0,275,0.0,0.1
10545,7,2002.0,0,540,0.08,0.1
10546,4,2007.0,3,387,0.0,0.1
10547,15,1999.0,0,137,0.06,0.1
10548,26,2009.0,11,347,0.0,0.1
10549,26,2008.0,3,21,0.09,0.1
10550,4,2007.0,2,6,0.09,0.1
10551,4,2007.0,3,448,0.0,0.1
10552,26,2009.0,0,57,0.05,0.1
10553,16,2003.0,6,325,0.05,0.1
10554,7,2006.0,7,528,0.06,0.1
10555,16,2002.0,2,137,0.04,0.1
10556,30,2015.0,10,275,0.03,0.1
10557,29,2001.0,10,487,0.08,0.1
10558,4,2010.0,1,275,0.0,0.1
10560,17,2014.0,0,499,0.05,0.1
10561,4,2006.0,4,109,0.09,0.1
10562,28,2007.0,10,524,0.09,0.1
10563,19,2009.0,1,230,0.0,0.1
10564,7,2003.0,10,138,0.08,0.1
10565,28,2009.0,7,66,0.09,0.1
10566,28,2011.0,3,21,0.07,0.1
10567,4,2009.0,3,11,0.08,0.1
10568,17,2007.0,10,445,0.0,0.1
10569,29,2006.0,0,21,0.08,0.1
10570,16,2002.0,8,540,0.05,0.1
10571,19,2013.0,7,347,0.0,0.1
10572,13,2004.0,8,21,0.05,0.1
10573,16,2006.0,4,325,0.05,0.1
10574,29,2005.0,8,436,0.08,0.1
10575,7,2002.0,0,21,0.08,0.1
10576,16,2005.0,7,499,0.02,0.1
10577,4,2006.0,0,359,0.0,0.1
10578,26,2008.0,1,53,0.09,0.1
10579,28,2014.0,6,91,0.03,0.1
10580,17,2007.0,3,21,0.08,0.1
10581,18,2015.0,7,120,0.07,0.1
10582,16,2009.0,3,21,0.05,0.1
10583,15,1996.0,10,520,0.06,0.1
10584,26,2008.0,10,21,0.09,0.1
10585,7,2003.0,4,493,0.08,0.1
10586,26,2008.0,2,85,0.0,0.1
10587,28,2011.0,3,6,0.08,0.1
10588,21,1995.0,8,17,0.0,0.1
10589,4,2012.0,0,347,0.0,0.1
10590,7,2002.0,10,445,0.08,0.1
10591,13,2016.0,11,445,0.0,0.1
10592,19,2010.0,8,524,0.07,0.1
10593,15,2000.0,3,543,0.06,0.1
10594,4,2009.0,7,347,0.06,0.1
10595,15,1999.0,9,56,0.06,0.1
10596,13,2012.0,0,21,0.07,0.1
10597,28,2012.0,6,21,0.09,0.1
10598,4,2006.0,5,564,0.09,0.1
10599,17,2012.0,0,275,0.04,0.1
10600,26,2009.0,3,6,0.09,0.1
10601,16,2001.0,7,524,0.05,0.1
10602,20,2011.0,7,464,0.0,0.1
10603,4,2010.0,5,407,0.0,0.1
10604,4,2010.0,3,292,0.09,0.1
10605,4,2006.0,9,275,0.0,0.1
10606,21,1996.0,7,320,0.0,0.1
10607,6,2004.0,0,21,0.07,0.1
10608,28,2008.0,10,138,0.09,0.1
10609,16,2007.0,0,21,0.05,0.1
10610,30,2015.0,10,138,0.08,0.1
10611,4,2008.0,0,21,0.09,0.1
10612,28,2006.0,8,53,0.07,0.1
10613,4,2009.0,5,122,0.09,0.1
10614,19,2010.0,9,109,0.0,0.1
10615,29,2002.0,10,21,0.08,0.1
10616,29,2004.0,2,232,0.08,0.1
10617,16,2005.0,4,198,0.05,0.1
10618,21,1997.0,8,347,0.0,0.1
10619,15,2001.0,6,17,0.06,0.1
10620,26,2008.0,6,21,0.09,0.1
10621,15,1998.0,0,255,0.03,0.1
10622,29,2004.0,7,524,0.08,0.1
10623,26,2007.0,7,499,0.08,0.1
10624,26,2008.0,10,21,0.09,0.1
10625,28,2010.0,6,120,0.08,0.1
10626,4,2007.0,3,347,0.0,0.1
10627,16,2004.0,8,564,0.05,0.1
10628,28,2010.0,11,98,0.09,0.1
10629,6,2001.0,11,359,0.0,0.1
10630,10,1998.0,3,185,0.08,0.1
10631,10,2000.0,4,524,0.08,0.1
10632,10,2001.0,7,487,0.08,0.1
10633,17,2012.0,2,37,0.05,0.1
10634,10,1998.0,10,101,0.08,0.1
10635,10,2000.0,6,241,0.08,0.1
10636,10,1997.0,2,348,0.08,0.1
10637,10,1997.0,10,275,0.0,0.1
10638,10,1998.0,0,241,0.08,0.1
10639,17,2008.0,8,21,0.09,0.1
10640,10,1998.0,6,372,0.08,0.1
10641,10,1998.0,10,246,0.08,0.1
10642,15,1999.0,2,241,0.06,0.1
10643,13,2010.0,0,138,0.08,0.1
10644,4,2009.0,3,57,0.0,0.1
10645,6,2002.0,4,524,0.07,0.1
10646,26,2008.0,10,378,0.09,0.1
10647,17,2011.0,2,85,0.0,0.1
10648,4,2008.0,1,378,0.08,0.1
10649,15,2001.0,0,4,0.06,0.1
10650,6,2003.0,0,524,0.07,0.1
10651,13,2011.0,0,138,0.05,0.1
10652,28,2005.0,10,493,0.09,0.1
10653,3,1999.0,2,85,0.0,0.1
10654,19,2006.0,10,325,0.09,0.1
10655,16,2001.0,7,318,0.05,0.1
10656,15,1999.0,11,277,0.06,0.1
10657,29,2004.0,8,275,0.07,0.1
10658,17,2014.0,2,347,0.06,0.1
10659,15,1997.0,9,455,0.06,0.1
10660,18,2015.0,7,499,0.01,0.1
10661,2,2011.0,0,487,0.07,0.1
10662,29,2003.0,0,487,0.07,0.1
10663,29,2004.0,8,524,0.07,0.1
10664,4,2005.0,9,301,0.0,0.1
10665,4,2007.0,2,445,0.0,0.1
10666,29,2005.0,1,53,0.07,0.1
10667,17,2014.0,6,120,0.09,0.1
10668,4,2007.0,3,64,0.0,0.1
10669,29,2006.0,4,21,0.07,0.1
10670,29,2002.0,5,323,0.07,0.1
10671,17,2015.0,7,347,0.0,0.1
10672,15,1994.0,7,455,0.0,0.1
10673,18,2015.0,0,109,0.0,0.1
10674,26,2012.0,10,275,0.0,0.1
10675,15,1997.0,6,91,0.06,0.1
10676,26,2011.0,3,6,0.08,0.1
10677,29,2005.0,10,493,0.07,0.1
10678,3,2000.0,1,445,0.0,0.1
10679,17,2010.0,3,70,0.05,0.1
10680,21,1995.0,3,255,0.0,0.1
10681,17,2011.0,0,487,0.04,0.1
10682,4,2006.0,0,524,0.08,0.1
10683,29,2003.0,3,323,0.07,0.1
10684,23,1995.0,6,311,0.0,0.1
10685,19,2006.0,6,445,0.0,0.1
10686,20,2012.0,7,347,0.0,0.1
10687,2,2011.0,0,21,0.07,0.1
10688,4,2009.0,9,524,0.09,0.1
10689,28,2012.0,8,275,0.06,0.1
10691,13,1999.0,11,323,0.01,0.1
10692,13,2010.0,11,487,0.08,0.1
10693,29,2005.0,0,543,0.07,0.1
10694,28,2007.0,1,524,0.07,0.1
10695,13,2014.0,6,91,0.0,0.1
10696,26,2007.0,0,182,0.07,0.1
10697,20,2014.0,1,519,0.0,0.1
10698,16,2008.0,1,263,0.0,0.1
10699,2,2013.0,5,547,0.09,0.1
10700,4,2011.0,1,88,0.06,0.1
10701,4,2010.0,5,487,0.09,0.1
10702,30,2015.0,6,328,0.04,0.1
10703,26,2007.0,2,492,0.0,0.1
10704,7,2001.0,3,269,0.08,0.1
10705,4,2009.0,3,359,0.0,0.1
10706,28,2010.0,10,21,0.09,0.1
10707,16,2003.0,4,199,0.05,0.1
10708,21,1996.0,2,437,0.0,0.1
10709,28,2010.0,7,257,0.03,0.1
10710,28,2011.0,6,109,0.07,0.1
10711,16,2002.0,10,138,0.0,0.1
10712,4,2009.0,8,145,0.09,0.1
10713,28,2011.0,3,487,0.05,0.1
10714,29,2004.0,0,524,0.07,0.1
10715,19,2011.0,7,464,0.0,0.1
10716,19,2009.0,10,493,0.09,0.1
10717,4,2008.0,9,120,0.08,0.1
10718,26,2010.0,1,21,0.08,0.1
10719,13,2009.0,6,138,0.0,0.1
10720,6,2004.0,1,359,0.0,0.1
10721,26,2009.0,0,109,0.09,0.1
10722,28,2011.0,10,120,0.05,0.1
10723,4,2008.0,1,30,0.0,0.1
10724,16,2004.0,9,198,0.05,0.1
10725,15,2001.0,6,485,0.05,0.1
10726,18,2015.0,2,85,0.0,0.1
10727,26,2009.0,9,21,0.09,0.1
10728,2,2011.0,4,524,0.05,0.1
10729,4,2008.0,9,121,0.09,0.1
10730,4,2009.0,5,430,0.08,0.1
10731,13,2016.0,1,464,0.0,0.1
10732,2,2011.0,3,101,0.09,0.1
10733,17,2016.0,7,528,0.0,0.1
10734,19,2006.0,0,85,0.08,0.1
10735,29,2004.0,6,21,0.07,0.1
10736,15,1996.0,8,21,0.05,0.1
10737,2,2011.0,0,445,0.06,0.1
10738,19,2008.0,7,362,0.05,0.1
10739,4,2007.0,0,347,0.1,0.1
10740,16,2005.0,0,455,0.05,0.1
10741,28,2013.0,9,323,0.02,0.1
10742,16,2007.0,6,85,0.05,0.1
10743,4,2006.0,1,6,0.06,0.1
10744,15,1998.0,6,291,0.0,0.1
10745,4,2010.0,10,21,0.09,0.1
10746,23,1995.0,10,49,0.0,0.1
10747,6,2004.0,4,359,0.0,0.1
10748,29,2002.0,8,60,0.07,0.1
10749,15,1997.0,8,247,0.05,0.1
10750,28,2009.0,3,126,0.09,0.1
10751,26,2008.0,8,137,0.09,0.1
10752,30,2015.0,0,85,0.07,0.1
10753,4,2011.0,10,493,0.09,0.1
10754,16,2007.0,7,445,0.0,0.1
10755,15,1996.0,2,48,0.0,0.1
10756,13,2015.0,7,573,0.02,0.1
10757,15,1998.0,7,165,0.01,0.1
10759,4,2008.0,0,138,0.09,0.1
10760,19,2009.0,2,347,0.09,0.1
10761,4,2008.0,3,402,0.09,0.1
10762,26,2007.0,0,91,0.08,0.1
10763,28,2009.0,0,547,0.09,0.1
10764,4,2005.0,6,564,0.09,0.1
10765,29,2006.0,4,543,0.07,0.1
10766,16,2004.0,2,6,0.05,0.1
10767,28,2010.0,0,138,0.09,0.1
10768,17,2011.0,6,21,0.09,0.1
10769,15,1997.0,1,413,0.05,0.1
10770,16,2001.0,6,420,0.05,0.1
10771,20,2013.0,10,275,0.0,0.1
10772,20,2013.0,2,499,0.0,0.1
10773,15,1996.0,5,275,0.0,0.1
10774,4,2007.0,7,347,0.09,0.1
10775,29,2003.0,6,487,0.07,0.1
10776,4,2007.0,10,347,0.0,0.1
10777,6,2002.0,2,63,0.05,0.1
10778,26,2011.0,3,430,0.06,0.1
10779,17,2007.0,3,455,0.0,0.1
10780,13,2011.0,0,21,0.05,0.1
10781,26,2009.0,9,487,0.09,0.1
10782,4,2008.0,9,359,0.09,0.1
10783,20,2012.0,1,207,0.0,0.1
10784,16,2006.0,7,6,0.0,0.1
10785,28,2011.0,0,101,0.09,0.1
10786,19,2012.0,7,235,0.0,0.1
10787,26,2009.0,9,137,0.04,0.1
10788,6,2006.0,4,275,0.07,0.1
10789,6,2002.0,8,60,0.07,0.1
10790,7,2004.0,10,275,0.0,0.1
10791,29,2002.0,9,323,0.05,0.1
10793,4,2007.0,11,193,0.08,0.1
10794,4,2009.0,0,72,0.09,0.1
10795,15,1997.0,2,85,0.0,0.1
10796,4,2010.0,3,99,0.09,0.1
10797,4,2011.0,7,347,0.0,0.1
10798,4,2010.0,10,275,0.0,0.1
10799,19,2006.0,0,524,0.08,0.1
10800,4,2008.0,11,430,0.07,0.1
10801,28,2011.0,3,524,0.09,0.1
10802,28,2007.0,0,499,0.08,0.1
10803,2,2011.0,2,120,0.07,0.1
10804,4,2010.0,9,524,0.08,0.1
10805,2,2014.0,0,126,0.01,0.1
10806,29,2002.0,6,487,0.07,0.1
10807,4,2009.0,9,275,0.0,0.1
10808,18,2014.0,7,362,0.05,0.1
10809,4,2006.0,11,232,0.09,0.1
10810,4,2011.0,1,176,0.05,0.1
10811,2,2014.0,10,347,0.0,0.1
10812,29,2002.0,0,21,0.07,0.1
10813,28,2011.0,8,464,0.07,0.1
10814,30,2016.0,0,323,0.06,0.1
10815,19,2006.0,6,138,0.09,0.1
10816,13,2007.0,8,323,0.01,0.1
10817,16,2002.0,6,138,0.05,0.09
10818,4,2007.0,3,347,0.0,0.09
10819,29,2005.0,9,524,0.07,0.09
10820,28,2010.0,3,120,0.0,0.09
10821,20,2013.0,0,347,0.0,0.09
10822,15,1998.0,11,43,0.0,0.09
10823,26,2011.0,0,296,0.09,0.09
10824,15,2000.0,0,455,0.05,0.09
10825,19,2010.0,1,499,0.0,0.09
10826,7,2005.0,1,21,0.07,0.09
10827,2,2016.0,0,347,0.0,0.09
10828,16,2003.0,10,499,0.0,0.09
10830,26,2011.0,3,292,0.09,0.09
10831,28,2009.0,8,394,0.09,0.09
10832,29,2002.0,3,323,0.07,0.09
10833,13,2010.0,0,493,0.0,0.09
10834,16,2006.0,0,487,0.05,0.09
10835,26,2009.0,10,21,0.09,0.09
10836,13,2011.0,5,160,0.0,0.09
10837,17,2011.0,3,524,0.05,0.09
10838,13,2014.0,7,120,0.0,0.09
10839,13,2011.0,11,265,0.07,0.09
10840,7,2005.0,4,347,0.07,0.09
10841,17,2010.0,3,455,0.0,0.09
10842,28,2009.0,8,152,0.08,0.09
10843,7,2002.0,2,420,0.07,0.09
10844,18,2016.0,0,347,0.0,0.09
10845,29,2004.0,6,137,0.07,0.09
10846,13,2006.0,11,445,0.0,0.09
10847,29,2002.0,10,325,0.07,0.09
10848,4,2009.0,0,224,0.0,0.09
10849,29,2005.0,0,543,0.07,0.09
10850,16,2003.0,6,17,0.05,0.09
10851,26,2011.0,3,138,0.02,0.09
10852,18,2016.0,2,120,0.04,0.09
10853,21,1998.0,11,342,0.0,0.09
10854,4,2008.0,10,138,0.07,0.09
10855,19,2012.0,1,263,0.0,0.09
10856,2,2012.0,0,347,0.0,0.09
10857,4,2009.0,0,347,0.0,0.09
10858,15,1998.0,11,138,0.05,0.09
10859,26,2008.0,0,430,0.09,0.09
10860,15,2001.0,11,472,0.05,0.09
10861,15,1997.0,0,455,0.05,0.09
10862,23,1995.0,7,359,0.0,0.09
10863,2,2013.0,4,347,0.05,0.09
10864,27,2014.0,0,21,0.08,0.09
10865,16,2001.0,7,165,0.02,0.09
10866,19,2006.0,10,325,0.09,0.09
10867,19,2010.0,10,21,0.08,0.09
10868,6,2002.0,0,487,0.07,0.09
10869,28,2010.0,10,6,0.09,0.09
10870,4,2008.0,11,564,0.09,0.09
10871,16,2004.0,7,445,0.05,0.09
10872,29,2002.0,6,487,0.07,0.09
10873,16,2004.0,4,493,0.05,0.09
10874,16,2004.0,8,275,0.05,0.09
10875,15,1995.0,11,322,0.05,0.09
10876,28,2008.0,8,529,0.06,0.09
10877,4,2006.0,1,487,0.08,0.09
10878,21,1998.0,10,445,0.0,0.09
10879,29,2003.0,10,325,0.07,0.09
10880,6,2005.0,0,543,0.07,0.09
10881,4,2005.0,7,347,0.0,0.09
10882,28,2015.0,0,286,0.02,0.09
10883,19,2005.0,2,455,0.0,0.09
10884,26,2009.0,10,223,0.09,0.09
10885,16,2005.0,4,296,0.05,0.09
10886,19,2008.0,1,85,0.08,0.09
10887,15,2001.0,10,347,0.0,0.09
10888,19,2005.0,7,347,0.08,0.09
10889,20,2016.0,0,347,0.0,0.09
10890,27,2013.0,0,21,0.05,0.09
10891,18,2015.0,0,524,0.0,0.09
10892,16,2000.0,10,275,0.05,0.09
10893,19,2012.0,1,78,0.0,0.09
10894,4,2010.0,4,547,0.09,0.09
10895,7,2002.0,6,138,0.07,0.09
10896,29,2005.0,6,493,0.07,0.09
10897,21,1995.0,3,445,0.0,0.09
10898,16,2004.0,2,53,0.05,0.09
10899,4,2005.0,4,487,0.07,0.09
10900,16,2009.0,3,493,0.05,0.09
10901,2,2014.0,7,55,0.07,0.09
10902,19,2010.0,4,362,0.05,0.09
10903,26,2009.0,10,122,0.09,0.09
10904,18,2015.0,0,85,0.01,0.09
10905,15,1995.0,9,138,0.05,0.09
10906,19,2008.0,5,455,0.0,0.09
10907,16,2003.0,10,53,0.05,0.09
10908,26,2011.0,0,21,0.07,0.09
10909,26,2008.0,10,6,0.09,0.09
10910,29,2005.0,3,101,0.07,0.09
10911,7,2004.0,8,371,0.07,0.09
10912,20,2016.0,0,547,0.02,0.09
10913,21,1998.0,10,445,0.0,0.09
10914,4,2005.0,5,564,0.09,0.09
10915,29,2005.0,0,323,0.07,0.09
10916,4,2009.0,0,330,0.08,0.09
10917,20,2014.0,0,347,0.0,0.09
10918,15,1996.0,9,455,0.05,0.09
10919,19,2010.0,1,230,0.0,0.09
10920,4,2004.0,5,232,0.0,0.09
10921,4,2011.0,2,347,0.0,0.09
10922,16,2007.0,11,275,0.05,0.09
10923,2,2012.0,5,359,0.09,0.09
10924,4,2009.0,5,138,0.08,0.09
10925,15,2001.0,7,55,0.0,0.09
10926,29,2004.0,3,53,0.07,0.09
10927,26,2010.0,3,330,0.0,0.09
10928,28,2010.0,10,53,0.09,0.09
10929,6,2002.0,4,53,0.07,0.09
10930,16,2003.0,2,275,0.05,0.09
10931,26,2009.0,0,330,0.06,0.09
10932,16,2006.0,10,487,0.05,0.09
10933,13,2007.0,11,288,0.01,0.09
10934,19,2009.0,1,230,0.08,0.09
10935,6,2002.0,10,23,0.07,0.09
10936,28,2006.0,6,524,0.07,0.09
10937,7,2003.0,4,347,0.07,0.09
10938,17,2010.0,3,487,0.06,0.09
10939,17,2011.0,10,273,0.0,0.09
10940,16,2010.0,10,275,0.0,0.09
10941,4,2006.0,3,543,0.07,0.09
10942,15,2000.0,4,524,0.05,0.09
10943,17,2007.0,10,138,0.08,0.09
10944,4,2008.0,11,524,0.08,0.09
10945,29,2004.0,10,575,0.07,0.09
10946,4,2005.0,4,487,0.09,0.09
10947,13,2015.0,10,493,0.02,0.09
10948,19,2006.0,0,138,0.08,0.09
10949,17,2007.0,10,493,0.08,0.09
10950,13,2005.0,11,138,0.01,0.09
10951,19,2005.0,6,524,0.08,0.09
10952,4,2007.0,3,53,0.09,0.09
10953,19,2006.0,7,6,0.07,0.09
10954,18,2016.0,9,347,0.0,0.09
10955,26,2010.0,10,70,0.03,0.09
10956,17,2009.0,0,487,0.0,0.09
10957,17,2012.0,8,85,0.0,0.09
10958,4,2009.0,3,296,0.08,0.09
10959,15,1996.0,11,507,0.05,0.09
10960,4,2008.0,11,487,0.08,0.09
10961,28,2015.0,0,21,0.06,0.09
10962,16,2003.0,7,455,0.05,0.09
10963,6,2002.0,5,543,0.07,0.09
10964,4,2010.0,3,493,0.08,0.09
10965,19,2007.0,3,53,0.08,0.09
10966,4,2011.0,1,184,0.09,0.09
10967,17,2009.0,3,455,0.0,0.09
10968,26,2007.0,6,117,0.07,0.09
10969,29,2005.0,0,21,0.07,0.09
10970,15,1995.0,8,455,0.0,0.09
10971,29,2002.0,0,487,0.07,0.09
10972,16,2005.0,8,137,0.04,0.09
10973,19,2009.0,0,109,0.08,0.09
10974,16,2002.0,0,138,0.04,0.09
10975,4,2009.0,7,50,0.09,0.09
10976,16,2003.0,10,128,0.04,0.09
10977,17,2013.0,0,347,0.06,0.09
10978,15,2001.0,8,540,0.05,0.09
10980,19,2008.0,8,464,0.06,0.09
10981,2,2011.0,6,524,0.05,0.09
10982,15,1997.0,6,10,0.05,0.09
10983,16,2005.0,11,499,0.04,0.09
10984,15,1998.0,11,55,0.05,0.09
10985,13,2011.0,0,275,0.0,0.09
10986,7,2002.0,6,487,0.07,0.09
10987,29,2003.0,4,493,0.07,0.09
10988,21,1998.0,1,87,0.0,0.09
10989,16,2000.0,10,138,0.0,0.09
10990,4,2010.0,9,122,0.09,0.09
10991,16,2007.0,10,275,0.0,0.09
10992,2,2015.0,0,359,0.0,0.09
10993,28,2011.0,9,120,0.06,0.09
10994,19,2009.0,3,493,0.06,0.09
10995,3,2000.0,7,445,0.0,0.09
10996,7,2002.0,6,241,0.07,0.09
10998,4,2010.0,5,370,0.05,0.09
10999,4,2011.0,9,296,0.09,0.09
11000,16,2002.0,6,400,0.04,0.09
11001,4,2009.0,7,464,0.0,0.09
11002,17,2009.0,8,91,0.07,0.09
11003,4,2011.0,0,184,0.09,0.09
11004,4,2010.0,3,275,0.0,0.09
11005,16,2001.0,7,207,0.0,0.09
11006,20,2012.0,2,6,0.02,0.09
11007,6,2002.0,8,508,0.07,0.09
11008,4,2006.0,7,137,0.08,0.09
11009,16,2001.0,0,137,0.04,0.09
11010,2,2016.0,0,359,0.01,0.09
11011,4,2008.0,5,142,0.08,0.09
11012,26,2010.0,8,138,0.09,0.09
11013,26,2008.0,4,77,0.08,0.09
11014,4,2005.0,3,445,0.08,0.09
11015,17,2011.0,6,109,0.06,0.09
11016,16,2003.0,0,455,0.04,0.09
11017,4,2011.0,5,176,0.07,0.09
11018,19,2009.0,0,402,0.05,0.09
11019,26,2009.0,3,566,0.08,0.09
11020,26,2010.0,3,370,0.0,0.09
11021,16,2000.0,0,347,0.0,0.09
11022,4,2008.0,4,445,0.0,0.09
11023,28,2011.0,6,275,0.08,0.09
11024,15,1998.0,5,106,0.05,0.09
11025,4,2010.0,3,487,0.08,0.09
11026,4,2008.0,7,365,0.08,0.09
11027,16,2002.0,10,275,0.0,0.09
11028,26,2008.0,1,504,0.07,0.09
11029,4,2008.0,10,193,0.08,0.09
11030,6,2003.0,0,487,0.06,0.09
11031,26,2010.0,3,224,0.0,0.09
11032,4,2005.0,7,142,0.05,0.09
11033,2,2013.0,3,166,0.0,0.09
11034,17,2010.0,7,362,0.06,0.09
11035,27,2014.0,1,286,0.04,0.09
11036,28,2010.0,8,499,0.06,0.09
11037,19,2007.0,10,275,0.0,0.09
11038,4,2007.0,3,64,0.01,0.09
11039,19,2006.0,3,445,0.0,0.09
11040,28,2010.0,10,204,0.08,0.09
11041,16,2005.0,10,138,0.04,0.09
11042,2,2011.0,3,493,0.06,0.09
11043,4,2007.0,9,291,0.0,0.09
11044,17,2008.0,4,455,0.01,0.09
11045,10,1998.0,6,241,0.07,0.09
11046,10,1996.0,3,446,0.0,0.09
11047,23,1995.0,4,275,0.03,0.09
11048,10,1998.0,3,138,0.07,0.09
11049,10,1998.0,8,177,0.07,0.09
11050,10,2000.0,0,524,0.07,0.09
11051,2,2013.0,7,359,0.0,0.09
11052,26,2009.0,6,529,0.08,0.09
11053,4,2006.0,7,492,0.0,0.09
11054,15,1996.0,0,372,0.05,0.09
11055,6,2005.0,4,21,0.06,0.09
11056,17,2011.0,10,120,0.01,0.09
11057,26,2009.0,10,296,0.08,0.09
11058,15,1997.0,6,455,0.05,0.09
11059,21,1995.0,2,347,0.0,0.09
11060,19,2007.0,0,524,0.08,0.09
11061,19,2005.0,11,63,0.0,0.09
11062,19,2009.0,7,206,0.07,0.09
11063,15,1995.0,8,275,0.0,0.09
11064,19,2012.0,7,20,0.0,0.09
11065,18,2016.0,3,347,0.0,0.09
11066,19,2013.0,1,78,0.0,0.09
11067,26,2009.0,9,445,0.07,0.09
11068,28,2008.0,11,6,0.07,0.09
11069,4,2007.0,7,109,0.0,0.09
11070,19,2009.0,2,455,0.0,0.09
11071,4,2009.0,3,57,0.0,0.09
11072,26,2008.0,10,419,0.04,0.09
11073,16,2007.0,7,499,0.0,0.09
11074,19,2009.0,3,138,0.08,0.09
11075,18,2015.0,0,499,0.02,0.09
11077,17,2011.0,2,381,0.0,0.09
11078,17,2009.0,0,275,0.08,0.09
11079,7,2002.0,0,499,0.03,0.09
11080,16,2007.0,3,210,0.0,0.09
11081,29,2002.0,3,325,0.07,0.09
11082,13,2008.0,9,138,0.0,0.09
11083,26,2008.0,10,493,0.08,0.09
11084,15,2002.0,10,275,0.0,0.09
11085,26,2011.0,10,304,0.08,0.09
11086,16,2000.0,1,455,0.0,0.09
11087,21,1994.0,4,445,0.0,0.09
11088,28,2014.0,6,328,0.04,0.09
11089,16,2003.0,6,325,0.04,0.09
11090,19,2008.0,4,499,0.02,0.09
11091,16,2000.0,9,48,0.0,0.09
11092,26,2011.0,3,524,0.08,0.09
11093,17,2009.0,6,138,0.0,0.09
11094,16,2007.0,0,461,0.0,0.09
11095,28,2007.0,11,492,0.08,0.09
11096,19,2014.0,10,275,0.0,0.09
11097,16,2001.0,7,318,0.04,0.09
11098,26,2008.0,0,543,0.08,0.09
11099,26,2011.0,0,21,0.06,0.09
11100,26,2010.0,3,224,0.0,0.09
11101,28,2008.0,3,275,0.08,0.09
11102,20,2012.0,7,207,0.0,0.09
11103,26,2009.0,8,296,0.08,0.09
11104,17,2011.0,0,301,0.0,0.09
11105,4,2010.0,3,162,0.07,0.09
11106,4,2011.0,11,21,0.06,0.09
11107,4,2010.0,3,528,0.0,0.09
11109,4,2008.0,0,543,0.08,0.09
11110,7,2006.0,2,347,0.0,0.09
11111,28,2010.0,10,101,0.08,0.09
11112,17,2008.0,3,275,0.08,0.09
11113,13,2009.0,8,138,0.0,0.09
11114,4,2010.0,0,347,0.0,0.09
11115,26,2009.0,10,445,0.08,0.09
11116,4,2007.0,7,359,0.0,0.09
11117,29,2002.0,10,53,0.07,0.09
11118,7,2002.0,10,325,0.07,0.09
11119,29,2005.0,8,524,0.07,0.09
11120,26,2010.0,3,296,0.08,0.09
11121,29,2004.0,10,275,0.07,0.09
11122,29,2004.0,6,53,0.07,0.09
11123,29,2002.0,0,499,0.04,0.09
11124,26,2007.0,2,492,0.0,0.09
11125,15,2001.0,3,21,0.05,0.09
11126,4,2009.0,9,120,0.08,0.09
11127,23,1993.0,8,275,0.0,0.09
11128,4,2008.0,7,469,0.06,0.09
11129,17,2012.0,11,499,0.0,0.09
11130,4,2007.0,4,487,0.08,0.09
11131,7,2003.0,8,53,0.07,0.09
11132,17,2011.0,1,501,0.07,0.09
11133,20,2014.0,0,231,0.05,0.09
11134,29,2005.0,0,325,0.07,0.09
11135,16,2006.0,11,499,0.04,0.09
11136,26,2010.0,10,21,0.08,0.09
11137,20,2012.0,0,275,0.0,0.09
11138,19,2005.0,9,301,0.08,0.09
11139,2,2011.0,5,476,0.07,0.09
11140,30,2016.0,6,91,0.01,0.09
11141,19,2012.0,10,493,0.08,0.09
11143,19,2006.0,0,85,0.08,0.09
11144,26,2006.0,4,325,0.08,0.09
11145,4,2009.0,10,493,0.08,0.09
11146,13,2005.0,11,53,0.01,0.09
11147,13,2002.0,11,323,0.02,0.09
11148,17,2015.0,0,85,0.0,0.09
11149,19,2006.0,6,21,0.08,0.09
11150,27,2013.0,4,524,0.04,0.09
11151,2,2013.0,7,347,0.0,0.09
11152,4,2010.0,3,547,0.08,0.09
11153,26,2008.0,1,85,0.08,0.09
11154,7,2005.0,7,347,0.07,0.09
11155,28,2015.0,0,85,0.04,0.09
11156,26,2008.0,0,137,0.08,0.09
11157,4,2008.0,3,524,0.07,0.09
11158,13,2006.0,11,288,0.01,0.09
11159,29,2004.0,6,493,0.07,0.09
11160,29,2004.0,10,325,0.07,0.09
11161,7,2005.0,0,21,0.07,0.09
11162,15,1996.0,9,217,0.0,0.09
11163,29,2003.0,6,347,0.06,0.09
11164,6,2003.0,0,487,0.06,0.09
11165,4,2006.0,5,430,0.04,0.09
11166,28,2008.0,2,6,0.07,0.09
11167,27,2016.0,0,547,0.04,0.09
11168,7,2005.0,2,445,0.0,0.09
11169,28,2009.0,8,137,0.05,0.09
11170,28,2007.0,8,543,0.07,0.09
11171,28,2015.0,4,21,0.08,0.09
11172,26,2009.0,3,524,0.08,0.09
11173,28,2006.0,7,230,0.08,0.09
11174,17,2011.0,7,98,0.0,0.09
11175,4,2008.0,3,91,0.04,0.09
11176,15,2000.0,10,275,0.0,0.09
11177,29,2004.0,3,275,0.06,0.09
11178,28,2014.0,0,120,0.03,0.09
11179,13,2011.0,8,487,0.05,0.09
11180,16,2005.0,10,6,0.04,0.09
11181,4,2008.0,5,137,0.06,0.09
11182,7,2002.0,4,487,0.07,0.09
11183,18,2015.0,0,286,0.03,0.09
11184,21,1999.0,10,13,0.0,0.09
11185,17,2011.0,0,487,0.07,0.09
11186,17,2013.0,4,347,0.03,0.09
11187,15,2000.0,6,455,0.05,0.09
11188,16,2007.0,0,499,0.04,0.09
11189,26,2009.0,3,224,0.0,0.09
11190,4,2009.0,5,281,0.0,0.09
11191,4,2006.0,3,359,0.0,0.09
11192,15,1998.0,8,177,0.05,0.09
11193,19,2006.0,0,543,0.08,0.09
11194,29,2004.0,0,53,0.06,0.09
11195,13,2004.0,8,543,0.0,0.09
11196,4,2008.0,3,378,0.08,0.09
11197,19,2007.0,10,493,0.08,0.09
11198,26,2011.0,0,487,0.05,0.09
11199,6,2006.0,0,288,0.06,0.09
11200,29,2005.0,1,126,0.06,0.09
11201,19,2010.0,7,55,0.06,0.09
11202,10,1996.0,3,275,0.0,0.09
11203,28,2014.0,0,286,0.0,0.09
11204,29,2005.0,7,493,0.06,0.09
11205,4,2008.0,3,524,0.08,0.09
11206,6,2003.0,6,269,0.06,0.09
11207,26,2010.0,9,286,0.08,0.09
11208,17,2011.0,0,347,0.04,0.09
11209,13,2011.0,1,112,0.02,0.09
11210,4,2008.0,1,275,0.0,0.09
11211,6,2004.0,4,85,0.0,0.09
11212,13,2015.0,11,524,0.0,0.09
11213,7,2003.0,8,524,0.07,0.09
11214,13,2012.0,10,275,0.0,0.09
11215,17,2014.0,0,499,0.0,0.09
11216,29,2005.0,0,487,0.06,0.09
11217,15,1998.0,11,138,0.03,0.09
11218,4,2010.0,1,176,0.05,0.09
11219,17,2007.0,8,325,0.07,0.09
11220,16,2001.0,7,524,0.04,0.09
11221,28,2009.0,4,524,0.07,0.09
11222,4,2006.0,0,445,0.08,0.09
11223,6,2001.0,11,53,0.06,0.09
11224,16,2011.0,10,138,0.0,0.09
11225,19,2008.0,6,21,0.08,0.09
11226,19,2009.0,7,156,0.05,0.09
11227,15,1997.0,8,413,0.05,0.09
11228,13,2011.0,1,433,0.0,0.09
11229,16,2002.0,8,67,0.04,0.09
11230,26,2011.0,2,101,0.07,0.09
11231,4,2008.0,3,111,0.08,0.09
11232,3,1999.0,10,445,0.0,0.09
11233,4,2007.0,6,122,0.08,0.09
11234,15,2000.0,3,455,0.05,0.09
11235,19,2009.0,9,524,0.08,0.09
11236,27,2014.0,3,359,0.0,0.09
11237,15,1995.0,0,246,0.05,0.09
11238,16,2005.0,0,85,0.04,0.09
11239,16,2002.0,3,360,0.0,0.09
11240,17,2011.0,0,487,0.04,0.09
11241,30,2015.0,10,69,0.03,0.09
11242,20,2016.0,7,358,0.0,0.09
11243,26,2009.0,6,565,0.08,0.09
11244,2,2012.0,7,347,0.0,0.09
11245,16,2004.0,0,445,0.04,0.09
11246,15,1997.0,9,376,0.05,0.09
11247,6,2006.0,1,487,0.06,0.09
11248,16,2001.0,11,348,0.04,0.09
11249,16,2006.0,7,499,0.0,0.09
11250,19,2009.0,1,275,0.07,0.09
11251,19,2008.0,2,381,0.03,0.08
11252,2,2015.0,0,347,0.0,0.08
11253,29,2007.0,10,138,0.06,0.08
11254,21,1995.0,9,320,0.0,0.08
11255,16,2000.0,7,275,0.04,0.08
11256,7,2004.0,6,347,0.07,0.08
11257,16,2008.0,10,99,0.04,0.08
11258,19,2006.0,5,6,0.07,0.08
11259,4,2009.0,1,499,0.0,0.08
11260,4,2008.0,11,500,0.08,0.08
11261,21,1996.0,5,275,0.0,0.08
11262,26,2009.0,10,6,0.07,0.08
11263,17,2010.0,3,455,0.0,0.08
11264,20,2014.0,7,362,0.03,0.08
11265,18,2014.0,0,464,0.0,0.08
11266,19,2008.0,2,455,0.0,0.08
11267,15,1999.0,7,53,0.05,0.08
11268,19,2010.0,1,362,0.07,0.08
11269,21,1995.0,3,445,0.0,0.08
11270,16,2006.0,6,66,0.04,0.08
11271,6,2004.0,1,359,0.0,0.08
11272,4,2009.0,10,493,0.06,0.08
11273,17,2014.0,0,120,0.03,0.08
11274,4,2009.0,9,21,0.08,0.08
11275,26,2010.0,1,528,0.08,0.08
11276,28,2007.0,8,524,0.08,0.08
11277,16,2007.0,3,210,0.0,0.08
11278,4,2011.0,3,547,0.08,0.08
11279,4,2005.0,2,138,0.08,0.08
11280,15,1998.0,6,502,0.05,0.08
11281,21,1994.0,9,138,0.0,0.08
11282,6,2004.0,4,359,0.0,0.08
11283,28,2014.0,6,367,0.03,0.08
11284,19,2009.0,10,461,0.08,0.08
11285,6,2004.0,7,85,0.0,0.08
11286,6,2003.0,0,543,0.06,0.08
11287,26,2008.0,5,504,0.07,0.08
11288,13,2005.0,8,138,0.0,0.08
11289,19,2005.0,5,524,0.08,0.08
11290,29,2003.0,6,445,0.06,0.08
11291,3,2000.0,10,445,0.0,0.08
11292,4,2010.0,10,275,0.0,0.08
11293,4,2008.0,0,543,0.08,0.08
11294,4,2011.0,9,21,0.07,0.08
11295,6,2005.0,1,21,0.06,0.08
11296,29,2002.0,1,53,0.06,0.08
11297,18,2015.0,0,499,0.02,0.08
11298,15,1998.0,6,524,0.05,0.08
11299,4,2009.0,0,109,0.08,0.08
11300,28,2014.0,7,120,0.02,0.08
11301,15,1999.0,2,438,0.05,0.08
11302,28,2011.0,9,567,0.06,0.08
11303,4,2008.0,1,275,0.07,0.08
11304,28,2013.0,4,347,0.04,0.08
11305,30,2015.0,2,499,0.04,0.08
11306,16,2001.0,10,275,0.04,0.08
11307,13,2011.0,9,567,0.0,0.08
11308,4,2010.0,10,366,0.08,0.08
11309,19,2006.0,0,138,0.07,0.08
11310,13,2013.0,8,88,0.02,0.08
11311,27,2012.0,0,499,0.04,0.08
11312,6,2003.0,7,511,0.06,0.08
11313,4,2008.0,0,347,0.0,0.08
11314,19,2010.0,6,21,0.07,0.08
11315,2,2011.0,0,445,0.05,0.08
11316,4,2012.0,10,493,0.08,0.08
11317,6,2003.0,11,85,0.06,0.08
11318,7,2002.0,5,224,0.06,0.08
11319,16,2006.0,6,91,0.04,0.08
11320,4,2010.0,10,524,0.06,0.08
11321,28,2009.0,3,275,0.08,0.08
11322,16,2008.0,3,347,0.04,0.08
11324,16,2000.0,4,524,0.04,0.08
11325,6,2003.0,3,500,0.06,0.08
11326,28,2006.0,10,493,0.07,0.08
11327,2,2015.0,1,347,0.0,0.08
11328,15,2000.0,8,17,0.05,0.08
11329,6,2004.0,2,347,0.06,0.08
11330,23,1991.0,3,148,0.0,0.08
11332,4,2011.0,7,464,0.0,0.08
11333,4,2008.0,9,524,0.08,0.08
11334,19,2010.0,7,362,0.05,0.08
11335,6,2004.0,0,224,0.0,0.08
11336,29,2003.0,11,138,0.06,0.08
11337,16,2003.0,8,288,0.04,0.08
11338,2,2011.0,8,296,0.08,0.08
11339,13,2013.0,9,273,0.0,0.08
11340,29,2006.0,10,138,0.06,0.08
11341,16,2002.0,1,275,0.0,0.08
11342,4,2010.0,2,492,0.03,0.08
11343,6,2004.0,7,487,0.06,0.08
11344,6,2003.0,7,487,0.06,0.08
11345,16,2000.0,10,144,0.0,0.08
11346,26,2010.0,0,101,0.08,0.08
11347,2,2011.0,5,224,0.05,0.08
11348,7,2005.0,0,142,0.06,0.08
11349,7,2005.0,10,275,0.0,0.08
11350,6,2004.0,8,232,0.06,0.08
11351,7,2006.0,6,347,0.06,0.08
11352,6,2001.0,8,275,0.06,0.08
11353,29,2006.0,9,524,0.06,0.08
11354,16,2008.0,2,325,0.04,0.08
11355,15,1995.0,2,455,0.05,0.08
11356,16,2002.0,10,138,0.04,0.08
11357,4,2007.0,5,255,0.08,0.08
11358,2,2011.0,0,347,0.0,0.08
11359,19,2009.0,9,524,0.05,0.08
11360,4,2006.0,11,487,0.05,0.08
11361,17,2015.0,6,328,0.0,0.08
11362,17,2010.0,10,101,0.08,0.08
11363,3,1998.0,0,445,0.0,0.08
11364,15,2000.0,4,540,0.05,0.08
11365,17,2009.0,8,137,0.04,0.08
11366,16,2006.0,0,455,0.0,0.08
11367,6,2005.0,3,121,0.06,0.08
11368,28,2011.0,2,6,0.05,0.08
11369,13,2012.0,7,160,0.0,0.08
11370,16,2005.0,7,193,0.04,0.08
11371,4,2007.0,4,275,0.08,0.08
11372,17,2012.0,1,381,0.01,0.08
11373,19,2006.0,4,445,0.05,0.08
11374,16,2005.0,2,347,0.04,0.08
11375,4,2009.0,9,487,0.08,0.08
11377,13,2010.0,5,407,0.02,0.08
11378,15,1996.0,4,17,0.05,0.08
11379,23,1998.0,10,13,0.0,0.08
11380,16,2009.0,6,21,0.04,0.08
11381,19,2005.0,5,524,0.07,0.08
11382,18,2015.0,0,347,0.0,0.08
11383,15,1996.0,8,177,0.05,0.08
11384,2,2013.0,3,492,0.0,0.08
11385,2,2013.0,0,447,0.0,0.08
11386,4,2009.0,0,112,0.08,0.08
11387,16,2009.0,10,275,0.0,0.08
11388,13,2008.0,9,138,0.0,0.08
11389,16,2002.0,6,53,0.04,0.08
11390,4,2008.0,7,347,0.08,0.08
11391,4,2009.0,1,347,0.0,0.08
11392,19,2005.0,5,137,0.07,0.08
11393,6,2004.0,10,138,0.06,0.08
11394,19,2005.0,7,232,0.0,0.08
11395,19,2009.0,7,20,0.0,0.08
11396,7,2005.0,10,138,0.06,0.08
11397,4,2011.0,0,347,0.0,0.08
11398,13,2011.0,10,493,0.06,0.08
11399,17,2008.0,6,445,0.0,0.08
11400,6,2001.0,4,223,0.06,0.08
11401,16,2006.0,8,460,0.04,0.08
11402,4,2007.0,7,63,0.0,0.08
11403,4,2009.0,3,524,0.08,0.08
11404,26,2007.0,0,409,0.07,0.08
11405,2,2013.0,2,347,0.0,0.08
11406,19,2007.0,5,445,0.07,0.08
11407,26,2012.0,9,347,0.0,0.08
11408,16,2005.0,0,493,0.04,0.08
11410,26,2006.0,4,543,0.06,0.08
11411,16,2004.0,0,445,0.04,0.08
11412,26,2010.0,10,21,0.06,0.08
11413,4,2008.0,3,109,0.0,0.08
11414,26,2008.0,10,275,0.0,0.08
11415,19,2009.0,4,524,0.07,0.08
11416,7,2004.0,0,524,0.06,0.08
11417,19,2006.0,4,85,0.07,0.08
11418,15,1998.0,7,263,0.0,0.08
11419,7,2002.0,10,137,0.06,0.08
11420,4,2007.0,10,275,0.0,0.08
11421,4,2010.0,9,524,0.07,0.08
11422,4,2009.0,0,524,0.05,0.08
11423,28,2013.0,0,109,0.03,0.08
11424,18,2016.0,0,499,0.0,0.08
11425,16,2006.0,2,232,0.01,0.08
11426,28,2009.0,0,275,0.07,0.08
11427,2,2013.0,3,492,0.0,0.08
11428,16,2004.0,11,499,0.0,0.08
11429,7,2002.0,10,138,0.06,0.08
11430,2,2014.0,0,286,0.0,0.08
11431,4,2010.0,10,21,0.08,0.08
11432,28,2011.0,9,275,0.08,0.08
11433,4,2010.0,3,120,0.0,0.08
11434,26,2009.0,3,275,0.07,0.08
11435,7,2002.0,10,485,0.06,0.08
11436,26,2008.0,11,487,0.06,0.08
11437,28,2011.0,1,7,0.0,0.08
11438,4,2010.0,0,493,0.07,0.08
11439,15,1994.0,7,165,0.0,0.08
11440,15,1995.0,10,104,0.04,0.08
11441,26,2006.0,8,524,0.06,0.08
11442,28,2007.0,0,547,0.06,0.08
11443,28,2009.0,2,430,0.07,0.08
11444,4,2008.0,8,109,0.07,0.08
11445,17,2012.0,6,21,0.07,0.08
11446,19,2009.0,1,347,0.0,0.08
11447,29,2003.0,6,137,0.06,0.08
11448,7,2002.0,3,493,0.06,0.08
11449,4,2010.0,3,347,0.0,0.08
11450,15,1998.0,9,246,0.04,0.08
11451,4,2007.0,3,347,0.0,0.08
11452,2,2014.0,1,347,0.03,0.08
11453,15,1999.0,7,455,0.0,0.08
11454,4,2010.0,1,52,0.0,0.08
11456,16,2009.0,10,275,0.0,0.08
11457,4,2009.0,9,112,0.07,0.08
11458,16,2001.0,7,524,0.04,0.08
11459,16,2003.0,3,27,0.04,0.08
11460,26,2009.0,1,378,0.07,0.08
11461,26,2011.0,6,275,0.07,0.08
11462,21,1998.0,11,346,0.0,0.08
11463,7,2003.0,6,142,0.06,0.08
11464,13,2015.0,0,66,0.0,0.08
11465,28,2009.0,5,53,0.07,0.08
11466,13,2010.0,9,138,0.01,0.08
11467,4,2008.0,6,160,0.06,0.08
11468,4,2010.0,3,176,0.06,0.08
11469,15,1997.0,2,437,0.0,0.08
11470,4,2008.0,0,499,0.07,0.08
11471,28,2011.0,0,347,0.05,0.08
11472,4,2011.0,1,88,0.03,0.08
11473,19,2015.0,0,78,0.0,0.08
11474,21,1996.0,1,445,0.0,0.08
11475,10,1997.0,5,17,0.06,0.08
11476,10,1998.0,8,333,0.06,0.08
11477,19,2010.0,5,275,0.07,0.08
11478,10,1998.0,5,372,0.06,0.08
11479,10,1998.0,10,17,0.07,0.08
11480,10,2002.0,10,21,0.06,0.08
11481,10,1998.0,6,17,0.06,0.08
11482,18,2015.0,7,362,0.02,0.08
11483,13,2008.0,0,137,0.0,0.08
11484,16,2004.0,0,6,0.04,0.08
11485,13,2011.0,11,487,0.0,0.08
11486,4,2008.0,5,120,0.07,0.08
11487,28,2006.0,0,109,0.04,0.08
11488,28,2014.0,2,55,0.06,0.08
11489,7,2003.0,0,138,0.06,0.08
11490,29,2003.0,10,4,0.06,0.08
11491,7,2005.0,8,138,0.06,0.08
11492,26,2008.0,8,326,0.08,0.08
11493,4,2004.0,9,461,0.0,0.08
11494,26,2011.0,0,347,0.0,0.08
11495,4,2008.0,5,137,0.05,0.08
11496,16,2000.0,8,275,0.04,0.08
11497,16,2001.0,9,536,0.0,0.08
11498,17,2013.0,1,347,0.0,0.08
11499,19,2011.0,11,20,0.0,0.08
11500,17,2010.0,0,16,0.07,0.08
11501,15,1999.0,0,508,0.04,0.08
11502,29,2005.0,3,325,0.06,0.08
11503,4,2010.0,1,112,0.05,0.08
11504,6,2002.0,2,301,0.06,0.08
11505,12,1995.0,2,437,0.0,0.08
11506,28,2007.0,0,126,0.07,0.08
11507,16,2010.0,10,21,0.04,0.08
11508,19,2012.0,1,20,0.0,0.08
11509,6,2004.0,11,359,0.0,0.08
11510,19,2009.0,10,455,0.07,0.08
11511,4,2009.0,10,296,0.07,0.08
11512,28,2014.0,2,347,0.01,0.08
11513,13,2005.0,9,524,0.0,0.08
11514,6,2004.0,8,359,0.0,0.08
11515,3,2000.0,1,346,0.0,0.08
11516,7,2005.0,3,347,0.06,0.08
11517,2,2013.0,3,361,0.0,0.08
11518,29,2003.0,11,255,0.06,0.08
11519,13,2011.0,8,303,0.01,0.08
11520,18,2016.0,6,328,0.02,0.08
11521,2,2012.0,0,166,0.0,0.08
11522,2,2011.0,5,524,0.07,0.08
11523,17,2014.0,7,362,0.05,0.08
11524,21,1997.0,1,346,0.0,0.08
11525,20,2013.0,0,347,0.0,0.08
11527,30,2014.0,1,160,0.03,0.08
11528,15,1995.0,8,246,0.04,0.08
11529,15,1995.0,9,455,0.02,0.08
11530,16,2001.0,8,478,0.04,0.08
11531,4,2009.0,3,378,0.07,0.08
11532,28,2007.0,3,21,0.06,0.08
11533,7,2003.0,0,53,0.06,0.08
11534,19,2009.0,9,165,0.0,0.08
11535,16,2005.0,1,455,0.0,0.08
11536,4,2013.0,3,109,0.03,0.08
11537,26,2011.0,0,19,0.0,0.08
11538,7,2003.0,0,269,0.06,0.08
11539,4,2008.0,1,182,0.07,0.08
11540,20,2015.0,0,455,0.0,0.08
11541,8,1994.0,2,445,0.0,0.08
11542,13,2011.0,0,265,0.06,0.08
11544,15,1997.0,7,55,0.04,0.08
11545,17,2010.0,10,21,0.07,0.08
11546,4,2008.0,5,524,0.07,0.08
11547,29,2003.0,8,543,0.06,0.08
11548,29,2002.0,0,325,0.06,0.08
11549,4,2008.0,3,50,0.07,0.08
11550,30,2016.0,8,493,0.03,0.08
11551,4,2011.0,4,6,0.07,0.08
11552,27,2015.0,0,524,0.06,0.08
11553,7,2006.0,0,137,0.06,0.08
11554,6,2001.0,10,487,0.06,0.08
11555,29,2003.0,0,325,0.06,0.08
11556,4,2009.0,3,6,0.07,0.08
11557,20,2015.0,0,381,0.0,0.08
11558,16,2007.0,0,347,0.0,0.08
11559,19,2007.0,5,338,0.07,0.08
11560,4,2008.0,10,275,0.07,0.08
11561,29,2004.0,0,91,0.06,0.08
11562,16,2007.0,7,464,0.03,0.08
11563,26,2008.0,1,275,0.07,0.08
11564,28,2016.0,10,138,0.06,0.08
11565,7,2002.0,4,53,0.06,0.08
11566,28,2014.0,0,21,0.07,0.08
11567,26,2008.0,6,492,0.07,0.08
11568,15,2001.0,10,63,0.04,0.08
11569,29,2005.0,0,487,0.06,0.08
11570,13,2008.0,6,138,0.0,0.08
11571,4,2009.0,9,120,0.07,0.08
11572,7,2002.0,7,524,0.06,0.08
11574,17,2014.0,1,160,0.03,0.08
11575,4,2009.0,3,296,0.07,0.08
11576,4,2010.0,3,126,0.0,0.08
11577,16,2010.0,10,21,0.04,0.08
11578,26,2010.0,3,330,0.0,0.08
11579,19,2013.0,7,37,0.0,0.08
11580,26,2009.0,3,275,0.07,0.08
11581,18,2016.0,0,524,0.01,0.08
11582,19,2006.0,1,487,0.07,0.08
11583,16,2002.0,9,318,0.04,0.08
11584,17,2010.0,0,547,0.06,0.08
11585,15,1995.0,10,507,0.04,0.08
11586,19,2009.0,1,275,0.0,0.08
11587,19,2007.0,2,455,0.0,0.08
11588,6,2004.0,3,26,0.06,0.08
11589,15,1998.0,8,63,0.0,0.08
11590,13,2015.0,1,334,0.02,0.08
11591,7,2003.0,8,85,0.06,0.08
11592,28,2006.0,0,499,0.07,0.08
11593,17,2007.0,1,455,0.0,0.08
11594,16,2004.0,3,455,0.04,0.08
11595,19,2007.0,7,445,0.07,0.08
11596,4,2005.0,6,296,0.07,0.08
11597,4,2011.0,11,499,0.0,0.08
11598,16,2005.0,10,198,0.04,0.08
11599,17,2011.0,3,6,0.05,0.08
11600,18,2014.0,10,528,0.05,0.08
11601,4,2008.0,9,137,0.07,0.08
11602,26,2008.0,1,504,0.06,0.08
11603,13,2012.0,4,524,0.0,0.08
11604,2,2013.0,7,432,0.0,0.08
11605,26,2011.0,3,367,0.0,0.08
11606,6,2002.0,10,138,0.06,0.08
11607,26,2010.0,8,445,0.06,0.08
11608,4,2010.0,7,296,0.07,0.08
11609,4,2009.0,9,524,0.0,0.08
11610,16,2000.0,6,324,0.04,0.08
11611,7,2003.0,7,445,0.06,0.08
11612,4,2008.0,1,464,0.0,0.08
11613,19,2010.0,2,455,0.0,0.08
11614,26,2007.0,3,524,0.07,0.08
11615,4,2005.0,5,564,0.07,0.08
11616,15,1998.0,0,138,0.04,0.08
11617,4,2008.0,10,53,0.07,0.08
11618,2,2016.0,0,6,0.0,0.08
11619,21,1995.0,11,445,0.0,0.08
11620,2,2012.0,0,347,0.0,0.08
11621,17,2009.0,10,493,0.07,0.08
11622,7,2002.0,2,524,0.06,0.08
11623,21,1998.0,1,445,0.0,0.08
11624,15,1996.0,4,540,0.04,0.08
11625,29,2005.0,6,198,0.06,0.08
11626,16,2002.0,8,142,0.04,0.08
11627,18,2015.0,7,85,0.0,0.08
11628,29,2004.0,6,524,0.06,0.08
11629,19,2010.0,7,362,0.0,0.08
11630,26,2009.0,10,564,0.07,0.08
11631,21,1997.0,8,224,0.0,0.08
11632,26,2009.0,10,275,0.0,0.08
11633,7,2003.0,6,487,0.06,0.08
11634,4,2011.0,0,112,0.04,0.08
11635,26,2009.0,0,402,0.07,0.08
11636,16,2007.0,7,159,0.0,0.08
11637,4,2010.0,0,487,0.07,0.08
11638,23,1996.0,3,13,0.0,0.08
11639,4,2005.0,3,6,0.07,0.08
11640,8,1994.0,7,445,0.0,0.08
11641,7,2002.0,10,325,0.06,0.08
11642,7,2002.0,3,224,0.0,0.08
11643,28,2007.0,9,347,0.0,0.08
11644,28,2009.0,8,402,0.06,0.08
11645,16,2006.0,2,441,0.0,0.08
11646,4,2009.0,9,6,0.07,0.08
11647,16,2005.0,0,347,0.04,0.08
11648,16,2009.0,3,347,0.0,0.08
11649,21,1998.0,7,263,0.0,0.08
11650,28,2011.0,3,138,0.07,0.08
11651,7,2003.0,0,85,0.06,0.08
11652,7,2003.0,10,17,0.06,0.08
11653,7,2007.0,10,138,0.06,0.08
11654,19,2011.0,1,263,0.0,0.08
11655,29,2002.0,4,275,0.06,0.08
11656,26,2011.0,0,101,0.07,0.08
11657,4,2007.0,2,492,0.0,0.08
11658,16,2005.0,4,455,0.04,0.08
11659,16,2009.0,3,493,0.04,0.08
11660,4,2008.0,2,492,0.0,0.08
11661,4,2010.0,10,347,0.0,0.08
11662,16,2006.0,10,347,0.0,0.08
11663,7,2004.0,4,21,0.06,0.08
11664,13,2004.0,6,138,0.0,0.08
11665,15,1998.0,3,253,0.04,0.08
11666,28,2010.0,0,547,0.06,0.08
11667,6,2002.0,6,487,0.05,0.08
11668,19,2005.0,5,109,0.07,0.08
11669,15,2000.0,8,53,0.04,0.08
11670,23,1994.0,7,55,0.0,0.08
11671,21,1998.0,11,445,0.0,0.08
11672,19,2005.0,4,347,0.07,0.08
11673,15,1998.0,0,493,0.04,0.08
11674,4,2008.0,0,472,0.07,0.08
11675,15,1995.0,9,413,0.04,0.08
11676,13,2012.0,6,138,0.0,0.08
11677,21,1995.0,11,196,0.0,0.08
11678,13,2004.0,11,138,0.01,0.08
11679,4,2008.0,0,464,0.07,0.08
11680,19,2007.0,2,85,0.0,0.08
11681,26,2009.0,3,6,0.07,0.08
11682,2,2014.0,0,499,0.0,0.08
11683,19,2006.0,4,524,0.07,0.08
11684,26,2009.0,1,348,0.07,0.08
11685,17,2012.0,8,524,0.01,0.08
11686,26,2009.0,8,427,0.07,0.08
11687,6,2005.0,7,53,0.05,0.08
11688,7,2003.0,6,347,0.06,0.08
11689,26,2009.0,3,101,0.07,0.08
11690,26,2009.0,3,275,0.07,0.08
11691,19,2006.0,10,455,0.07,0.08
11692,16,2004.0,11,6,0.04,0.08
11693,29,2004.0,8,189,0.06,0.08
11694,7,2003.0,8,436,0.06,0.08
11695,4,2007.0,2,347,0.0,0.08
11696,16,2007.0,7,347,0.0,0.08
11697,4,2010.0,5,401,0.05,0.08
11698,26,2008.0,3,359,0.0,0.08
11699,16,2002.0,11,499,0.04,0.08
11700,17,2009.0,6,455,0.0,0.08
11701,20,2014.0,7,98,0.0,0.08
11702,13,2015.0,0,275,0.0,0.08
11703,17,2008.0,11,37,0.0,0.08
11704,17,2016.0,10,138,0.05,0.08
11705,4,2006.0,3,524,0.0,0.08
11706,28,2011.0,6,524,0.0,0.08
11707,19,2005.0,10,120,0.07,0.08
11708,6,2004.0,4,198,0.05,0.08
11709,29,2006.0,8,524,0.06,0.08
11710,29,2004.0,3,101,0.06,0.08
11711,19,2012.0,7,461,0.0,0.08
11712,20,2015.0,10,69,0.0,0.08
11713,26,2011.0,10,112,0.0,0.08
11714,6,2002.0,8,564,0.05,0.08
11715,26,2008.0,7,430,0.07,0.08
11716,0,1987.0,10,53,0.07,0.08
11717,17,2011.0,3,347,0.0,0.08
11718,4,2009.0,3,128,0.07,0.08
11719,13,2009.0,7,112,0.01,0.08
11720,26,2008.0,0,359,0.0,0.08
11721,29,2005.0,4,487,0.06,0.08
11722,18,2015.0,4,558,0.03,0.08
11723,17,2008.0,6,21,0.07,0.08
11724,7,2002.0,6,60,0.06,0.08
11725,29,2002.0,0,487,0.06,0.08
11726,4,2008.0,3,524,0.07,0.08
11727,4,2006.0,0,138,0.07,0.08
11728,4,2011.0,10,275,0.0,0.08
11729,2,2012.0,0,30,0.0,0.08
11730,26,2008.0,0,21,0.07,0.08
11731,29,2004.0,3,91,0.06,0.08
11732,19,2011.0,2,275,0.0,0.08
11733,18,2015.0,7,499,0.0,0.08
11734,4,2007.0,10,53,0.07,0.07
11735,15,1998.0,7,287,0.0,0.07
11736,26,2009.0,3,117,0.07,0.07
11737,16,2008.0,2,347,0.0,0.07
11738,21,1994.0,6,445,0.0,0.07
11739,16,2005.0,3,426,0.04,0.07
11740,15,1995.0,1,413,0.0,0.07
11741,4,2010.0,3,487,0.07,0.07
11742,18,2016.0,4,85,0.06,0.07
11743,20,2012.0,1,347,0.0,0.07
11744,26,2008.0,2,492,0.0,0.07
11745,19,2010.0,1,455,0.0,0.07
11746,13,2009.0,7,257,0.0,0.07
11747,28,2008.0,10,419,0.06,0.07
11748,16,2002.0,7,490,0.04,0.07
11749,0,1987.0,10,53,0.07,0.07
11750,17,2011.0,10,275,0.0,0.07
11751,22,1994.0,6,445,0.0,0.07
11752,4,2010.0,1,230,0.0,0.07
11753,15,1997.0,5,85,0.04,0.07
11754,19,2006.0,3,445,0.0,0.07
11756,16,2003.0,4,436,0.04,0.07
11757,2,2014.0,7,432,0.0,0.07
11758,17,2008.0,8,21,0.07,0.07
11759,6,2004.0,4,359,0.0,0.07
11760,29,2003.0,4,524,0.06,0.07
11761,4,2009.0,1,19,0.07,0.07
11762,19,2010.0,3,224,0.0,0.07
11763,26,2012.0,3,6,0.0,0.07
11764,20,2015.0,7,499,0.0,0.07
11765,17,2011.0,0,21,0.05,0.07
11766,17,2011.0,6,275,0.07,0.07
11767,6,2002.0,4,85,0.05,0.07
11768,15,2000.0,2,324,0.04,0.07
11769,15,1996.0,10,325,0.04,0.07
11770,4,2011.0,5,176,0.0,0.07
11771,19,2005.0,0,347,0.0,0.07
11772,2,2013.0,1,472,0.0,0.07
11773,2,2015.0,3,347,0.0,0.07
11774,16,2001.0,0,455,0.04,0.07
11775,4,2011.0,5,101,0.07,0.07
11776,29,2006.0,0,524,0.06,0.07
11777,7,2003.0,11,21,0.06,0.07
11778,2,2015.0,0,286,0.02,0.07
11779,2,2015.0,2,444,0.0,0.07
11780,4,2011.0,5,370,0.04,0.07
11781,4,2009.0,9,6,0.07,0.07
11782,20,2013.0,0,499,0.0,0.07
11783,20,2013.0,1,263,0.0,0.07
11784,21,1997.0,1,548,0.0,0.07
11785,20,2013.0,10,445,0.0,0.07
11786,19,2012.0,7,347,0.0,0.07
11787,17,2007.0,7,193,0.0,0.07
11788,4,2009.0,5,91,0.07,0.07
11789,4,2005.0,5,445,0.03,0.07
11790,4,2008.0,5,565,0.07,0.07
11791,17,2013.0,2,347,0.0,0.07
11792,13,2011.0,9,138,0.07,0.07
11793,6,2005.0,8,275,0.05,0.07
11794,15,1995.0,10,536,0.0,0.07
11795,2,2014.0,7,445,0.0,0.07
11796,28,2008.0,3,347,0.0,0.07
11797,19,2012.0,1,275,0.0,0.07
11799,5,2000.0,4,85,0.0,0.07
11800,4,2011.0,3,21,0.07,0.07
11801,13,2003.0,9,138,0.0,0.07
11802,6,2002.0,5,543,0.05,0.07
11803,30,2016.0,0,85,0.05,0.07
11804,28,2014.0,9,265,0.03,0.07
11805,4,2007.0,1,524,0.05,0.07
11806,26,2009.0,6,66,0.01,0.07
11807,4,2006.0,0,137,0.04,0.07
11808,16,2002.0,0,4,0.04,0.07
11809,4,2010.0,5,524,0.0,0.07
11810,29,2005.0,1,321,0.05,0.07
11811,29,2005.0,6,142,0.05,0.07
11812,21,1995.0,6,445,0.0,0.07
11813,13,2013.0,1,114,0.0,0.07
11814,15,1998.0,0,4,0.04,0.07
11815,28,2009.0,0,487,0.03,0.07
11816,5,2001.0,4,85,0.0,0.07
11817,29,2003.0,4,347,0.05,0.07
11818,28,2006.0,2,296,0.06,0.07
11819,4,2008.0,7,464,0.0,0.07
11820,16,2004.0,11,499,0.04,0.07
11821,4,2006.0,10,564,0.07,0.07
11822,4,2008.0,7,63,0.0,0.07
11823,19,2008.0,2,232,0.07,0.07
11824,16,2002.0,9,445,0.04,0.07
11825,4,2011.0,3,487,0.07,0.07
11826,28,2012.0,9,293,0.07,0.07
11827,28,2011.0,2,101,0.07,0.07
11828,16,2004.0,11,288,0.04,0.07
11829,7,2003.0,1,524,0.06,0.07
11830,6,2005.0,3,564,0.05,0.07
11831,29,2002.0,11,137,0.05,0.07
11832,15,1998.0,1,399,0.0,0.07
11833,19,2010.0,0,275,0.0,0.07
11834,15,1998.0,5,455,0.04,0.07
11835,23,1994.0,10,49,0.0,0.07
11836,16,2008.0,1,499,0.0,0.07
11837,29,2002.0,6,323,0.05,0.07
11838,17,2013.0,7,362,0.02,0.07
11839,17,2012.0,10,19,0.0,0.07
11840,15,1996.0,4,540,0.04,0.07
11841,18,2016.0,0,21,0.04,0.07
11842,15,1997.0,8,487,0.04,0.07
11843,20,2015.0,1,37,0.0,0.07
11844,30,2014.0,1,501,0.05,0.07
11845,6,2003.0,2,524,0.05,0.07
11846,20,2013.0,0,455,0.0,0.07
11847,4,2009.0,5,460,0.07,0.07
11848,2,2013.0,9,126,0.04,0.07
11849,26,2010.0,10,31,0.0,0.07
11850,7,2005.0,11,347,0.0,0.07
11851,16,2007.0,3,77,0.04,0.07
11852,4,2007.0,10,53,0.07,0.07
11853,4,2007.0,10,430,0.07,0.07
11854,16,2007.0,11,499,0.0,0.07
11855,4,2008.0,7,347,0.0,0.07
11856,4,2010.0,1,347,0.0,0.07
11857,17,2010.0,6,21,0.07,0.07
11858,2,2013.0,3,30,0.0,0.07
11859,26,2010.0,9,565,0.07,0.07
11860,4,2010.0,5,348,0.07,0.07
11861,4,2009.0,9,6,0.07,0.07
11862,4,2008.0,1,487,0.07,0.07
11863,6,2003.0,3,101,0.05,0.07
11864,29,2005.0,4,487,0.05,0.07
11865,28,2015.0,0,524,0.05,0.07
11866,7,2005.0,2,275,0.06,0.07
11867,13,2011.0,9,153,0.0,0.07
11868,29,2005.0,8,564,0.05,0.07
11869,26,2010.0,10,275,0.0,0.07
11870,16,2008.0,1,443,0.04,0.07
11871,17,2015.0,10,524,0.0,0.07
11872,29,2003.0,3,323,0.05,0.07
11873,2,2011.0,9,524,0.07,0.07
11874,15,1995.0,8,138,0.04,0.07
11875,19,2008.0,1,347,0.0,0.07
11876,6,2001.0,4,524,0.05,0.07
11877,13,2012.0,7,347,0.0,0.07
11878,16,2006.0,3,340,0.04,0.07
11879,19,2010.0,1,230,0.0,0.07
11880,29,2002.0,6,487,0.05,0.07
11881,4,2005.0,7,359,0.07,0.07
11882,23,1994.0,0,63,0.0,0.07
11883,26,2008.0,3,232,0.06,0.07
11884,16,2009.0,11,347,0.0,0.07
11885,28,2014.0,3,126,0.05,0.07
11886,19,2009.0,11,347,0.0,0.07
11887,4,2007.0,11,487,0.07,0.07
11888,16,2004.0,8,198,0.04,0.07
11889,26,2010.0,6,528,0.04,0.07
11890,4,2007.0,3,432,0.0,0.07
11891,4,2009.0,0,347,0.0,0.07
11892,7,2005.0,8,524,0.06,0.07
11893,2,2012.0,8,85,0.0,0.07
11894,4,2008.0,11,499,0.07,0.07
11895,18,2016.0,2,381,0.02,0.07
11896,20,2015.0,7,362,0.01,0.07
11897,2,2013.0,3,347,0.0,0.07
11898,13,2012.0,1,160,0.0,0.07
11899,4,2009.0,6,499,0.05,0.07
11900,3,2000.0,2,437,0.0,0.07
11901,4,2009.0,3,359,0.0,0.07
11902,19,2009.0,0,487,0.02,0.07
11903,6,2003.0,4,21,0.05,0.07
11904,6,2003.0,10,17,0.05,0.07
11905,27,2014.0,1,347,0.05,0.07
11906,4,2005.0,0,524,0.06,0.07
11907,2,2012.0,0,347,0.0,0.07
11908,4,2008.0,1,430,0.07,0.07
11909,29,2002.0,0,543,0.05,0.07
11910,19,2008.0,7,156,0.0,0.07
11911,4,2011.0,3,184,0.07,0.07
11912,19,2006.0,10,378,0.06,0.07
11913,16,2007.0,6,70,0.03,0.07
11914,16,2007.0,6,325,0.03,0.07
11915,15,1998.0,10,493,0.04,0.07
11916,13,2011.0,8,91,0.01,0.07
11917,13,2009.0,8,547,0.01,0.07
11918,7,2002.0,10,445,0.05,0.07
11919,15,2000.0,0,499,0.04,0.07
11920,7,2005.0,3,275,0.05,0.07
11922,4,2007.0,5,359,0.0,0.07
11923,10,2000.0,10,359,0.0,0.07
11924,16,2008.0,0,137,0.03,0.07
11925,4,2010.0,1,487,0.07,0.07
11926,6,2004.0,0,359,0.0,0.07
11927,16,2002.0,1,441,0.03,0.07
11928,4,2006.0,3,275,0.0,0.07
11929,16,2005.0,0,85,0.03,0.07
11930,2,2011.0,4,52,0.0,0.07
11931,13,2010.0,8,464,0.0,0.07
11932,4,2009.0,1,109,0.0,0.07
11933,6,2002.0,10,275,0.05,0.07
11934,4,2008.0,6,122,0.07,0.07
11935,28,2007.0,7,472,0.07,0.07
11936,2,2013.0,7,347,0.0,0.07
11937,20,2014.0,1,501,0.05,0.07
11939,4,2008.0,9,316,0.07,0.07
11940,4,2005.0,3,6,0.07,0.07
11941,28,2009.0,8,91,0.06,0.07
11942,19,2012.0,1,347,0.0,0.07
11943,17,2011.0,3,292,0.07,0.07
11944,13,2005.0,7,323,0.01,0.07
11945,29,2002.0,0,53,0.05,0.07
11946,16,2003.0,11,499,0.03,0.07
11947,29,2004.0,1,91,0.05,0.07
11948,5,2000.0,0,275,0.0,0.07
11949,29,2002.0,6,420,0.05,0.07
11950,19,2006.0,2,455,0.0,0.07
11951,8,1993.0,1,445,0.0,0.07
11952,26,2007.0,2,564,0.06,0.07
11953,28,2009.0,3,292,0.07,0.07
11954,26,2006.0,4,524,0.06,0.07
11955,13,2009.0,10,445,0.0,0.07
11956,26,2007.0,10,6,0.06,0.07
11957,15,1996.0,8,137,0.04,0.07
11958,15,1998.0,11,225,0.04,0.07
11959,19,2012.0,7,347,0.0,0.07
11960,20,2012.0,7,156,0.0,0.07
11961,28,2006.0,8,137,0.05,0.07
11962,4,2009.0,4,6,0.0,0.07
11963,17,2012.0,8,347,0.03,0.07
11964,16,2008.0,0,275,0.03,0.07
11965,15,1998.0,0,413,0.04,0.07
11966,28,2012.0,3,6,0.0,0.07
11967,16,2001.0,10,275,0.03,0.07
11968,4,2011.0,10,122,0.07,0.07
11969,4,2007.0,9,138,0.0,0.07
11970,26,2009.0,6,564,0.05,0.07
11971,2,2011.0,10,275,0.0,0.07
11972,13,2003.0,9,323,0.0,0.07
11973,29,2002.0,4,53,0.05,0.07
11974,29,2003.0,0,138,0.05,0.07
11975,4,2009.0,10,275,0.0,0.07
11977,13,2010.0,9,120,0.01,0.07
11978,2,2014.0,1,347,0.0,0.07
11979,7,2003.0,4,60,0.05,0.07
11980,23,1991.0,10,238,0.0,0.07
11981,10,1997.0,6,13,0.06,0.07
11982,10,2000.0,11,101,0.06,0.07
11983,6,2001.0,3,296,0.05,0.07
11984,10,1999.0,1,269,0.06,0.07
11985,11,1992.0,2,275,0.04,0.07
11986,10,1998.0,2,63,0.0,0.07
11987,10,2000.0,10,487,0.06,0.07
11988,28,2009.0,10,493,0.06,0.07
11989,29,2004.0,0,499,0.05,0.07
11990,16,2006.0,1,455,0.0,0.07
11991,13,2009.0,11,390,0.01,0.07
11992,19,2009.0,0,251,0.0,0.07
11993,20,2015.0,0,381,0.0,0.07
11994,4,2010.0,1,88,0.05,0.07
11995,4,2009.0,9,275,0.06,0.07
11996,7,2003.0,10,138,0.05,0.07
11997,17,2015.0,6,328,0.0,0.07
11998,17,2013.0,11,347,0.0,0.07
11999,13,2007.0,9,138,0.01,0.07
12000,7,2003.0,4,524,0.05,0.07
12001,26,2008.0,10,493,0.06,0.07
12002,19,2008.0,7,347,0.0,0.07
12003,29,2004.0,3,189,0.05,0.07
12004,28,2011.0,2,85,0.0,0.07
12005,13,2016.0,8,493,0.03,0.07
12006,6,2005.0,1,112,0.05,0.07
12007,15,1996.0,7,476,0.04,0.07
12008,26,2010.0,3,200,0.07,0.07
12009,26,2007.0,4,318,0.06,0.07
12010,4,2006.0,8,53,0.0,0.07
12011,19,2005.0,1,53,0.06,0.07
12012,17,2016.0,2,381,0.01,0.07
12013,16,2000.0,0,475,0.0,0.07
12014,4,2006.0,0,347,0.0,0.07
12016,26,2007.0,8,6,0.06,0.07
12017,2,2014.0,5,21,0.06,0.07
12018,4,2010.0,0,347,0.0,0.07
12019,16,2004.0,0,499,0.03,0.07
12020,20,2015.0,7,263,0.0,0.07
12021,26,2010.0,9,296,0.06,0.07
12022,2,2013.0,0,166,0.0,0.07
12023,4,2008.0,1,30,0.0,0.07
12024,20,2015.0,3,299,0.0,0.07
12025,4,2008.0,10,539,0.06,0.07
12026,4,2007.0,8,296,0.06,0.07
12027,4,2010.0,0,528,0.06,0.07
12029,15,1997.0,8,455,0.04,0.07
12030,7,2005.0,4,524,0.05,0.07
12031,4,2008.0,1,524,0.06,0.07
12032,4,2008.0,3,378,0.06,0.07
12033,15,1998.0,6,330,0.04,0.07
12034,4,2010.0,3,275,0.0,0.07
12035,7,2004.0,0,138,0.05,0.07
12036,16,2005.0,7,499,0.03,0.07
12037,19,2007.0,3,556,0.06,0.07
12038,26,2008.0,8,275,0.06,0.07
12039,16,2006.0,9,275,0.03,0.07
12040,6,2006.0,0,63,0.0,0.07
12041,16,2005.0,6,487,0.03,0.07
12042,16,2008.0,3,21,0.03,0.07
12043,4,2005.0,11,347,0.06,0.07
12044,26,2009.0,3,565,0.06,0.07
12045,16,2000.0,8,478,0.03,0.07
12046,17,2014.0,8,88,0.01,0.07
12047,13,2015.0,0,524,0.04,0.07
12048,26,2011.0,10,432,0.0,0.07
12049,7,2005.0,0,445,0.05,0.07
12050,29,2004.0,4,21,0.05,0.07
12051,15,1997.0,0,17,0.04,0.07
12052,16,2007.0,1,30,0.0,0.07
12053,26,2010.0,2,445,0.04,0.07
12054,28,2006.0,3,323,0.05,0.07
12055,6,2004.0,0,55,0.05,0.07
12056,4,2008.0,11,445,0.0,0.07
12057,4,2011.0,0,21,0.05,0.07
12058,30,2014.0,0,499,0.04,0.07
12059,19,2012.0,0,528,0.0,0.07
12060,15,1996.0,9,141,0.04,0.07
12061,3,2001.0,6,445,0.0,0.07
12062,23,1992.0,7,148,0.0,0.07
12063,27,2012.0,0,347,0.02,0.07
12064,4,2008.0,10,53,0.05,0.07
12065,8,1993.0,0,85,0.0,0.07
12066,13,2007.0,11,138,0.0,0.07
12067,7,2003.0,2,355,0.05,0.07
12068,4,2010.0,7,347,0.0,0.07
12069,6,2004.0,5,359,0.0,0.07
12070,2,2014.0,0,361,0.0,0.07
12071,30,2015.0,7,160,0.04,0.07
12072,26,2009.0,1,263,0.0,0.07
12073,4,2005.0,3,6,0.06,0.07
12074,4,2008.0,0,142,0.06,0.07
12075,15,1995.0,8,138,0.04,0.07
12076,18,2015.0,0,524,0.06,0.07
12077,16,2002.0,0,144,0.03,0.07
12078,15,1994.0,6,455,0.0,0.07
12079,4,2005.0,11,296,0.06,0.07
12080,17,2010.0,7,20,0.0,0.07
12081,15,2002.0,1,275,0.0,0.07
12082,17,2014.0,0,347,0.0,0.07
12083,4,2007.0,0,499,0.04,0.07
12084,12,1993.0,2,437,0.0,0.07
12085,15,1998.0,0,151,0.0,0.07
12086,16,2002.0,2,146,0.03,0.07
12087,16,2003.0,1,455,0.03,0.07
12088,15,1999.0,7,455,0.04,0.07
12089,16,2002.0,7,207,0.0,0.07
12090,7,2004.0,10,138,0.05,0.07
12091,7,2005.0,3,325,0.05,0.07
12092,2,2013.0,0,21,0.03,0.07
12093,16,2004.0,0,275,0.03,0.07
12094,13,2009.0,0,85,0.01,0.07
12095,26,2008.0,1,273,0.05,0.07
12096,4,2008.0,1,499,0.0,0.07
12097,20,2014.0,10,275,0.0,0.07
12098,21,1997.0,0,85,0.0,0.07
12099,26,2010.0,10,347,0.0,0.07
12100,13,2013.0,6,91,0.0,0.07
12101,5,1998.0,10,275,0.0,0.07
12102,6,2006.0,5,493,0.05,0.07
12103,18,2015.0,11,265,0.0,0.07
12104,15,2001.0,10,109,0.04,0.07
12105,17,2015.0,0,286,0.0,0.07
12106,7,2002.0,0,60,0.05,0.07
12107,21,1995.0,3,446,0.0,0.07
12108,13,2012.0,0,367,0.0,0.07
12109,23,1993.0,0,508,0.0,0.07
12110,7,2004.0,11,198,0.05,0.07
12111,4,2007.0,7,224,0.0,0.07
12112,26,2010.0,10,565,0.06,0.07
12113,19,2007.0,7,499,0.02,0.07
12114,15,1997.0,9,177,0.04,0.07
12115,2,2015.0,0,347,0.0,0.07
12116,15,1997.0,0,246,0.04,0.07
12117,30,2015.0,0,524,0.05,0.07
12118,4,2007.0,4,53,0.06,0.07
12119,7,2002.0,10,445,0.05,0.07
12120,16,2004.0,1,321,0.03,0.07
12121,4,2008.0,7,492,0.0,0.07
12122,4,2007.0,0,263,0.0,0.07
12123,26,2010.0,10,359,0.0,0.07
12124,17,2011.0,2,101,0.06,0.07
12125,15,1995.0,8,413,0.04,0.07
12126,4,2007.0,1,275,0.01,0.07
12128,16,2008.0,0,21,0.03,0.07
12130,4,2006.0,0,6,0.06,0.07
12131,4,2008.0,5,85,0.06,0.07
12132,16,2002.0,10,465,0.0,0.07
12133,18,2016.0,8,85,0.05,0.07
12134,19,2008.0,0,251,0.06,0.07
12136,7,2003.0,0,138,0.05,0.07
12137,16,2006.0,0,85,0.0,0.07
12138,26,2006.0,0,6,0.0,0.07
12139,26,2010.0,5,370,0.0,0.07
12140,4,2008.0,4,77,0.06,0.07
12141,6,2002.0,2,17,0.05,0.07
12142,28,2015.0,10,21,0.06,0.07
12143,16,2007.0,2,438,0.03,0.07
12144,29,2003.0,9,275,0.05,0.07
12145,2,2014.0,7,21,0.05,0.07
12146,26,2008.0,1,296,0.06,0.07
12147,19,2011.0,7,206,0.02,0.07
12148,6,2005.0,10,138,0.05,0.07
12149,16,2002.0,10,325,0.03,0.07
12150,4,2010.0,8,21,0.05,0.07
12151,4,2008.0,9,524,0.05,0.07
12152,4,2006.0,3,359,0.0,0.07
12153,16,2004.0,11,101,0.03,0.07
12154,29,2006.0,6,53,0.05,0.07
12155,13,2011.0,11,160,0.01,0.07
12156,19,2008.0,5,142,0.06,0.07
12157,6,2005.0,1,487,0.05,0.07
12158,19,2012.0,7,347,0.0,0.07
12159,4,2008.0,0,524,0.06,0.07
12160,4,2011.0,5,88,0.03,0.07
12161,18,2015.0,1,367,0.0,0.07
12162,6,2003.0,0,524,0.05,0.07
12163,4,2006.0,3,227,0.0,0.07
12164,2,2015.0,0,166,0.0,0.07
12165,29,2003.0,6,485,0.05,0.07
12166,19,2010.0,10,493,0.06,0.07
12167,2,2014.0,0,347,0.0,0.07
12168,6,2003.0,3,223,0.05,0.07
12169,19,2010.0,10,21,0.06,0.07
12170,6,2006.0,0,21,0.05,0.07
12171,4,2009.0,3,509,0.04,0.07
12172,15,2000.0,3,109,0.04,0.07
12173,4,2010.0,3,443,0.06,0.07
12174,15,1997.0,6,85,0.0,0.07
12175,17,2010.0,10,499,0.0,0.07
12176,19,2007.0,11,430,0.05,0.07
12177,13,2007.0,11,323,0.0,0.07
12178,15,1998.0,2,455,0.04,0.07
12179,19,2007.0,7,197,0.06,0.07
12180,15,1996.0,10,275,0.04,0.07
12181,17,2011.0,11,499,0.0,0.07
12182,27,2014.0,0,21,0.05,0.07
12183,19,2006.0,3,136,0.0,0.07
12185,4,2008.0,3,138,0.06,0.07
12186,19,2009.0,9,524,0.06,0.07
12187,16,2005.0,2,437,0.03,0.07
12188,26,2009.0,2,109,0.06,0.07
12189,15,2001.0,0,4,0.04,0.07
12190,6,2005.0,3,564,0.05,0.07
12191,16,2010.0,1,7,0.0,0.07
12192,17,2010.0,4,455,0.0,0.07
12193,20,2014.0,7,98,0.0,0.07
12194,16,2004.0,9,6,0.03,0.07
12195,4,2007.0,7,445,0.0,0.07
12196,28,2011.0,6,70,0.0,0.07
12197,18,2015.0,7,231,0.02,0.07
12198,7,2004.0,10,21,0.05,0.07
12199,7,2003.0,11,445,0.05,0.07
12200,26,2009.0,9,122,0.06,0.07
12201,4,2011.0,4,296,0.06,0.07
12202,19,2005.0,4,493,0.06,0.07
12203,13,2010.0,0,126,0.06,0.07
12204,16,2001.0,1,54,0.0,0.07
12205,17,2013.0,7,362,0.0,0.07
12206,16,2006.0,7,455,0.0,0.07
12207,29,2005.0,3,275,0.05,0.07
12208,26,2009.0,3,565,0.06,0.07
12209,16,2006.0,1,41,0.0,0.07
12210,15,1997.0,4,61,0.04,0.07
12211,20,2012.0,6,455,0.0,0.07
12213,16,2004.0,7,56,0.03,0.07
12214,4,2010.0,3,370,0.04,0.07
12215,28,2011.0,6,152,0.06,0.07
12216,27,2014.0,0,347,0.0,0.07
12217,23,1996.0,3,363,0.0,0.07
12218,2,2014.0,11,347,0.0,0.07
12219,17,2011.0,9,6,0.06,0.07
12220,6,2005.0,8,445,0.05,0.07
12221,4,2008.0,0,187,0.06,0.07
12222,15,1998.0,8,275,0.04,0.07
12223,4,2007.0,3,510,0.06,0.07
12224,6,2002.0,0,275,0.05,0.07
12225,29,2004.0,11,445,0.05,0.07
12226,28,2009.0,9,109,0.0,0.07
12227,13,2014.0,10,275,0.0,0.07
12228,20,2013.0,0,126,0.05,0.07
12229,6,2001.0,8,32,0.05,0.07
12230,16,2006.0,11,487,0.03,0.07
12231,8,1993.0,0,445,0.0,0.07
12232,4,2010.0,3,565,0.06,0.07
12233,4,2010.0,3,315,0.06,0.07
12234,2,2016.0,0,547,0.02,0.07
12235,2,2014.0,1,212,0.0,0.07
12236,4,2007.0,11,487,0.05,0.07
12237,28,2011.0,3,138,0.06,0.07
12239,17,2007.0,10,275,0.0,0.07
12240,15,1996.0,6,511,0.04,0.07
12241,29,2003.0,10,325,0.05,0.07
12242,4,2007.0,4,126,0.04,0.07
12243,2,2014.0,3,166,0.0,0.07
12244,4,2011.0,5,570,0.0,0.06
12245,20,2013.0,7,207,0.0,0.06
12246,6,2001.0,6,487,0.05,0.06
12247,15,1998.0,11,312,0.0,0.06
12249,26,2008.0,6,565,0.06,0.06
12250,29,2004.0,9,493,0.05,0.06
12251,4,2009.0,3,524,0.06,0.06
12252,4,2007.0,7,138,0.06,0.06
12253,29,2005.0,6,524,0.05,0.06
12254,16,2004.0,7,146,0.03,0.06
12255,7,2005.0,2,347,0.05,0.06
12256,28,2011.0,3,6,0.05,0.06
12257,20,2013.0,11,230,0.0,0.06
12258,6,2002.0,9,138,0.05,0.06
12259,29,2001.0,0,191,0.05,0.06
12260,19,2006.0,8,275,0.04,0.06
12261,4,2006.0,8,126,0.06,0.06
12262,4,2009.0,9,6,0.06,0.06
12263,15,1994.0,1,413,0.04,0.06
12264,13,2014.0,0,547,0.02,0.06
12265,26,2006.0,0,137,0.04,0.06
12266,29,2005.0,3,493,0.05,0.06
12267,29,2002.0,1,138,0.05,0.06
12268,4,2009.0,11,120,0.06,0.06
12269,3,1998.0,1,163,0.0,0.06
12270,6,2000.0,10,275,0.05,0.06
12271,26,2008.0,2,445,0.0,0.06
12272,3,2000.0,1,346,0.0,0.06
12273,16,2005.0,0,275,0.03,0.06
12274,29,2003.0,0,138,0.05,0.06
12275,4,2008.0,9,464,0.06,0.06
12276,16,2000.0,9,275,0.0,0.06
12277,19,2006.0,8,21,0.06,0.06
12278,26,2011.0,5,101,0.06,0.06
12279,7,2002.0,10,17,0.05,0.06
12280,18,2015.0,1,429,0.0,0.06
12281,6,2003.0,0,85,0.05,0.06
12282,29,2002.0,10,17,0.05,0.06
12283,4,2010.0,9,122,0.06,0.06
12284,4,2010.0,9,6,0.06,0.06
12285,4,2005.0,4,275,0.06,0.06
12286,19,2010.0,0,301,0.0,0.06
12287,20,2014.0,0,109,0.0,0.06
12288,4,2011.0,9,487,0.06,0.06
12289,23,1993.0,3,239,0.0,0.06
12290,16,2003.0,6,17,0.03,0.06
12291,26,2008.0,10,23,0.06,0.06
12292,4,2007.0,0,347,0.0,0.06
12293,19,2011.0,3,275,0.0,0.06
12294,28,2012.0,2,499,0.03,0.06
12295,4,2008.0,3,6,0.06,0.06
12296,19,2010.0,2,156,0.0,0.06
12297,19,2006.0,2,347,0.0,0.06
12298,4,2011.0,4,528,0.0,0.06
12299,26,2007.0,2,182,0.06,0.06
12300,4,2008.0,1,301,0.0,0.06
12301,15,1997.0,6,455,0.04,0.06
12302,17,2008.0,8,460,0.05,0.06
12303,4,2004.0,1,524,0.06,0.06
12304,16,2009.0,3,109,0.0,0.06
12305,4,2010.0,3,30,0.0,0.06
12306,20,2015.0,10,69,0.0,0.06
12307,6,2002.0,5,528,0.0,0.06
12308,16,2007.0,7,499,0.0,0.06
12309,26,2009.0,9,365,0.06,0.06
12310,20,2014.0,0,499,0.0,0.06
12311,2,2012.0,0,19,0.0,0.06
12312,26,2009.0,1,359,0.0,0.06
12313,16,2004.0,10,564,0.03,0.06
12314,6,2005.0,4,524,0.05,0.06
12315,16,2000.0,7,475,0.0,0.06
12316,16,2004.0,8,347,0.03,0.06
12317,13,2011.0,0,103,0.0,0.06
12318,26,2007.0,5,324,0.06,0.06
12319,29,2001.0,6,138,0.05,0.06
12320,26,2007.0,10,275,0.0,0.06
12321,19,2009.0,7,499,0.0,0.06
12322,4,2007.0,11,524,0.0,0.06
12323,7,2003.0,0,485,0.05,0.06
12324,21,1998.0,9,133,0.0,0.06
12325,19,2008.0,7,445,0.06,0.06
12326,18,2015.0,0,367,0.02,0.06
12327,17,2011.0,0,170,0.04,0.06
12328,19,2008.0,2,251,0.05,0.06
12329,19,2007.0,3,223,0.06,0.06
12330,26,2008.0,1,296,0.06,0.06
12331,7,2002.0,6,138,0.05,0.06
12332,13,2014.0,0,547,0.0,0.06
12333,30,2013.0,2,323,0.03,0.06
12334,6,2004.0,0,359,0.0,0.06
12335,17,2013.0,1,7,0.0,0.06
12336,16,2007.0,9,445,0.0,0.06
12337,4,2008.0,0,347,0.0,0.06
12338,4,2006.0,8,137,0.06,0.06
12339,20,2014.0,0,455,0.0,0.06
12340,6,2002.0,3,445,0.05,0.06
12341,19,2011.0,7,55,0.0,0.06
12342,16,2004.0,7,455,0.03,0.06
12343,6,2004.0,0,524,0.05,0.06
12344,16,2003.0,6,445,0.03,0.06
12345,28,2014.0,1,160,0.03,0.06
12346,15,1995.0,5,17,0.04,0.06
12347,7,2004.0,3,101,0.05,0.06
12348,13,2005.0,7,288,0.01,0.06
12349,4,2007.0,11,0,0.06,0.06
12350,20,2013.0,10,275,0.0,0.06
12351,21,1994.0,8,445,0.0,0.06
12352,29,2002.0,10,524,0.05,0.06
12353,29,2005.0,8,205,0.05,0.06
12354,15,1998.0,8,540,0.04,0.06
12355,15,1995.0,8,502,0.04,0.06
12356,4,2008.0,3,64,0.0,0.06
12357,4,2005.0,3,359,0.0,0.06
12358,19,2009.0,2,464,0.0,0.06
12359,2,2014.0,0,347,0.0,0.06
12360,13,2011.0,11,323,0.01,0.06
12361,26,2007.0,7,445,0.06,0.06
12362,4,2011.0,1,347,0.0,0.06
12363,19,2007.0,7,156,0.0,0.06
12364,4,2009.0,5,378,0.06,0.06
12365,4,2010.0,0,257,0.06,0.06
12366,16,2002.0,0,499,0.03,0.06
12367,4,2008.0,7,365,0.06,0.06
12368,2,2014.0,0,21,0.03,0.06
12369,6,2004.0,0,126,0.04,0.06
12370,26,2008.0,2,232,0.06,0.06
12371,19,2011.0,3,455,0.0,0.06
12372,6,2001.0,9,275,0.04,0.06
12373,2,2015.0,5,359,0.0,0.06
12374,19,2011.0,7,166,0.0,0.06
12375,19,2011.0,2,347,0.0,0.06
12376,4,2008.0,7,182,0.06,0.06
12377,4,2006.0,11,524,0.05,0.06
12378,16,2008.0,1,347,0.0,0.06
12379,19,2006.0,0,347,0.05,0.06
12380,4,2009.0,5,402,0.06,0.06
12381,6,2001.0,4,277,0.04,0.06
12382,15,2000.0,0,253,0.03,0.06
12383,13,2010.0,6,21,0.01,0.06
12384,28,2011.0,0,21,0.05,0.06
12385,23,1995.0,9,384,0.0,0.06
12386,26,2007.0,8,510,0.06,0.06
12387,7,2005.0,10,101,0.05,0.06
12388,18,2016.0,0,242,0.05,0.06
12389,20,2012.0,0,109,0.0,0.06
12390,16,2005.0,7,499,0.03,0.06
12391,15,2002.0,9,241,0.03,0.06
12392,4,2011.0,3,53,0.06,0.06
12393,4,2010.0,3,522,0.06,0.06
12394,15,1998.0,3,275,0.0,0.06
12395,15,2000.0,10,305,0.03,0.06
12396,13,2007.0,8,325,0.0,0.06
12397,29,2004.0,11,23,0.05,0.06
12398,27,2015.0,3,347,0.0,0.06
12399,13,2011.0,1,160,0.0,0.06
12400,29,2005.0,3,323,0.05,0.06
12401,6,2005.0,3,445,0.04,0.06
12402,18,2016.0,6,347,0.01,0.06
12403,28,2011.0,1,21,0.0,0.06
12404,16,2001.0,3,137,0.03,0.06
12405,2,2014.0,9,43,0.0,0.06
12406,16,2001.0,9,490,0.0,0.06
12407,16,2006.0,6,182,0.03,0.06
12408,13,2005.0,8,21,0.0,0.06
12409,4,2011.0,9,487,0.06,0.06
12410,19,2006.0,3,115,0.0,0.06
12411,2,2013.0,8,21,0.0,0.06
12412,17,2016.0,10,275,0.0,0.06
12413,16,2001.0,8,246,0.03,0.06
12414,28,2009.0,1,7,0.0,0.06
12415,13,2010.0,1,120,0.0,0.06
12416,28,2011.0,6,85,0.0,0.06
12417,16,2008.0,1,53,0.03,0.06
12418,16,2008.0,2,381,0.03,0.06
12419,16,2003.0,3,485,0.03,0.06
12420,19,2008.0,1,30,0.0,0.06
12421,2,2014.0,1,347,0.0,0.06
12422,7,2005.0,2,347,0.05,0.06
12423,29,2003.0,10,543,0.05,0.06
12424,4,2006.0,0,275,0.03,0.06
12425,15,2001.0,10,17,0.03,0.06
12426,27,2015.0,0,359,0.04,0.06
12427,28,2011.0,6,21,0.05,0.06
12428,4,2007.0,5,464,0.06,0.06
12429,16,2001.0,0,491,0.0,0.06
12430,16,2009.0,10,53,0.03,0.06
12431,26,2015.0,0,347,0.0,0.06
12432,2,2016.0,1,28,0.04,0.06
12433,6,2005.0,0,275,0.04,0.06
12434,6,2002.0,5,142,0.04,0.06
12435,26,2008.0,5,524,0.05,0.06
12436,26,2010.0,2,492,0.0,0.06
12437,17,2012.0,0,445,0.0,0.06
12438,28,2011.0,8,86,0.04,0.06
12439,21,1995.0,1,448,0.0,0.06
12440,18,2014.0,0,6,0.0,0.06
12441,2,2011.0,0,30,0.0,0.06
12442,16,2006.0,1,146,0.0,0.06
12443,29,2005.0,0,524,0.05,0.06
12444,4,2009.0,10,324,0.06,0.06
12445,26,2010.0,6,470,0.06,0.06
12446,4,2009.0,9,524,0.06,0.06
12447,18,2015.0,7,120,0.0,0.06
12448,19,2010.0,3,109,0.0,0.06
12449,4,2010.0,9,286,0.06,0.06
12450,20,2016.0,1,28,0.03,0.06
12451,4,2009.0,11,445,0.0,0.06
12452,13,2009.0,8,347,0.0,0.06
12453,28,2011.0,10,499,0.0,0.06
12454,4,2007.0,4,126,0.05,0.06
12455,4,2009.0,8,460,0.05,0.06
12456,26,2008.0,6,99,0.06,0.06
12457,16,2008.0,0,347,0.0,0.06
12458,29,2005.0,1,493,0.05,0.06
12459,29,2003.0,0,436,0.05,0.06
12460,19,2007.0,8,275,0.05,0.06
12461,4,2011.0,0,21,0.05,0.06
12462,16,2002.0,0,275,0.03,0.06
12463,4,2006.0,3,484,0.0,0.06
12464,4,2007.0,0,467,0.06,0.06
12465,13,2007.0,7,53,0.0,0.06
12466,3,1998.0,6,241,0.0,0.06
12467,4,2008.0,9,275,0.0,0.06
12468,26,2009.0,1,524,0.05,0.06
12469,6,2002.0,10,524,0.04,0.06
12470,4,2010.0,9,128,0.06,0.06
12471,19,2007.0,7,316,0.05,0.06
12472,7,2003.0,4,17,0.05,0.06
12473,26,2009.0,0,99,0.06,0.06
12474,17,2014.0,11,347,0.0,0.06
12475,19,2010.0,0,347,0.0,0.06
12476,7,2003.0,0,524,0.05,0.06
12477,13,2008.0,7,46,0.0,0.06
12478,4,2008.0,10,419,0.04,0.06
12479,13,2011.0,0,85,0.04,0.06
12480,4,2007.0,3,21,0.05,0.06
12481,4,2009.0,0,330,0.04,0.06
12482,7,2002.0,10,275,0.05,0.06
12483,4,2008.0,5,487,0.06,0.06
12484,2,2014.0,0,347,0.0,0.06
12485,28,2012.0,8,347,0.03,0.06
12486,4,2008.0,7,347,0.0,0.06
12488,17,2016.0,7,362,0.01,0.06
12489,16,2011.0,0,275,0.0,0.06
12490,29,2004.0,8,53,0.05,0.06
12491,26,2007.0,3,137,0.05,0.06
12492,13,2011.0,7,459,0.06,0.06
12493,19,2012.0,0,347,0.0,0.06
12494,10,1999.0,1,347,0.0,0.06
12495,29,2005.0,8,493,0.05,0.06
12496,13,2013.0,0,85,0.0,0.06
12497,17,2011.0,0,455,0.0,0.06
12498,16,2003.0,3,524,0.03,0.06
12499,4,2011.0,3,359,0.0,0.06
12500,15,1996.0,10,325,0.03,0.06
12501,28,2007.0,10,23,0.06,0.06
12502,26,2011.0,10,524,0.0,0.06
12503,16,2008.0,1,263,0.0,0.06
12504,10,1999.0,6,269,0.05,0.06
12505,10,1999.0,10,487,0.05,0.06
12506,10,1998.0,10,177,0.05,0.06
12507,10,2000.0,10,138,0.05,0.06
12508,10,1998.0,6,487,0.05,0.06
12509,10,1998.0,6,524,0.05,0.06
12510,10,1998.0,3,508,0.05,0.06
12511,21,1997.0,2,85,0.0,0.06
12512,10,1998.0,10,177,0.05,0.06
12513,10,1998.0,5,17,0.05,0.06
12514,10,1998.0,8,223,0.05,0.06
12515,10,2000.0,6,534,0.05,0.06
12516,7,2002.0,5,524,0.05,0.06
12518,20,2014.0,7,358,0.0,0.06
12519,30,2015.0,0,381,0.05,0.06
12520,2,2012.0,0,347,0.0,0.06
12521,29,2004.0,6,66,0.04,0.06
12522,6,2005.0,6,101,0.04,0.06
12523,18,2016.0,8,21,0.01,0.06
12524,19,2006.0,0,21,0.05,0.06
12525,4,2007.0,2,564,0.06,0.06
12526,13,1992.0,11,138,0.0,0.06
12527,28,2014.0,2,347,0.04,0.06
12528,4,2007.0,1,325,0.06,0.06
12529,4,2009.0,3,88,0.06,0.06
12530,19,2010.0,10,275,0.0,0.06
12532,4,2008.0,5,522,0.06,0.06
12533,26,2010.0,8,528,0.03,0.06
12534,26,2010.0,5,430,0.04,0.06
12535,15,1999.0,6,101,0.03,0.06
12536,19,2006.0,10,23,0.06,0.06
12537,19,2006.0,0,275,0.05,0.06
12538,21,1994.0,10,445,0.0,0.06
12539,2,2013.0,7,347,0.0,0.06
12540,13,2009.0,6,138,0.0,0.06
12541,13,2003.0,11,323,0.03,0.06
12542,4,2008.0,10,21,0.06,0.06
12543,16,2006.0,8,137,0.03,0.06
12544,16,2004.0,8,347,0.03,0.06
12545,30,2015.0,0,367,0.03,0.06
12546,6,2004.0,10,564,0.04,0.06
12547,13,2010.0,0,138,0.04,0.06
12548,6,2002.0,2,441,0.04,0.06
12549,19,2007.0,4,481,0.0,0.06
12550,13,2004.0,11,323,0.0,0.06
12551,19,2008.0,2,85,0.0,0.06
12552,4,2009.0,3,432,0.0,0.06
12553,26,2010.0,1,224,0.06,0.06
12554,4,2008.0,1,39,0.06,0.06
12555,4,2008.0,9,499,0.06,0.06
12556,28,2012.0,0,6,0.03,0.06
12557,2,2012.0,2,493,0.06,0.06
12558,19,2006.0,5,556,0.05,0.06
12559,6,2005.0,6,564,0.04,0.06
12560,20,2015.0,7,98,0.0,0.06
12561,16,2006.0,3,251,0.0,0.06
12562,26,2014.0,0,126,0.0,0.06
12563,17,2016.0,0,499,0.0,0.06
12564,4,2010.0,3,122,0.06,0.06
12565,19,2005.0,10,275,0.05,0.06
12566,16,2000.0,10,499,0.0,0.06
12567,6,2003.0,4,487,0.04,0.06
12568,4,2010.0,5,162,0.0,0.06
12569,29,2004.0,3,323,0.04,0.06
12570,22,1994.0,7,445,0.0,0.06
12571,27,2013.0,0,85,0.05,0.06
12572,13,2008.0,0,547,0.02,0.06
12573,20,2015.0,7,499,0.0,0.06
12574,19,2010.0,3,47,0.0,0.06
12575,4,2010.0,11,524,0.05,0.06
12576,16,2007.0,10,347,0.0,0.06
12577,15,2002.0,10,347,0.03,0.06
12578,16,2009.0,2,135,0.0,0.06
12579,30,2016.0,0,524,0.02,0.06
12580,4,2007.0,7,472,0.05,0.06
12581,4,2005.0,0,275,0.05,0.06
12582,26,2011.0,8,53,0.06,0.06
12583,19,2006.0,0,53,0.05,0.06
12584,17,2009.0,3,455,0.0,0.06
12585,15,1995.0,5,413,0.03,0.06
12586,6,2005.0,0,109,0.04,0.06
12587,4,2006.0,10,138,0.05,0.06
12588,7,2003.0,0,85,0.05,0.06
12589,6,2002.0,1,60,0.04,0.06
12590,26,2011.0,1,501,0.05,0.06
12591,20,2016.0,0,347,0.0,0.06
12592,21,1995.0,1,562,0.0,0.06
12593,7,2002.0,10,21,0.05,0.06
12594,4,2009.0,3,379,0.0,0.06
12595,28,2014.0,7,120,0.03,0.06
12596,19,2012.0,9,347,0.0,0.06
12597,2,2015.0,0,166,0.0,0.06
12598,16,2005.0,0,499,0.03,0.06
12599,4,2011.0,5,430,0.0,0.06
12600,29,2005.0,10,493,0.04,0.06
12601,4,2007.0,5,137,0.05,0.06
12602,2,2013.0,7,263,0.0,0.06
12603,28,2008.0,0,137,0.05,0.06
12604,29,2003.0,11,445,0.04,0.06
12605,13,2010.0,10,275,0.0,0.06
12606,4,2007.0,5,395,0.05,0.06
12607,20,2014.0,2,39,0.03,0.06
12608,2,2014.0,7,347,0.0,0.06
12609,19,2005.0,7,232,0.05,0.06
12610,20,2014.0,1,347,0.0,0.06
12611,16,2001.0,8,4,0.03,0.06
12612,2,2014.0,7,299,0.0,0.06
12613,4,2005.0,5,53,0.05,0.06
12614,26,2010.0,3,296,0.06,0.06
12615,26,2009.0,0,460,0.05,0.06
12616,2,2016.0,0,347,0.0,0.06
12617,16,2006.0,0,6,0.0,0.06
12618,16,2004.0,10,232,0.03,0.06
12619,4,2006.0,3,359,0.0,0.06
12620,4,2008.0,1,275,0.03,0.06
12621,4,2011.0,9,524,0.05,0.06
12622,13,2007.0,8,487,0.01,0.06
12623,6,2004.0,10,53,0.04,0.06
12624,29,2004.0,0,126,0.04,0.06
12625,19,2012.0,0,7,0.0,0.06
12627,4,2008.0,0,347,0.0,0.06
12628,4,2008.0,11,347,0.0,0.06
12629,16,2006.0,6,347,0.03,0.06
12630,26,2011.0,4,101,0.05,0.06
12631,17,2016.0,3,347,0.0,0.06
12632,15,1999.0,0,413,0.03,0.06
12633,15,1996.0,2,17,0.03,0.06
12634,19,2012.0,0,347,0.0,0.06
12635,1,1995.0,1,275,0.0,0.06
12636,11,1989.0,5,208,0.06,0.06
12637,4,2010.0,3,347,0.0,0.06
12638,17,2015.0,1,501,0.02,0.06
12639,28,2010.0,8,21,0.05,0.06
12640,28,2008.0,0,499,0.04,0.06
12641,28,2007.0,8,21,0.05,0.06
12642,6,2004.0,6,564,0.04,0.06
12643,4,2012.0,5,430,0.0,0.06
12644,18,2016.0,7,464,0.0,0.06
12645,16,2010.0,8,455,0.03,0.06
12646,29,2005.0,9,66,0.04,0.06
12647,4,2007.0,10,138,0.05,0.06
12648,16,2008.0,3,387,0.0,0.06
12649,21,1996.0,9,346,0.0,0.06
12650,19,2012.0,7,347,0.0,0.06
12651,28,2009.0,0,460,0.05,0.06
12652,23,1993.0,4,275,0.0,0.06
12653,4,2006.0,5,275,0.05,0.06
12654,15,1997.0,0,275,0.03,0.06
12655,13,2009.0,0,138,0.0,0.06
12656,4,2010.0,7,301,0.0,0.06
12657,29,2002.0,1,524,0.04,0.06
12658,28,2011.0,0,499,0.0,0.06
12659,19,2007.0,2,201,0.0,0.06
12660,4,2005.0,8,296,0.05,0.06
12661,16,2006.0,3,275,0.03,0.06
12662,4,2007.0,2,492,0.0,0.06
12663,4,2008.0,7,464,0.0,0.06
12664,19,2011.0,1,109,0.0,0.06
12665,29,2002.0,0,499,0.04,0.06
12667,16,2006.0,8,524,0.03,0.06
12668,16,2006.0,8,137,0.03,0.06
12669,19,2005.0,7,324,0.05,0.06
12670,5,1991.0,0,275,0.0,0.06
12671,4,2010.0,1,275,0.05,0.06
12672,13,2005.0,9,138,0.01,0.06
12673,4,2011.0,4,430,0.04,0.06
12674,7,2003.0,0,85,0.04,0.06
12675,4,2008.0,10,493,0.05,0.06
12676,4,2008.0,10,524,0.05,0.06
12677,26,2009.0,10,112,0.04,0.06
12678,27,2014.0,0,21,0.03,0.06
12679,20,2015.0,1,362,0.0,0.06
12680,15,1998.0,2,437,0.0,0.06
12681,4,2009.0,5,122,0.06,0.06
12682,17,2008.0,0,232,0.05,0.06
12683,2,2016.0,3,361,0.0,0.06
12684,13,2001.0,0,138,0.01,0.06
12685,19,2009.0,10,455,0.0,0.06
12686,4,2006.0,0,460,0.05,0.06
12687,29,2004.0,0,138,0.04,0.06
12688,13,2014.0,0,464,0.0,0.06
12689,18,2015.0,0,499,0.01,0.06
12690,4,2011.0,3,176,0.0,0.06
12691,4,2008.0,9,316,0.05,0.06
12692,18,2015.0,1,37,0.0,0.06
12693,28,2013.0,6,120,0.04,0.06
12694,21,1998.0,4,445,0.0,0.06
12695,16,2007.0,7,362,0.03,0.06
12696,4,2010.0,0,492,0.0,0.06
12697,15,1999.0,10,246,0.03,0.06
12698,6,2001.0,7,275,0.04,0.06
12699,15,2000.0,0,241,0.03,0.06
12700,23,1992.0,2,275,0.0,0.06
12701,16,2002.0,10,125,0.0,0.06
12702,26,2008.0,3,325,0.03,0.06
12703,13,2009.0,4,138,0.0,0.06
12704,19,2006.0,7,53,0.05,0.06
12705,6,2003.0,0,53,0.04,0.06
12706,19,2006.0,3,445,0.0,0.06
12707,17,2011.0,6,152,0.05,0.06
12708,16,2000.0,10,499,0.0,0.06
12710,29,2005.0,0,436,0.04,0.06
12711,20,2014.0,7,464,0.0,0.06
12712,7,2006.0,0,524,0.04,0.06
12713,19,2011.0,7,275,0.0,0.06
12714,4,2009.0,2,492,0.0,0.06
12715,4,2008.0,7,362,0.05,0.06
12716,13,2006.0,7,487,0.01,0.06
12717,4,2007.0,3,85,0.0,0.06
12718,19,2009.0,0,347,0.0,0.06
12719,16,2007.0,2,455,0.0,0.06
12720,16,2004.0,0,445,0.03,0.06
12721,16,2006.0,0,347,0.0,0.06
12722,15,2001.0,8,241,0.03,0.06
12723,15,1995.0,2,372,0.03,0.06
12724,7,2005.0,10,138,0.04,0.06
12725,16,2001.0,7,455,0.02,0.06
12726,18,2015.0,10,524,0.0,0.06
12727,7,2003.0,7,21,0.04,0.06
12728,7,2002.0,10,17,0.04,0.06
12729,18,2015.0,0,499,0.03,0.06
12730,13,1999.0,0,138,0.0,0.06
12731,7,2005.0,0,85,0.04,0.06
12732,28,2006.0,11,138,0.0,0.06
12733,4,2007.0,7,499,0.0,0.06
12734,4,2007.0,7,430,0.05,0.06
12735,20,2012.0,10,275,0.0,0.06
12736,17,2015.0,0,499,0.0,0.06
12737,4,2006.0,8,53,0.05,0.06
12738,4,2005.0,10,138,0.05,0.06
12739,26,2009.0,11,347,0.0,0.06
12740,15,1997.0,1,455,0.03,0.06
12741,16,2005.0,3,304,0.03,0.06
12742,19,2012.0,0,230,0.0,0.06
12743,7,2002.0,6,21,0.04,0.06
12744,20,2013.0,1,455,0.01,0.06
12745,16,2007.0,3,109,0.0,0.06
12746,16,2004.0,6,91,0.03,0.06
12747,2,2012.0,7,281,0.0,0.06
12748,29,2002.0,4,325,0.04,0.06
12750,13,2006.0,7,257,0.0,0.06
12751,17,2014.0,7,28,0.03,0.06
12752,6,2005.0,3,564,0.04,0.06
12753,4,2009.0,9,57,0.05,0.06
12754,20,2012.0,1,263,0.0,0.06
12755,4,2010.0,1,370,0.02,0.06
12756,19,2013.0,0,347,0.0,0.06
12757,26,2010.0,10,57,0.05,0.06
12758,16,2010.0,0,547,0.03,0.06
12759,26,2009.0,5,460,0.05,0.06
12760,23,1995.0,4,148,0.0,0.06
12761,21,1994.0,1,476,0.0,0.06
12762,13,2010.0,6,91,0.0,0.06
12763,19,2011.0,1,263,0.0,0.06
12764,15,1996.0,6,330,0.03,0.06
12765,13,2012.0,1,112,0.0,0.06
12766,13,2011.0,9,153,0.0,0.06
12767,16,2000.0,1,499,0.0,0.06
12768,4,2009.0,9,120,0.05,0.06
12769,4,2009.0,10,6,0.05,0.06
12770,7,2005.0,9,359,0.0,0.06
12771,16,2000.0,11,324,0.0,0.06
12772,4,2007.0,3,347,0.0,0.06
12773,6,2002.0,6,487,0.04,0.06
12774,16,2002.0,10,275,0.03,0.06
12775,4,2009.0,10,275,0.0,0.06
12776,16,2008.0,1,146,0.0,0.06
12777,15,2000.0,1,524,0.03,0.06
12778,29,2006.0,10,138,0.04,0.06
12779,15,1998.0,6,491,0.0,0.06
12780,19,2006.0,5,53,0.05,0.06
12781,6,2002.0,0,543,0.04,0.06
12782,18,2015.0,10,367,0.0,0.06
12783,2,2011.0,11,347,0.0,0.06
12784,6,2004.0,5,296,0.04,0.06
12785,2,2011.0,7,20,0.0,0.06
12786,4,2009.0,11,70,0.05,0.06
12787,12,1996.0,2,437,0.0,0.06
12788,16,2005.0,3,547,0.03,0.06
12789,4,2008.0,9,102,0.0,0.06
12790,16,2007.0,10,53,0.03,0.06
12791,26,2009.0,0,109,0.05,0.06
12792,21,1995.0,8,55,0.0,0.06
12793,4,2009.0,9,524,0.05,0.06
12794,19,2010.0,9,109,0.0,0.06
12795,7,2004.0,8,524,0.04,0.06
12796,15,1997.0,8,455,0.03,0.06
12797,4,2008.0,4,77,0.05,0.06
12798,17,2015.0,10,21,0.04,0.06
12799,15,1995.0,2,17,0.03,0.06
12800,18,2015.0,10,69,0.0,0.06
12801,6,2004.0,10,21,0.04,0.06
12802,18,2015.0,7,362,0.02,0.06
12803,21,1997.0,4,85,0.0,0.06
12804,16,2002.0,6,53,0.03,0.06
12805,18,2014.0,11,499,0.0,0.06
12806,29,2003.0,6,137,0.04,0.06
12808,2,2011.0,10,347,0.0,0.06
12809,15,1996.0,6,253,0.03,0.06
12810,26,2008.0,10,53,0.04,0.06
12811,26,2010.0,10,460,0.05,0.06
12812,7,2004.0,11,445,0.04,0.06
12813,29,2002.0,8,485,0.04,0.06
12814,3,2000.0,10,275,0.0,0.06
12815,16,2004.0,0,60,0.03,0.06
12816,19,2010.0,7,55,0.0,0.06
12817,19,2006.0,3,21,0.05,0.06
12818,19,2006.0,4,275,0.05,0.06
12819,28,2008.0,3,187,0.05,0.06
12820,16,2005.0,6,455,0.03,0.06
12821,27,2015.0,0,367,0.03,0.05
12822,19,2013.0,1,263,0.0,0.05
12823,13,2009.0,5,303,0.0,0.05
12824,21,1998.0,11,445,0.0,0.05
12826,13,2011.0,9,265,0.0,0.05
12827,6,2002.0,11,524,0.04,0.05
12828,6,2002.0,7,348,0.04,0.05
12829,13,2007.0,8,138,0.0,0.05
12830,28,2015.0,0,138,0.05,0.05
12831,16,2006.0,0,85,0.03,0.05
12832,29,2003.0,6,17,0.04,0.05
12833,4,2008.0,3,257,0.05,0.05
12834,6,2005.0,11,53,0.04,0.05
12835,18,2016.0,0,347,0.0,0.05
12836,13,2011.0,9,524,0.0,0.05
12837,29,2003.0,0,17,0.04,0.05
12838,4,2008.0,1,142,0.04,0.05
12839,4,2010.0,3,347,0.0,0.05
12840,19,2007.0,10,445,0.02,0.05
12841,16,2002.0,5,85,0.03,0.05
12842,4,2006.0,0,275,0.05,0.05
12843,15,1997.0,10,540,0.03,0.05
12844,15,1996.0,10,520,0.03,0.05
12845,4,2009.0,3,509,0.0,0.05
12846,19,2008.0,0,461,0.0,0.05
12847,4,2008.0,10,6,0.04,0.05
12848,26,2009.0,5,330,0.0,0.05
12849,7,2003.0,7,445,0.04,0.05
12850,20,2015.0,0,499,0.0,0.05
12851,17,2013.0,0,85,0.01,0.05
12852,4,2008.0,11,464,0.0,0.05
12853,20,2015.0,3,445,0.0,0.05
12854,16,2002.0,7,455,0.03,0.05
12855,4,2011.0,5,57,0.02,0.05
12856,7,2001.0,10,17,0.04,0.05
12857,20,2015.0,3,264,0.0,0.05
12858,4,2008.0,0,460,0.05,0.05
12859,20,2015.0,0,28,0.01,0.05
12860,13,2009.0,1,160,0.0,0.05
12861,4,2010.0,9,381,0.04,0.05
12862,6,2003.0,9,121,0.04,0.05
12863,16,2006.0,0,53,0.03,0.05
12864,4,2010.0,3,128,0.05,0.05
12865,29,2002.0,10,445,0.04,0.05
12866,16,2010.0,1,230,0.0,0.05
12867,26,2009.0,11,402,0.05,0.05
12868,7,2002.0,0,137,0.04,0.05
12869,28,2016.0,10,493,0.04,0.05
12870,19,2010.0,0,499,0.0,0.05
12871,13,2010.0,8,464,0.05,0.05
12872,29,2004.0,6,198,0.04,0.05
12873,29,2003.0,8,564,0.04,0.05
12874,19,2011.0,11,347,0.0,0.05
12875,19,2011.0,0,461,0.0,0.05
12876,16,2001.0,10,275,0.03,0.05
12877,15,1998.0,10,275,0.03,0.05
12878,29,2005.0,0,499,0.04,0.05
12880,6,2004.0,5,347,0.0,0.05
12881,6,2002.0,10,138,0.04,0.05
12882,16,2004.0,9,499,0.03,0.05
12883,27,2015.0,0,286,0.03,0.05
12884,26,2008.0,11,566,0.05,0.05
12885,16,2006.0,2,455,0.0,0.05
12886,16,2001.0,8,455,0.03,0.05
12887,2,2015.0,1,549,0.05,0.05
12888,29,2006.0,10,325,0.04,0.05
12889,4,2009.0,3,39,0.05,0.05
12890,4,2008.0,1,524,0.05,0.05
12891,20,2015.0,0,499,0.0,0.05
12892,4,2006.0,3,445,0.0,0.05
12893,29,2004.0,10,138,0.04,0.05
12894,6,2002.0,7,490,0.04,0.05
12895,26,2009.0,3,296,0.05,0.05
12896,7,2003.0,4,347,0.0,0.05
12897,15,2002.0,2,347,0.0,0.05
12898,4,2010.0,1,528,0.04,0.05
12899,13,2016.0,7,347,0.0,0.05
12900,7,2003.0,7,524,0.04,0.05
12901,13,2010.0,0,524,0.0,0.05
12902,29,2002.0,4,241,0.04,0.05
12903,23,1995.0,1,384,0.0,0.05
12904,28,2011.0,2,381,0.0,0.05
12905,16,2002.0,5,324,0.0,0.05
12906,16,2003.0,4,278,0.03,0.05
12907,26,2009.0,5,445,0.0,0.05
12908,4,2010.0,9,21,0.05,0.05
12909,4,2010.0,9,524,0.05,0.05
12910,28,2015.0,10,69,0.0,0.05
12911,29,2003.0,10,325,0.04,0.05
12912,19,2011.0,10,493,0.05,0.05
12913,20,2016.0,0,78,0.0,0.05
12914,26,2013.0,3,347,0.0,0.05
12916,2,2015.0,0,166,0.0,0.05
12917,2,2013.0,0,347,0.0,0.05
12918,20,2014.0,11,499,0.0,0.05
12919,15,1995.0,6,138,0.03,0.05
12920,13,2009.0,7,112,0.0,0.05
12921,4,2009.0,7,200,0.05,0.05
12923,29,2003.0,10,21,0.04,0.05
12924,4,2010.0,6,524,0.03,0.05
12925,18,2016.0,0,524,0.0,0.05
12926,26,2007.0,0,366,0.05,0.05
12927,23,1993.0,7,148,0.0,0.05
12928,16,2006.0,0,347,0.03,0.05
12930,17,2016.0,0,21,0.01,0.05
12931,4,2007.0,0,492,0.0,0.05
12932,20,2016.0,3,37,0.0,0.05
12933,20,2015.0,1,7,0.0,0.05
12934,15,1999.0,2,438,0.03,0.05
12935,4,2010.0,0,224,0.0,0.05
12936,4,2009.0,7,14,0.0,0.05
12937,15,1997.0,4,203,0.03,0.05
12938,13,2016.0,10,138,0.0,0.05
12939,2,2012.0,0,347,0.0,0.05
12940,17,2014.0,6,499,0.0,0.05
12941,29,2004.0,0,275,0.04,0.05
12942,28,2010.0,8,430,0.0,0.05
12943,15,1999.0,10,347,0.03,0.05
12944,28,2007.0,10,138,0.04,0.05
12945,8,1993.0,4,445,0.0,0.05
12946,13,2011.0,0,66,0.03,0.05
12947,17,2012.0,8,347,0.0,0.05
12948,18,2015.0,7,367,0.04,0.05
12949,19,2012.0,7,55,0.0,0.05
12950,29,2002.0,4,524,0.04,0.05
12951,16,2006.0,7,430,0.0,0.05
12952,13,2013.0,8,493,0.0,0.05
12953,29,2005.0,1,524,0.04,0.05
12954,2,2016.0,11,359,0.0,0.05
12955,26,2010.0,9,52,0.05,0.05
12956,23,1993.0,3,90,0.0,0.05
12957,26,2007.0,5,409,0.05,0.05
12958,30,2015.0,0,524,0.05,0.05
12959,16,2004.0,7,42,0.03,0.05
12960,20,2015.0,7,109,0.0,0.05
12961,19,2009.0,9,200,0.05,0.05
12962,13,2011.0,9,390,0.0,0.05
12963,4,2009.0,0,402,0.05,0.05
12964,7,2002.0,10,445,0.01,0.05
12965,4,2009.0,2,109,0.05,0.05
12966,4,2007.0,0,182,0.03,0.05
12967,19,2007.0,0,122,0.05,0.05
12968,19,2009.0,2,85,0.0,0.05
12969,19,2007.0,8,232,0.02,0.05
12970,4,2006.0,0,165,0.03,0.05
12971,22,1994.0,3,445,0.0,0.05
12972,7,2002.0,4,524,0.04,0.05
12973,4,2008.0,5,257,0.05,0.05
12974,16,2006.0,0,347,0.0,0.05
12975,28,2011.0,9,347,0.0,0.05
12976,19,2006.0,5,109,0.04,0.05
12977,26,2009.0,1,72,0.0,0.05
12978,16,2004.0,6,152,0.03,0.05
12979,4,2008.0,9,128,0.05,0.05
12980,16,2008.0,10,275,0.0,0.05
12981,4,2007.0,0,365,0.05,0.05
12982,19,2009.0,0,499,0.0,0.05
12983,4,2008.0,9,137,0.05,0.05
12984,29,2003.0,0,445,0.04,0.05
12985,16,2005.0,0,257,0.03,0.05
12986,7,2003.0,4,199,0.04,0.05
12987,18,2016.0,10,499,0.0,0.05
12988,4,2010.0,5,430,0.04,0.05
12989,29,2004.0,7,56,0.04,0.05
12990,4,2006.0,0,182,0.05,0.05
12991,19,2012.0,1,263,0.0,0.05
12992,29,2003.0,6,91,0.04,0.05
12993,26,2009.0,0,378,0.05,0.05
12994,4,2008.0,7,469,0.05,0.05
12995,29,2004.0,5,6,0.04,0.05
12996,29,2002.0,6,21,0.04,0.05
12997,6,2003.0,4,487,0.04,0.05
12998,28,2010.0,2,275,0.05,0.05
12999,4,2007.0,9,137,0.0,0.05
13000,17,2014.0,7,362,0.03,0.05
13001,7,2005.0,3,101,0.04,0.05
13002,16,2002.0,6,455,0.03,0.05
13003,28,2010.0,8,6,0.05,0.05
13004,20,2015.0,7,362,0.02,0.05
13005,4,2007.0,9,149,0.05,0.05
13006,4,2006.0,5,121,0.05,0.05
13007,4,2007.0,5,137,0.05,0.05
13008,15,1998.0,0,478,0.03,0.05
13009,4,2010.0,2,224,0.0,0.05
13010,16,2002.0,1,4,0.03,0.05
13011,4,2010.0,7,146,0.0,0.05
13012,18,2015.0,10,69,0.0,0.05
13013,18,2015.0,8,557,0.02,0.05
13014,4,2009.0,10,493,0.05,0.05
13015,4,2008.0,7,445,0.0,0.05
13016,19,2010.0,2,460,0.05,0.05
13017,20,2015.0,4,21,0.03,0.05
13018,23,1991.0,7,269,0.0,0.05
13019,4,2008.0,8,91,0.03,0.05
13020,20,2016.0,7,464,0.0,0.05
13021,13,2007.0,9,323,0.0,0.05
13022,19,2010.0,1,455,0.0,0.05
13023,13,2015.0,2,547,0.01,0.05
13024,4,2006.0,5,359,0.0,0.05
13025,20,2015.0,0,298,0.0,0.05
13026,6,2003.0,10,232,0.04,0.05
13027,6,2005.0,7,53,0.04,0.05
13028,19,2010.0,10,499,0.0,0.05
13029,18,2016.0,6,6,0.0,0.05
13030,15,2001.0,6,524,0.03,0.05
13031,16,2008.0,2,85,0.0,0.05
13032,13,2009.0,11,407,0.0,0.05
13033,4,2006.0,10,493,0.05,0.05
13034,4,2006.0,7,445,0.0,0.05
13035,4,2007.0,0,55,0.05,0.05
13036,17,2010.0,1,230,0.02,0.05
13037,4,2007.0,1,438,0.0,0.05
13038,13,2005.0,8,288,0.0,0.05
13039,19,2010.0,3,47,0.0,0.05
13040,6,2003.0,10,138,0.04,0.05
13041,19,2004.0,9,6,0.05,0.05
13042,16,2002.0,6,56,0.03,0.05
13043,13,2008.0,5,407,0.01,0.05
13044,13,2016.0,2,85,0.0,0.05
13045,16,2009.0,1,412,0.0,0.05
13046,28,2014.0,8,347,0.02,0.05
13047,26,2009.0,3,565,0.05,0.05
13048,7,2002.0,3,138,0.04,0.05
13049,4,2004.0,10,275,0.0,0.05
13050,13,2014.0,1,160,0.0,0.05
13051,26,2007.0,3,53,0.05,0.05
13052,4,2009.0,7,347,0.0,0.05
13053,4,2008.0,1,120,0.04,0.05
13054,15,2001.0,1,399,0.0,0.05
13056,29,2002.0,9,393,0.03,0.05
13057,13,2011.0,11,1,0.01,0.05
13058,4,2011.0,5,53,0.05,0.05
13059,16,2001.0,10,499,0.02,0.05
13060,15,1999.0,0,241,0.03,0.05
13061,4,2009.0,3,524,0.05,0.05
13062,4,2010.0,9,122,0.05,0.05
13063,4,2005.0,1,21,0.05,0.05
13064,17,2011.0,3,347,0.0,0.05
13065,15,2000.0,6,505,0.03,0.05
13066,15,1998.0,8,497,0.03,0.05
13067,3,2000.0,8,445,0.0,0.05
13068,4,2009.0,1,347,0.0,0.05
13069,4,2011.0,3,528,0.05,0.05
13070,18,2014.0,7,524,0.0,0.05
13071,19,2006.0,4,21,0.05,0.05
13072,26,2009.0,6,367,0.03,0.05
13073,19,2012.0,0,347,0.0,0.05
13074,26,2010.0,1,53,0.05,0.05
13075,20,2015.0,1,37,0.0,0.05
13076,4,2006.0,3,359,0.0,0.05
13077,7,2003.0,3,485,0.04,0.05
13078,7,2003.0,6,524,0.04,0.05
13079,15,1998.0,6,255,0.0,0.05
13080,20,2016.0,7,166,0.0,0.05
13081,20,2015.0,1,381,0.0,0.05
13082,4,2007.0,0,347,0.0,0.05
13083,10,1999.0,10,275,0.05,0.05
13084,28,2009.0,3,323,0.0,0.05
13085,4,2009.0,9,419,0.0,0.05
13086,4,2009.0,7,160,0.05,0.05
13087,7,2004.0,1,91,0.04,0.05
13088,15,1995.0,8,455,0.03,0.05
13089,21,1995.0,3,445,0.0,0.05
13090,6,2001.0,5,445,0.04,0.05
13091,19,2010.0,1,14,0.0,0.05
13092,20,2014.0,7,347,0.0,0.05
13093,16,2006.0,0,20,0.0,0.05
13094,7,2002.0,2,275,0.0,0.05
13095,18,2016.0,7,160,0.01,0.05
13096,20,2012.0,6,109,0.02,0.05
13097,16,2006.0,2,275,0.0,0.05
13098,26,2009.0,9,6,0.04,0.05
13099,4,2008.0,6,529,0.05,0.05
13100,13,2016.0,4,138,0.01,0.05
13101,6,2003.0,0,485,0.04,0.05
13102,16,2005.0,8,138,0.0,0.05
13103,13,2014.0,0,547,0.0,0.05
13104,29,2004.0,0,17,0.04,0.05
13105,26,2009.0,11,347,0.0,0.05
13106,27,2013.0,4,347,0.04,0.05
13107,7,2002.0,10,275,0.04,0.05
13108,17,2011.0,10,112,0.0,0.05
13109,16,2006.0,6,445,0.02,0.05
13110,10,2000.0,4,540,0.04,0.05
13111,4,2011.0,7,528,0.0,0.05
13112,10,1999.0,10,524,0.04,0.05
13113,10,2000.0,7,508,0.04,0.05
13114,10,1997.0,2,224,0.04,0.05
13115,10,1999.0,2,238,0.04,0.05
13116,10,1998.0,4,241,0.04,0.05
13117,4,2007.0,3,461,0.0,0.05
13118,16,2007.0,3,251,0.0,0.05
13119,17,2009.0,10,499,0.0,0.05
13120,29,2003.0,7,330,0.04,0.05
13121,23,1995.0,10,347,0.0,0.05
13122,26,2009.0,10,67,0.0,0.05
13123,18,2015.0,1,381,0.0,0.05
13124,30,2015.0,0,286,0.02,0.05
13125,15,1999.0,0,12,0.03,0.05
13126,17,2013.0,10,499,0.0,0.05
13127,13,2009.0,6,91,0.0,0.05
13128,4,2012.0,0,347,0.0,0.05
13129,6,2003.0,0,355,0.04,0.05
13130,26,2007.0,1,566,0.04,0.05
13131,20,2013.0,7,362,0.0,0.05
13132,4,2006.0,2,296,0.05,0.05
13133,7,2002.0,10,487,0.04,0.05
13134,13,2010.0,8,303,0.0,0.05
13135,4,2010.0,1,347,0.0,0.05
13136,4,2008.0,4,232,0.05,0.05
13137,6,2002.0,5,296,0.04,0.05
13138,18,2015.0,0,85,0.0,0.05
13139,13,2004.0,11,487,0.01,0.05
13140,19,2006.0,1,347,0.0,0.05
13141,23,1994.0,3,533,0.0,0.05
13142,19,2010.0,1,7,0.0,0.05
13143,4,2011.0,5,528,0.0,0.05
13144,15,1996.0,1,413,0.03,0.05
13145,17,2008.0,3,187,0.05,0.05
13146,6,2003.0,5,21,0.04,0.05
13147,23,1993.0,10,332,0.0,0.05
13148,28,2014.0,0,499,0.03,0.05
13149,16,2004.0,1,499,0.0,0.05
13150,7,2005.0,4,198,0.04,0.05
13151,13,2006.0,6,138,0.0,0.05
13152,19,2006.0,10,348,0.05,0.05
13153,4,2008.0,4,524,0.03,0.05
13154,26,2009.0,10,460,0.05,0.05
13155,2,2012.0,0,281,0.0,0.05
13157,28,2012.0,10,323,0.02,0.05
13158,19,2010.0,1,14,0.0,0.05
13159,6,2005.0,0,564,0.04,0.05
13160,4,2006.0,0,182,0.04,0.05
13161,16,2006.0,1,275,0.0,0.05
13162,19,2010.0,7,461,0.0,0.05
13163,26,2011.0,3,347,0.04,0.05
13164,16,2007.0,2,445,0.0,0.05
13165,4,2006.0,3,275,0.0,0.05
13166,16,2001.0,4,324,0.02,0.05
13167,13,2001.0,11,543,0.0,0.05
13168,2,2013.0,7,464,0.0,0.05
13169,21,1995.0,5,445,0.0,0.05
13170,18,2016.0,10,160,0.0,0.05
13171,15,1996.0,8,347,0.0,0.05
13172,7,2003.0,0,269,0.04,0.05
13173,4,2008.0,3,522,0.05,0.05
13174,30,2016.0,6,328,0.02,0.05
13175,28,2007.0,10,445,0.03,0.05
13176,16,2000.0,9,275,0.0,0.05
13177,4,2007.0,11,275,0.0,0.05
13178,16,2006.0,6,198,0.02,0.05
13179,13,2003.0,9,323,0.02,0.05
13180,16,2001.0,4,128,0.02,0.05
13181,13,2009.0,8,91,0.01,0.05
13182,16,2007.0,1,6,0.0,0.05
13183,26,2007.0,3,490,0.05,0.05
13184,4,2008.0,3,509,0.04,0.05
13185,29,2003.0,8,487,0.04,0.05
13186,16,2001.0,9,275,0.0,0.05
13187,4,2008.0,3,64,0.0,0.05
13188,2,2012.0,0,191,0.0,0.05
13189,13,2009.0,0,21,0.02,0.05
13190,26,2012.0,3,359,0.0,0.05
13191,19,2006.0,6,21,0.04,0.05
13192,6,2004.0,0,221,0.03,0.05
13193,4,2008.0,3,275,0.0,0.05
13194,26,2006.0,0,325,0.04,0.05
13195,19,2011.0,7,362,0.0,0.05
13196,7,2002.0,10,543,0.04,0.05
13197,13,2010.0,3,547,0.05,0.05
13198,6,2002.0,3,232,0.03,0.05
13199,16,2011.0,10,493,0.02,0.05
13200,6,2004.0,3,296,0.03,0.05
13201,15,2000.0,10,241,0.03,0.05
13202,17,2010.0,1,37,0.0,0.05
13203,4,2008.0,1,499,0.0,0.05
13204,15,1998.0,3,179,0.0,0.05
13205,26,2006.0,11,347,0.0,0.05
13206,4,2008.0,9,122,0.05,0.05
13207,6,2001.0,5,524,0.03,0.05
13208,4,2010.0,2,460,0.05,0.05
13209,17,2013.0,0,109,0.02,0.05
13210,6,2002.0,5,17,0.03,0.05
13211,16,2001.0,6,508,0.02,0.05
13212,26,2011.0,8,381,0.04,0.05
13213,3,1999.0,10,445,0.0,0.05
13214,4,2007.0,1,275,0.0,0.05
13215,30,2015.0,0,499,0.03,0.05
13216,21,1996.0,8,55,0.0,0.05
13217,7,2005.0,3,23,0.04,0.05
13218,23,1995.0,8,275,0.0,0.05
13219,23,1995.0,3,491,0.0,0.05
13220,26,2010.0,10,514,0.02,0.05
13221,16,2010.0,10,275,0.0,0.05
13222,15,1995.0,4,520,0.03,0.05
13223,4,2011.0,5,470,0.04,0.05
13224,19,2008.0,7,230,0.04,0.05
13225,13,2003.0,6,138,0.0,0.05
13226,2,2015.0,0,30,0.0,0.05
13227,6,2002.0,8,60,0.03,0.05
13228,13,2010.0,11,496,0.0,0.05
13229,13,1998.0,11,21,0.0,0.05
13230,16,2008.0,1,560,0.0,0.05
13231,4,2007.0,4,487,0.04,0.05
13232,17,2016.0,10,493,0.03,0.05
13233,19,2009.0,7,230,0.04,0.05
13234,16,2005.0,7,347,0.02,0.05
13235,21,1995.0,1,448,0.0,0.05
13236,16,2004.0,10,455,0.02,0.05
13237,6,2006.0,0,487,0.03,0.05
13238,16,2002.0,7,230,0.0,0.05
13239,4,2008.0,3,492,0.0,0.05
13240,16,2007.0,11,499,0.01,0.05
13241,23,1996.0,10,224,0.0,0.05
13242,3,2001.0,2,85,0.0,0.05
13243,21,1994.0,2,445,0.0,0.05
13244,29,2005.0,0,275,0.04,0.05
13245,4,2007.0,1,275,0.0,0.05
13246,20,2013.0,4,480,0.02,0.05
13247,29,2005.0,10,138,0.04,0.05
13248,6,2003.0,6,21,0.03,0.05
13249,29,2005.0,3,142,0.04,0.05
13250,13,2004.0,8,524,0.0,0.05
13251,15,1998.0,4,133,0.03,0.05
13252,19,2006.0,0,499,0.04,0.05
13253,4,2011.0,1,347,0.0,0.05
13254,16,2007.0,7,55,0.0,0.05
13255,23,1995.0,5,410,0.0,0.05
13256,4,2007.0,5,232,0.04,0.05
13257,6,2001.0,10,467,0.03,0.05
13258,7,2005.0,6,21,0.04,0.05
13259,28,2008.0,0,23,0.04,0.05
13260,18,2015.0,7,347,0.0,0.05
13261,19,2006.0,4,85,0.0,0.05
13262,16,2006.0,10,138,0.02,0.05
13263,29,2004.0,0,323,0.04,0.05
13264,28,2008.0,10,349,0.04,0.05
13265,7,2002.0,10,138,0.04,0.05
13266,29,2004.0,6,91,0.04,0.05
13267,20,2016.0,0,347,0.0,0.05
13268,19,2011.0,7,347,0.0,0.05
13269,13,2010.0,9,390,0.0,0.05
13270,15,1995.0,5,313,0.03,0.05
13271,4,2011.0,10,275,0.0,0.05
13272,15,1999.0,11,499,0.03,0.05
13273,2,2013.0,1,347,0.0,0.05
13274,13,2009.0,10,138,0.0,0.05
13275,19,2013.0,3,230,0.0,0.05
13276,29,2005.0,6,564,0.04,0.05
13277,16,2008.0,3,210,0.0,0.05
13279,7,2003.0,10,53,0.04,0.05
13280,15,1996.0,10,203,0.03,0.05
13281,19,2007.0,10,347,0.01,0.05
13282,19,2012.0,1,230,0.0,0.05
13283,4,2008.0,0,275,0.0,0.05
13284,7,2003.0,7,487,0.04,0.05
13285,18,2015.0,0,120,0.0,0.05
13286,17,2010.0,8,99,0.04,0.05
13287,13,2000.0,9,138,0.01,0.05
13288,30,2015.0,7,120,0.04,0.05
13289,4,2008.0,9,524,0.04,0.05
13290,17,2012.0,8,85,0.0,0.05
13291,16,2007.0,7,499,0.0,0.05
13292,4,2009.0,5,51,0.03,0.05
13293,4,2009.0,1,304,0.04,0.05
13294,4,2008.0,1,564,0.04,0.05
13295,6,2001.0,10,275,0.03,0.05
13296,4,2008.0,0,347,0.0,0.05
13297,13,2013.0,8,6,0.04,0.05
13298,13,2015.0,11,265,0.0,0.05
13299,17,2015.0,10,69,0.0,0.05
13300,4,2010.0,10,470,0.04,0.05
13301,13,2006.0,11,487,0.0,0.05
13302,28,2011.0,3,292,0.04,0.05
13303,4,2008.0,3,430,0.04,0.05
13304,2,2013.0,0,85,0.0,0.05
13305,6,2002.0,2,17,0.03,0.05
13306,13,2007.0,9,524,0.0,0.05
13307,16,2004.0,10,255,0.02,0.05
13308,6,2002.0,6,53,0.03,0.05
13309,4,2008.0,7,472,0.04,0.05
13310,29,2002.0,2,323,0.04,0.05
13311,8,1993.0,7,445,0.0,0.05
13312,28,2010.0,6,323,0.0,0.05
13313,29,2004.0,8,198,0.04,0.05
13314,26,2009.0,1,359,0.0,0.05
13315,15,1998.0,11,499,0.03,0.05
13316,17,2011.0,1,37,0.0,0.05
13317,19,2011.0,1,347,0.0,0.05
13318,16,2006.0,0,347,0.0,0.05
13319,7,2005.0,4,275,0.04,0.05
13320,19,2006.0,1,347,0.04,0.05
13321,13,2011.0,10,222,0.0,0.05
13322,4,2009.0,9,120,0.04,0.05
13323,26,2006.0,3,21,0.04,0.05
13324,17,2011.0,3,70,0.01,0.05
13325,29,2005.0,8,296,0.04,0.05
13326,17,2013.0,1,455,0.0,0.05
13327,26,2007.0,6,318,0.04,0.05
13328,26,2007.0,10,460,0.04,0.05
13329,13,2001.0,9,323,0.0,0.05
13330,29,2002.0,7,55,0.0,0.05
13331,15,1995.0,8,138,0.03,0.05
13332,15,2001.0,7,306,0.03,0.05
13333,4,2006.0,5,53,0.04,0.05
13334,19,2006.0,10,23,0.04,0.05
13335,26,2006.0,9,275,0.03,0.05
13336,17,2015.0,1,37,0.0,0.05
13337,4,2009.0,0,324,0.0,0.05
13338,13,2007.0,11,487,0.0,0.05
13339,29,2002.0,0,255,0.03,0.05
13340,13,2015.0,6,91,0.0,0.05
13341,26,2011.0,11,347,0.0,0.05
13342,4,2008.0,7,464,0.0,0.05
13343,4,2010.0,6,524,0.04,0.05
13344,26,2008.0,3,296,0.04,0.05
13345,4,2005.0,5,53,0.04,0.05
13346,18,2015.0,1,501,0.04,0.05
13347,15,2001.0,8,347,0.03,0.05
13348,19,2006.0,7,275,0.04,0.05
13349,4,2011.0,0,347,0.0,0.05
13350,15,1996.0,1,138,0.03,0.05
13351,7,2003.0,2,543,0.04,0.05
13352,26,2007.0,9,6,0.04,0.05
13353,4,2008.0,1,109,0.04,0.05
13354,28,2013.0,0,21,0.0,0.05
13355,28,2006.0,3,378,0.04,0.05
13356,28,2012.0,6,53,0.04,0.05
13357,7,2005.0,8,524,0.04,0.05
13358,13,2011.0,10,138,0.0,0.05
13359,29,2006.0,11,487,0.03,0.05
13360,4,2010.0,10,39,0.04,0.05
13361,20,2014.0,1,362,0.0,0.05
13362,4,2007.0,0,524,0.03,0.05
13363,10,1997.0,8,17,0.0,0.05
13364,20,2014.0,5,445,0.0,0.05
13365,19,2006.0,3,347,0.0,0.05
13366,16,2001.0,3,487,0.02,0.05
13367,7,2003.0,5,255,0.04,0.05
13368,13,2002.0,0,493,0.0,0.05
13369,28,2008.0,10,21,0.04,0.05
13370,17,2013.0,6,120,0.02,0.05
13371,26,2007.0,1,564,0.04,0.05
13372,26,2007.0,5,6,0.04,0.05
13373,20,2013.0,1,39,0.03,0.05
13374,13,2009.0,1,112,0.0,0.05
13375,20,2012.0,1,281,0.0,0.05
13376,19,2012.0,3,230,0.0,0.05
13377,19,2006.0,3,455,0.04,0.05
13378,4,2004.0,6,67,0.04,0.05
13379,20,2011.0,1,87,0.0,0.05
13380,29,2004.0,3,101,0.03,0.05
13381,4,2007.0,4,395,0.04,0.05
13382,15,1999.0,6,241,0.03,0.05
13383,26,2007.0,8,6,0.04,0.05
13384,7,2002.0,6,524,0.04,0.05
13385,4,2008.0,5,120,0.04,0.05
13386,26,2007.0,0,493,0.04,0.05
13387,7,2002.0,6,53,0.04,0.05
13388,16,2001.0,0,455,0.0,0.05
13389,28,2015.0,10,524,0.0,0.05
13390,29,2002.0,10,91,0.03,0.05
13391,20,2014.0,0,166,0.0,0.05
13392,6,2005.0,4,347,0.03,0.05
13393,4,2008.0,1,430,0.04,0.05
13394,19,2006.0,6,556,0.04,0.05
13395,28,2007.0,10,23,0.04,0.05
13396,19,2012.0,0,230,0.0,0.05
13397,2,2011.0,3,112,0.0,0.05
13398,4,2008.0,1,230,0.0,0.05
13399,4,2006.0,1,564,0.04,0.05
13400,28,2010.0,8,99,0.04,0.05
13401,19,2011.0,1,95,0.0,0.05
13402,20,2015.0,6,347,0.0,0.05
13403,13,2007.0,9,335,0.0,0.05
13404,15,1999.0,1,137,0.03,0.05
13405,2,2011.0,8,53,0.04,0.05
13406,13,2009.0,8,21,0.01,0.05
13407,2,2014.0,7,445,0.0,0.05
13408,20,2014.0,7,499,0.0,0.05
13409,19,2006.0,7,455,0.0,0.05
13410,15,2000.0,3,406,0.03,0.05
13411,17,2015.0,0,499,0.0,0.05
13412,28,2013.0,8,21,0.04,0.05
13413,29,2004.0,11,288,0.03,0.05
13414,17,2015.0,7,499,0.0,0.05
13415,21,1996.0,2,437,0.0,0.05
13416,19,2008.0,2,455,0.0,0.05
13417,6,2003.0,0,55,0.03,0.05
13418,13,2010.0,3,547,0.04,0.05
13419,4,2009.0,3,330,0.0,0.05
13420,29,2005.0,3,101,0.03,0.05
13421,15,2001.0,5,524,0.03,0.05
13422,16,2002.0,10,465,0.0,0.05
13423,29,2003.0,8,487,0.03,0.05
13424,4,2007.0,0,493,0.04,0.05
13425,4,2006.0,3,359,0.0,0.05
13426,19,2014.0,0,499,0.0,0.05
13427,4,2009.0,1,524,0.03,0.05
13428,13,2009.0,11,265,0.0,0.05
13429,4,2008.0,3,137,0.04,0.05
13430,13,2009.0,0,524,0.0,0.05
13431,29,2003.0,4,436,0.03,0.05
13432,26,2009.0,10,402,0.04,0.05
13433,2,2011.0,3,85,0.0,0.05
13434,10,1999.0,6,491,0.0,0.05
13435,18,2016.0,4,120,0.04,0.05
13436,13,2016.0,8,138,0.0,0.05
13437,17,2010.0,4,455,0.0,0.05
13438,6,2003.0,3,21,0.03,0.05
13439,28,2011.0,1,112,0.0,0.05
13440,4,2007.0,11,288,0.03,0.05
13441,2,2013.0,0,547,0.0,0.05
13442,13,2006.0,1,128,0.0,0.05
13443,15,1997.0,10,177,0.03,0.05
13444,4,2009.0,5,395,0.04,0.05
13445,20,2014.0,1,230,0.0,0.05
13446,29,2004.0,8,101,0.03,0.05
13447,4,2011.0,1,63,0.0,0.05
13448,4,2011.0,7,55,0.0,0.05
13449,7,2004.0,8,142,0.03,0.05
13450,27,2013.0,8,21,0.0,0.05
13451,16,2009.0,6,487,0.02,0.05
13452,22,1994.0,3,445,0.0,0.05
13453,15,1999.0,5,330,0.03,0.04
13454,13,2011.0,5,430,0.0,0.04
13455,4,2008.0,9,524,0.04,0.04
13456,4,2010.0,9,52,0.04,0.04
13457,4,2006.0,0,487,0.04,0.04
13458,15,1995.0,9,431,0.0,0.04
13459,6,2005.0,7,63,0.0,0.04
13460,16,2009.0,2,438,0.0,0.04
13461,16,2006.0,2,101,0.02,0.04
13462,19,2006.0,10,21,0.04,0.04
13463,4,2008.0,3,85,0.0,0.04
13464,16,2007.0,7,362,0.0,0.04
13465,13,2009.0,1,160,0.0,0.04
13466,4,2010.0,3,348,0.04,0.04
13467,26,2008.0,4,77,0.04,0.04
13468,16,2006.0,10,21,0.02,0.04
13469,21,1995.0,3,445,0.0,0.04
13470,19,2009.0,1,412,0.0,0.04
13471,16,2007.0,2,528,0.0,0.04
13472,4,2005.0,3,472,0.0,0.04
13473,20,2015.0,7,499,0.0,0.04
13474,6,2005.0,3,564,0.03,0.04
13475,20,2015.0,0,347,0.0,0.04
13476,7,2002.0,4,524,0.03,0.04
13478,15,1996.0,0,139,0.02,0.04
13479,26,2008.0,10,53,0.04,0.04
13480,4,2010.0,3,6,0.04,0.04
13481,4,2007.0,0,347,0.0,0.04
13482,26,2007.0,8,137,0.04,0.04
13483,13,2009.0,0,524,0.0,0.04
13484,20,2015.0,7,28,0.0,0.04
13485,26,2010.0,6,470,0.04,0.04
13486,29,2005.0,8,91,0.03,0.04
13487,18,2016.0,3,499,0.0,0.04
13488,15,2001.0,0,425,0.02,0.04
13489,4,2007.0,11,464,0.01,0.04
13490,30,2016.0,0,120,0.02,0.04
13491,4,2008.0,3,359,0.0,0.04
13492,17,2016.0,10,31,0.0,0.04
13493,6,2004.0,7,275,0.03,0.04
13494,13,2003.0,11,137,0.0,0.04
13495,4,2008.0,0,122,0.04,0.04
13496,2,2013.0,9,499,0.0,0.04
13497,15,1998.0,11,499,0.0,0.04
13498,15,1996.0,3,312,0.0,0.04
13499,13,2012.0,8,85,0.0,0.04
13500,6,2004.0,10,473,0.03,0.04
13501,6,2002.0,8,487,0.03,0.04
13502,4,2011.0,3,381,0.0,0.04
13503,19,2007.0,0,91,0.04,0.04
13504,13,2006.0,9,524,0.0,0.04
13505,26,2011.0,10,510,0.04,0.04
13506,29,2004.0,6,91,0.03,0.04
13507,16,2000.0,5,455,0.0,0.04
13508,18,2016.0,6,327,0.0,0.04
13509,19,2009.0,7,55,0.0,0.04
13510,6,2005.0,3,524,0.03,0.04
13511,16,2007.0,3,387,0.0,0.04
13512,15,1997.0,3,540,0.02,0.04
13513,4,2009.0,0,347,0.0,0.04
13514,16,2002.0,2,404,0.0,0.04
13515,4,2009.0,0,109,0.04,0.04
13516,4,2006.0,10,138,0.04,0.04
13517,26,2009.0,3,564,0.04,0.04
13518,19,2007.0,0,109,0.04,0.04
13519,16,2005.0,1,263,0.0,0.04
13520,20,2014.0,0,98,0.0,0.04
13521,7,2007.0,0,126,0.03,0.04
13522,4,2008.0,1,275,0.0,0.04
13523,26,2009.0,3,359,0.0,0.04
13524,17,2014.0,5,445,0.0,0.04
13525,9,1992.0,4,445,0.0,0.04
13526,29,2006.0,6,142,0.03,0.04
13527,16,2006.0,8,137,0.02,0.04
13528,16,2003.0,0,445,0.02,0.04
13529,30,2016.0,10,290,0.04,0.04
13530,6,2003.0,4,325,0.03,0.04
13531,17,2006.0,0,85,0.0,0.04
13532,19,2006.0,3,455,0.0,0.04
13533,26,2007.0,6,409,0.04,0.04
13534,7,2004.0,8,436,0.03,0.04
13535,4,2006.0,9,6,0.04,0.04
13536,2,2011.0,4,101,0.04,0.04
13537,13,2010.0,6,126,0.0,0.04
13538,19,2010.0,1,230,0.0,0.04
13539,7,2004.0,0,275,0.03,0.04
13540,6,2005.0,0,564,0.03,0.04
13541,29,2003.0,11,276,0.03,0.04
13542,26,2010.0,1,275,0.04,0.04
13543,17,2012.0,1,37,0.0,0.04
13544,17,2013.0,8,367,0.02,0.04
13545,23,1995.0,4,63,0.0,0.04
13546,28,2011.0,10,273,0.0,0.04
13547,6,2004.0,7,524,0.03,0.04
13548,4,2010.0,5,162,0.04,0.04
13549,26,2007.0,8,381,0.04,0.04
13550,6,2002.0,8,60,0.03,0.04
13551,13,2011.0,0,51,0.01,0.04
13552,17,2011.0,3,370,0.03,0.04
13553,15,1998.0,2,438,0.0,0.04
13554,2,2015.0,0,347,0.0,0.04
13555,28,2006.0,2,524,0.04,0.04
13556,19,2012.0,7,98,0.0,0.04
13557,4,2006.0,0,291,0.0,0.04
13558,19,2011.0,1,7,0.0,0.04
13559,19,2009.0,1,461,0.0,0.04
13560,16,2006.0,1,275,0.0,0.04
13561,19,2009.0,3,37,0.0,0.04
13562,13,2016.0,1,464,0.01,0.04
13563,13,2007.0,6,138,0.0,0.04
13564,4,2008.0,0,492,0.0,0.04
13565,17,2012.0,4,109,0.0,0.04
13566,13,2015.0,10,275,0.0,0.04
13567,4,2008.0,1,461,0.0,0.04
13568,16,2001.0,9,146,0.0,0.04
13569,20,2012.0,7,281,0.0,0.04
13570,15,1998.0,0,241,0.02,0.04
13571,29,2004.0,10,101,0.03,0.04
13572,6,2002.0,3,524,0.03,0.04
13573,16,2004.0,1,445,0.02,0.04
13574,26,2010.0,4,158,0.04,0.04
13575,16,2005.0,0,543,0.02,0.04
13576,16,2008.0,1,230,0.0,0.04
13577,28,2009.0,10,5,0.0,0.04
13578,29,2003.0,6,17,0.03,0.04
13579,19,2008.0,2,301,0.0,0.04
13580,16,2006.0,2,347,0.0,0.04
13581,19,2010.0,1,30,0.0,0.04
13582,2,2011.0,10,112,0.0,0.04
13583,4,2009.0,0,492,0.0,0.04
13584,19,2006.0,3,275,0.02,0.04
13585,26,2011.0,4,528,0.0,0.04
13586,29,2005.0,10,198,0.03,0.04
13587,26,2009.0,10,427,0.02,0.04
13588,17,2013.0,9,347,0.0,0.04
13589,26,2006.0,0,487,0.04,0.04
13590,26,2008.0,0,499,0.04,0.04
13591,6,2001.0,0,485,0.03,0.04
13592,26,2008.0,8,409,0.04,0.04
13593,4,2011.0,0,87,0.0,0.04
13594,4,2008.0,1,280,0.04,0.04
13595,13,2008.0,0,288,0.02,0.04
13596,2,2016.0,3,166,0.0,0.04
13597,4,2006.0,1,301,0.0,0.04
13598,2,2014.0,0,166,0.0,0.04
13599,4,2009.0,5,378,0.04,0.04
13600,6,2002.0,0,21,0.03,0.04
13601,29,2006.0,6,138,0.03,0.04
13602,20,2016.0,0,362,0.0,0.04
13603,15,2000.0,9,275,0.02,0.04
13604,16,2001.0,0,324,0.0,0.04
13605,4,2010.0,0,257,0.0,0.04
13606,26,2007.0,8,467,0.04,0.04
13607,17,2013.0,2,347,0.0,0.04
13608,29,2004.0,4,198,0.03,0.04
13609,28,2010.0,8,296,0.04,0.04
13610,16,2009.0,9,275,0.0,0.04
13611,16,2002.0,10,138,0.0,0.04
13612,4,2009.0,9,6,0.04,0.04
13613,15,2001.0,10,4,0.02,0.04
13614,18,2016.0,3,37,0.0,0.04
13615,19,2004.0,5,232,0.0,0.04
13616,13,2006.0,9,138,0.01,0.04
13617,2,2011.0,3,359,0.0,0.04
13618,29,2003.0,2,224,0.03,0.04
13619,4,2007.0,5,524,0.03,0.04
13620,17,2016.0,0,347,0.0,0.04
13621,29,2002.0,10,321,0.03,0.04
13622,13,2002.0,9,138,0.01,0.04
13623,13,2004.0,11,46,0.0,0.04
13624,20,2014.0,1,262,0.0,0.04
13625,4,2011.0,8,120,0.04,0.04
13626,7,2003.0,10,325,0.03,0.04
13627,19,2007.0,0,99,0.04,0.04
13628,4,2005.0,3,445,0.0,0.04
13629,4,2007.0,7,207,0.0,0.04
13630,13,2001.0,11,138,0.0,0.04
13631,13,2011.0,1,524,0.01,0.04
13632,26,2012.0,0,170,0.0,0.04
13633,13,2009.0,11,487,0.0,0.04
13634,26,2008.0,4,409,0.04,0.04
13635,26,2010.0,3,70,0.04,0.04
13636,19,2005.0,7,85,0.0,0.04
13637,29,2006.0,10,493,0.03,0.04
13638,13,2008.0,0,85,0.01,0.04
13639,19,2011.0,1,230,0.0,0.04
13640,4,2006.0,3,359,0.0,0.04
13641,4,2009.0,9,6,0.04,0.04
13642,4,2011.0,5,528,0.0,0.04
13643,26,2010.0,1,160,0.0,0.04
13644,29,2005.0,8,438,0.03,0.04
13645,19,2012.0,0,347,0.0,0.04
13646,26,2007.0,2,6,0.03,0.04
13647,18,2016.0,0,464,0.0,0.04
13648,19,2006.0,3,493,0.04,0.04
13649,17,2015.0,2,347,0.0,0.04
13650,30,2016.0,0,501,0.02,0.04
13651,7,2004.0,2,53,0.03,0.04
13652,2,2013.0,0,347,0.0,0.04
13653,2,2015.0,0,524,0.03,0.04
13654,4,2007.0,9,432,0.0,0.04
13655,19,2011.0,7,362,0.0,0.04
13656,19,2006.0,6,347,0.04,0.04
13657,19,2009.0,0,461,0.0,0.04
13658,13,2006.0,11,524,0.0,0.04
13659,4,2008.0,7,200,0.04,0.04
13660,4,2008.0,3,347,0.0,0.04
13661,19,2008.0,0,275,0.04,0.04
13662,13,2011.0,10,445,0.0,0.04
13663,26,2008.0,5,57,0.04,0.04
13664,13,2009.0,11,29,0.0,0.04
13666,19,2010.0,1,412,0.0,0.04
13667,16,2000.0,3,499,0.02,0.04
13668,17,2008.0,6,481,0.0,0.04
13669,19,2005.0,5,455,0.04,0.04
13670,16,2007.0,10,275,0.0,0.04
13671,13,2012.0,10,493,0.04,0.04
13673,23,1996.0,7,144,0.0,0.04
13674,4,2008.0,6,481,0.03,0.04
13676,18,2015.0,2,301,0.01,0.04
13677,13,2005.0,11,137,0.0,0.04
13678,4,2006.0,0,111,0.04,0.04
13679,4,2008.0,9,275,0.0,0.04
13680,19,2010.0,1,263,0.0,0.04
13681,28,2011.0,1,501,0.01,0.04
13682,13,2009.0,3,445,0.0,0.04
13683,2,2012.0,3,524,0.04,0.04
13684,16,2005.0,10,575,0.02,0.04
13685,19,2011.0,1,7,0.0,0.04
13686,13,2013.0,8,85,0.0,0.04
13687,4,2010.0,9,487,0.04,0.04
13688,19,2007.0,6,70,0.03,0.04
13689,29,2004.0,9,198,0.03,0.04
13690,16,2008.0,1,107,0.0,0.04
13691,4,2010.0,7,347,0.0,0.04
13692,13,2003.0,11,323,0.01,0.04
13693,28,2012.0,2,89,0.04,0.04
13694,16,2001.0,8,4,0.02,0.04
13695,15,1998.0,10,275,0.0,0.04
13696,4,2007.0,10,191,0.0,0.04
13697,6,2004.0,0,138,0.03,0.04
13698,19,2011.0,1,230,0.0,0.04
13699,19,2006.0,3,499,0.03,0.04
13700,4,2009.0,5,347,0.0,0.04
13701,29,2005.0,2,85,0.03,0.04
13702,18,2016.0,11,493,0.01,0.04
13703,13,2007.0,11,487,0.01,0.04
13704,15,1995.0,8,413,0.02,0.04
13705,19,2012.0,7,461,0.0,0.04
13706,28,2007.0,5,407,0.04,0.04
13707,15,1998.0,10,177,0.02,0.04
13708,10,2000.0,10,275,0.04,0.04
13709,13,2011.0,11,528,0.0,0.04
13710,10,1998.0,10,275,0.04,0.04
13711,17,2010.0,10,499,0.0,0.04
13712,4,2010.0,0,347,0.0,0.04
13713,19,2007.0,8,543,0.03,0.04
13714,19,2006.0,6,445,0.03,0.04
13715,21,1996.0,1,452,0.0,0.04
13716,21,1994.0,10,445,0.0,0.04
13717,20,2012.0,0,275,0.0,0.04
13718,16,2005.0,0,487,0.02,0.04
13719,4,2009.0,8,566,0.04,0.04
13720,17,2011.0,10,381,0.0,0.04
13721,19,2011.0,1,230,0.0,0.04
13722,23,1995.0,7,118,0.0,0.04
13723,29,2005.0,11,493,0.03,0.04
13724,13,2011.0,6,1,0.0,0.04
13725,19,2012.0,0,230,0.0,0.04
13726,7,2002.0,10,21,0.03,0.04
13727,2,2011.0,7,166,0.0,0.04
13728,26,2010.0,6,122,0.04,0.04
13729,28,2011.0,8,30,0.0,0.04
13730,4,2012.0,0,184,0.0,0.04
13731,28,2012.0,10,493,0.04,0.04
13732,13,2003.0,0,493,0.0,0.04
13734,19,2009.0,0,275,0.0,0.04
13735,23,1995.0,6,63,0.0,0.04
13736,26,2010.0,10,528,0.03,0.04
13737,26,2010.0,3,541,0.04,0.04
13738,10,1999.0,11,347,0.0,0.04
13739,10,1999.0,6,524,0.03,0.04
13740,10,1999.0,11,241,0.03,0.04
13741,10,1999.0,6,238,0.03,0.04
13742,10,2000.0,4,241,0.03,0.04
13743,6,2003.0,4,53,0.03,0.04
13744,10,1998.0,2,275,0.03,0.04
13745,16,2003.0,0,491,0.0,0.04
13746,19,2012.0,0,19,0.0,0.04
13747,7,2002.0,4,487,0.03,0.04
13748,19,2011.0,7,499,0.0,0.04
13749,4,2007.0,5,126,0.01,0.04
13750,29,2005.0,11,91,0.03,0.04
13751,13,2012.0,0,85,0.0,0.04
13752,19,2012.0,10,19,0.0,0.04
13753,28,2007.0,0,499,0.03,0.04
13754,4,2005.0,10,296,0.04,0.04
13755,15,1998.0,8,347,0.02,0.04
13756,4,2010.0,3,524,0.04,0.04
13757,17,2012.0,6,528,0.04,0.04
13758,19,2009.0,7,455,0.0,0.04
13759,18,2014.0,0,455,0.0,0.04
13760,19,2013.0,10,445,0.0,0.04
13761,17,2007.0,1,445,0.0,0.04
13762,4,2009.0,5,88,0.04,0.04
13763,30,2016.0,2,347,0.03,0.04
13764,19,2011.0,1,230,0.0,0.04
13765,16,2008.0,8,445,0.0,0.04
13766,16,2002.0,6,142,0.02,0.04
13767,4,2008.0,3,227,0.0,0.04
13768,4,2009.0,1,347,0.0,0.04
13769,16,2006.0,7,499,0.0,0.04
13770,30,2014.0,0,6,0.0,0.04
13771,2,2014.0,1,212,0.0,0.04
13772,13,2007.0,11,543,0.0,0.04
13773,6,2002.0,10,524,0.03,0.04
13774,4,2009.0,9,524,0.04,0.04
13775,17,2012.0,7,156,0.0,0.04
13776,16,2008.0,0,493,0.02,0.04
13777,4,2010.0,3,565,0.04,0.04
13778,16,2006.0,1,243,0.0,0.04
13779,18,2014.0,11,499,0.03,0.04
13780,16,2003.0,10,275,0.02,0.04
13781,19,2009.0,2,301,0.0,0.04
13782,4,2006.0,3,490,0.0,0.04
13783,6,2003.0,4,53,0.03,0.04
13784,13,2005.0,7,343,0.0,0.04
13785,13,2010.0,11,265,0.03,0.04
13786,17,2012.0,2,89,0.04,0.04
13787,16,2007.0,2,438,0.0,0.04
13788,4,2007.0,3,524,0.0,0.04
13789,17,2016.0,7,464,0.0,0.04
13790,17,2013.0,1,98,0.0,0.04
13791,13,2010.0,1,524,0.0,0.04
13792,19,2011.0,1,263,0.0,0.04
13793,17,2007.0,10,524,0.03,0.04
13794,17,2009.0,11,120,0.0,0.04
13795,29,2006.0,0,493,0.03,0.04
13796,6,2004.0,5,359,0.0,0.04
13797,19,2009.0,0,109,0.04,0.04
13798,19,2009.0,8,110,0.03,0.04
13799,16,2009.0,11,159,0.0,0.04
13800,4,2009.0,5,430,0.04,0.04
13801,4,2007.0,3,347,0.0,0.04
13802,15,1995.0,9,218,0.0,0.04
13803,29,2004.0,3,553,0.03,0.04
13804,19,2011.0,1,230,0.0,0.04
13805,4,2010.0,1,275,0.0,0.04
13806,13,2013.0,0,85,0.0,0.04
13807,26,2010.0,2,347,0.0,0.04
13808,17,2011.0,0,455,0.0,0.04
13809,28,2011.0,2,7,0.02,0.04
13810,26,2010.0,10,528,0.04,0.04
13811,4,2007.0,8,524,0.03,0.04
13812,19,2009.0,7,301,0.0,0.04
13813,4,2008.0,1,347,0.0,0.04
13814,19,2008.0,1,412,0.0,0.04
13815,16,2003.0,2,445,0.02,0.04
13816,16,2004.0,0,445,0.02,0.04
13817,4,2008.0,1,14,0.0,0.04
13818,28,2006.0,5,275,0.04,0.04
13819,6,2003.0,6,53,0.03,0.04
13820,2,2012.0,1,528,0.0,0.04
13821,28,2009.0,6,138,0.0,0.04
13822,4,2009.0,0,53,0.04,0.04
13823,28,2009.0,10,347,0.02,0.04
13824,15,1997.0,11,138,0.02,0.04
13825,13,2014.0,0,275,0.01,0.04
13826,4,2007.0,2,6,0.0,0.04
13827,15,1997.0,0,540,0.02,0.04
13828,6,2002.0,10,524,0.03,0.04
13829,26,2008.0,8,565,0.04,0.04
13830,17,2015.0,0,381,0.0,0.04
13831,13,2010.0,7,138,0.0,0.04
13832,17,2015.0,0,499,0.0,0.04
13833,13,2005.0,9,21,0.01,0.04
13834,17,2009.0,6,481,0.0,0.04
13835,29,2006.0,1,142,0.03,0.04
13836,13,2015.0,9,138,0.0,0.04
13837,21,1995.0,3,454,0.0,0.04
13838,20,2015.0,0,166,0.0,0.04
13839,13,2011.0,9,120,0.02,0.04
13840,4,2005.0,3,347,0.0,0.04
13841,19,2010.0,1,362,0.0,0.04
13842,7,2005.0,2,347,0.03,0.04
13843,16,2010.0,3,493,0.02,0.04
13844,16,2008.0,3,553,0.02,0.04
13845,2,2016.0,1,347,0.0,0.04
13846,15,1999.0,10,275,0.02,0.04
13847,16,2004.0,10,198,0.02,0.04
13848,16,2006.0,11,150,0.01,0.04
13849,13,2006.0,0,543,0.01,0.04
13850,13,2009.0,10,160,0.01,0.04
13851,4,2006.0,10,138,0.03,0.04
13852,13,2007.0,11,487,0.01,0.04
13853,6,2002.0,7,347,0.0,0.04
13854,18,2015.0,7,231,0.0,0.04
13855,15,2001.0,1,241,0.02,0.04
13856,13,2006.0,9,493,0.01,0.04
13857,4,2009.0,5,566,0.03,0.04
13858,30,2015.0,1,6,0.03,0.04
13859,15,1998.0,11,138,0.02,0.04
13860,19,2012.0,0,347,0.0,0.04
13861,6,2001.0,5,420,0.03,0.04
13862,4,2009.0,9,43,0.0,0.04
13863,19,2010.0,7,499,0.0,0.04
13864,20,2015.0,7,154,0.0,0.04
13865,29,2002.0,6,91,0.03,0.04
13866,15,1999.0,5,53,0.02,0.04
13867,2,2015.0,5,273,0.0,0.04
13868,20,2016.0,3,499,0.0,0.04
13869,13,2006.0,11,543,0.0,0.04
13871,30,2016.0,0,242,0.03,0.04
13872,4,2009.0,3,330,0.0,0.04
13873,3,2001.0,0,347,0.0,0.04
13874,13,2007.0,0,138,0.0,0.04
13875,7,2006.0,2,347,0.03,0.04
13876,4,2007.0,3,296,0.04,0.04
13877,26,2010.0,10,565,0.04,0.04
13878,16,2005.0,0,221,0.02,0.04
13879,28,2015.0,0,286,0.0,0.04
13880,26,2009.0,6,565,0.04,0.04
13881,18,2016.0,10,31,0.0,0.04
13882,16,2008.0,1,7,0.0,0.04
13883,17,2009.0,6,70,0.0,0.04
13884,13,2003.0,8,323,0.01,0.04
13885,18,2016.0,3,445,0.01,0.04
13886,20,2016.0,0,109,0.0,0.04
13887,2,2015.0,0,359,0.0,0.04
13888,29,2003.0,6,91,0.03,0.04
13889,26,2009.0,3,524,0.03,0.04
13890,4,2011.0,3,433,0.0,0.04
13891,15,1995.0,3,446,0.0,0.04
13892,13,2004.0,6,436,0.0,0.04
13893,19,2005.0,6,455,0.02,0.04
13894,19,2006.0,5,347,0.0,0.04
13895,19,2007.0,11,430,0.04,0.04
13896,15,2001.0,4,524,0.02,0.04
13897,26,2008.0,1,564,0.04,0.04
13898,19,2006.0,0,499,0.0,0.04
13899,15,1999.0,1,347,0.02,0.04
13900,15,1997.0,8,275,0.02,0.04
13901,4,2012.0,0,347,0.0,0.04
13902,16,2002.0,10,144,0.0,0.04
13903,4,2010.0,5,162,0.02,0.04
13904,13,2009.0,0,487,0.0,0.04
13905,13,2004.0,0,138,0.0,0.04
13906,15,1999.0,11,324,0.02,0.04
13907,15,1996.0,8,507,0.02,0.04
13908,4,2010.0,3,470,0.04,0.04
13909,15,1996.0,10,413,0.02,0.04
13910,13,2015.0,0,547,0.0,0.04
13911,13,2009.0,1,120,0.0,0.04
13912,15,1997.0,9,138,0.02,0.04
13913,6,2004.0,0,347,0.03,0.04
13914,12,1996.0,2,437,0.0,0.04
13915,27,2012.0,3,524,0.02,0.04
13916,13,2015.0,11,493,0.0,0.04
13917,6,2002.0,0,487,0.03,0.04
13918,2,2015.0,0,362,0.03,0.04
13919,15,1999.0,3,275,0.02,0.04
13920,19,2012.0,0,347,0.0,0.04
13921,6,2005.0,0,158,0.03,0.04
13922,19,2012.0,0,347,0.0,0.04
13923,30,2015.0,10,517,0.0,0.04
13924,16,2004.0,1,240,0.02,0.04
13925,19,2006.0,3,563,0.0,0.04
13926,6,2002.0,8,21,0.03,0.04
13927,19,2009.0,11,499,0.0,0.04
13928,17,2014.0,1,362,0.0,0.04
13929,7,2006.0,10,275,0.0,0.04
13930,13,2015.0,9,528,0.0,0.04
13931,2,2015.0,1,7,0.0,0.04
13932,19,2011.0,1,347,0.0,0.04
13933,4,2007.0,9,137,0.03,0.04
13934,7,2002.0,10,275,0.03,0.04
13935,4,2006.0,8,21,0.03,0.04
13936,20,2015.0,3,347,0.0,0.04
13937,16,2002.0,10,275,0.0,0.04
13938,16,2006.0,1,48,0.0,0.04
13939,28,2009.0,6,529,0.03,0.04
13940,17,2008.0,1,455,0.0,0.04
13941,4,2007.0,10,524,0.03,0.04
13942,4,2008.0,8,122,0.03,0.04
13943,4,2005.0,3,296,0.03,0.04
13944,28,2013.0,0,85,0.03,0.04
13945,13,2011.0,7,229,0.02,0.04
13946,13,2003.0,11,189,0.0,0.04
13947,4,2006.0,7,359,0.0,0.04
13948,6,2005.0,6,564,0.03,0.04
13949,19,2009.0,6,27,0.03,0.04
13950,30,2016.0,8,85,0.03,0.04
13951,4,2008.0,1,232,0.03,0.04
13952,20,2014.0,7,499,0.0,0.04
13953,30,2014.0,0,499,0.01,0.04
13954,2,2015.0,0,286,0.0,0.04
13955,17,2014.0,7,206,0.03,0.04
13956,16,2007.0,10,138,0.02,0.04
13957,4,2008.0,9,275,0.03,0.04
13958,3,2008.0,1,346,0.0,0.04
13959,16,2004.0,0,275,0.02,0.04
13960,6,2002.0,8,524,0.03,0.04
13961,19,2010.0,1,263,0.0,0.04
13963,4,2010.0,3,109,0.0,0.04
13964,4,2007.0,5,430,0.03,0.04
13965,6,2002.0,0,21,0.03,0.04
13966,28,2010.0,7,85,0.0,0.04
13967,20,2014.0,6,499,0.0,0.04
13968,4,2009.0,8,200,0.03,0.04
13969,6,2003.0,4,182,0.03,0.04
13970,20,2015.0,10,524,0.0,0.04
13971,21,1994.0,2,476,0.0,0.04
13972,16,2006.0,11,230,0.0,0.04
13973,16,2005.0,7,6,0.02,0.04
13974,19,2012.0,0,230,0.0,0.04
13975,15,1999.0,5,347,0.02,0.04
13976,19,2013.0,1,230,0.0,0.04
13977,20,2014.0,7,347,0.0,0.04
13978,4,2007.0,1,109,0.0,0.04
13979,6,2005.0,0,347,0.03,0.04
13980,13,2011.0,4,160,0.0,0.04
13981,2,2016.0,3,166,0.0,0.04
13982,16,2008.0,3,109,0.0,0.04
13983,13,2011.0,11,528,0.0,0.04
13984,7,2004.0,4,493,0.03,0.04
13985,17,2015.0,0,138,0.03,0.04
13986,28,2009.0,1,7,0.0,0.04
13987,17,2009.0,11,37,0.0,0.04
13988,17,2012.0,7,362,0.0,0.04
13989,16,2006.0,2,232,0.02,0.04
13990,13,2013.0,1,114,0.0,0.04
13991,19,2009.0,1,499,0.0,0.04
13992,15,1998.0,7,362,0.02,0.04
13993,17,2015.0,10,138,0.0,0.04
13994,30,2016.0,8,21,0.01,0.04
13995,16,2009.0,3,295,0.02,0.04
13996,19,2008.0,5,252,0.03,0.04
13997,16,2006.0,6,455,0.0,0.04
13998,16,2005.0,8,85,0.02,0.04
13999,4,2008.0,3,206,0.0,0.04
14000,29,2002.0,6,347,0.03,0.04
14001,13,2003.0,11,323,0.01,0.04
14002,3,2000.0,2,445,0.0,0.04
14003,29,2005.0,0,275,0.03,0.04
14004,26,2009.0,5,402,0.02,0.04
14005,2,2016.0,1,212,0.0,0.04
14006,17,2011.0,0,275,0.02,0.04
14007,19,2007.0,5,101,0.03,0.04
14008,29,2005.0,0,85,0.03,0.04
14009,17,2007.0,7,524,0.0,0.04
14010,6,2002.0,8,527,0.03,0.04
14011,13,2008.0,5,3,0.0,0.04
14012,4,2007.0,3,445,0.0,0.04
14013,19,2011.0,1,230,0.0,0.04
14014,4,2010.0,11,499,0.0,0.04
14015,19,2010.0,1,455,0.0,0.04
14016,4,2011.0,5,370,0.03,0.04
14017,16,2009.0,1,230,0.0,0.04
14018,13,2007.0,11,543,0.0,0.04
14019,29,2003.0,10,255,0.03,0.04
14020,16,2006.0,10,445,0.0,0.04
14021,13,2008.0,8,120,0.0,0.04
14022,26,2009.0,10,275,0.0,0.04
14023,16,2004.0,8,347,0.02,0.04
14024,20,2015.0,7,347,0.0,0.04
14025,16,2006.0,1,275,0.0,0.04
14026,16,2005.0,3,524,0.02,0.04
14027,19,2012.0,0,85,0.0,0.04
14028,13,2009.0,11,524,0.0,0.04
14029,15,1996.0,3,372,0.02,0.04
14030,4,2010.0,9,528,0.03,0.04
14031,6,2003.0,10,232,0.03,0.04
14032,29,2003.0,8,56,0.03,0.04
14033,4,2006.0,10,481,0.03,0.04
14034,8,1994.0,10,445,0.0,0.04
14035,29,2004.0,1,289,0.03,0.04
14036,13,1998.0,11,543,0.0,0.04
14037,16,2007.0,11,63,0.0,0.04
14038,4,2004.0,3,499,0.0,0.04
14039,13,2007.0,0,137,0.0,0.04
14040,28,2010.0,8,86,0.0,0.04
14041,2,2013.0,3,109,0.01,0.04
14042,4,2008.0,3,182,0.03,0.04
14043,6,2001.0,0,60,0.03,0.04
14044,2,2015.0,0,347,0.0,0.04
14045,19,2009.0,7,499,0.0,0.04
14047,17,2010.0,10,514,0.0,0.04
14048,15,1999.0,7,499,0.02,0.04
14049,13,2007.0,7,257,0.0,0.04
14050,4,2009.0,3,296,0.03,0.04
14051,13,2010.0,7,445,0.0,0.04
14052,27,2014.0,0,347,0.01,0.04
14053,2,2015.0,11,499,0.0,0.04
14054,13,2006.0,9,524,0.0,0.04
14057,19,2006.0,7,455,0.0,0.04
14058,26,2009.0,3,524,0.03,0.04
14059,4,2009.0,0,464,0.0,0.04
14060,4,2010.0,9,524,0.03,0.04
14061,4,2008.0,0,378,0.03,0.04
14062,4,2010.0,7,87,0.0,0.04
14063,13,2010.0,11,265,0.0,0.04
14064,19,2010.0,1,560,0.0,0.04
14065,4,2011.0,5,57,0.0,0.04
14066,6,2006.0,4,325,0.03,0.04
14067,6,2003.0,3,487,0.03,0.04
14068,4,2008.0,5,112,0.0,0.04
14069,4,2009.0,3,120,0.03,0.04
14070,4,2008.0,7,197,0.04,0.04
14071,13,1998.0,7,246,0.01,0.04
14072,4,2005.0,7,275,0.03,0.04
14073,20,2016.0,0,381,0.02,0.04
14074,13,2005.0,0,142,0.0,0.04
14075,4,2007.0,6,564,0.03,0.04
14076,13,2011.0,11,160,0.0,0.04
14077,13,2008.0,11,257,0.0,0.04
14078,16,2007.0,6,487,0.02,0.04
14079,29,2003.0,7,487,0.03,0.04
14080,20,2015.0,10,455,0.03,0.04
14081,4,2004.0,5,232,0.03,0.04
14082,13,2006.0,0,137,0.0,0.04
14083,18,2015.0,0,524,0.0,0.04
14084,13,2011.0,0,112,0.0,0.04
14085,16,2006.0,1,499,0.0,0.04
14086,29,2006.0,8,128,0.03,0.04
14088,16,2003.0,3,256,0.02,0.04
14089,13,2003.0,8,21,0.0,0.04
14090,17,2010.0,8,296,0.03,0.04
14091,19,2012.0,1,412,0.0,0.04
14092,18,2016.0,1,501,0.01,0.04
14093,8,1994.0,4,275,0.0,0.04
14094,4,2011.0,1,230,0.0,0.04
14095,13,2014.0,7,524,0.0,0.04
14096,19,2012.0,0,347,0.0,0.04
14097,4,2009.0,7,301,0.0,0.04
14099,2,2011.0,11,499,0.0,0.03
14100,16,2006.0,9,267,0.02,0.03
14101,4,2013.0,10,109,0.0,0.03
14102,26,2008.0,6,255,0.0,0.03
14103,27,2013.0,0,109,0.02,0.03
14104,17,2013.0,0,21,0.0,0.03
14105,6,2001.0,0,21,0.03,0.03
14106,17,2013.0,0,109,0.0,0.03
14107,26,2010.0,8,370,0.03,0.03
14108,2,2015.0,3,448,0.0,0.03
14109,17,2010.0,3,528,0.0,0.03
14110,13,2011.0,11,390,0.0,0.03
14111,4,2008.0,3,209,0.0,0.03
14112,17,2012.0,0,6,0.0,0.03
14113,29,2005.0,6,101,0.03,0.03
14114,17,2013.0,1,39,0.02,0.03
14115,17,2012.0,3,347,0.0,0.03
14116,29,2002.0,10,325,0.03,0.03
14117,4,2009.0,7,301,0.0,0.03
14118,19,2009.0,5,445,0.0,0.03
14119,16,2004.0,0,53,0.02,0.03
14120,21,1998.0,8,133,0.0,0.03
14121,19,2006.0,0,347,0.03,0.03
14122,6,2005.0,0,182,0.02,0.03
14123,13,2010.0,9,259,0.0,0.03
14124,2,2014.0,9,373,0.0,0.03
14125,13,2001.0,10,137,0.0,0.03
14126,19,2012.0,0,347,0.0,0.03
14127,4,2008.0,1,301,0.0,0.03
14128,6,2002.0,0,224,0.0,0.03
14129,6,2003.0,2,63,0.02,0.03
14130,4,2007.0,5,0,0.0,0.03
14131,19,2007.0,6,487,0.03,0.03
14132,13,2008.0,1,297,0.0,0.03
14133,29,2006.0,6,91,0.03,0.03
14134,16,2006.0,3,115,0.0,0.03
14135,26,2010.0,6,367,0.03,0.03
14136,6,2005.0,0,101,0.02,0.03
14137,6,2002.0,8,275,0.02,0.03
14138,18,2016.0,8,85,0.03,0.03
14139,16,2006.0,3,21,0.02,0.03
14140,4,2008.0,3,324,0.0,0.03
14141,6,2006.0,7,469,0.0,0.03
14142,18,2014.0,10,160,0.0,0.03
14143,17,2012.0,3,157,0.0,0.03
14144,28,2006.0,10,21,0.03,0.03
14145,20,2015.0,7,262,0.0,0.03
14146,13,2006.0,8,493,0.0,0.03
14147,17,2007.0,6,191,0.0,0.03
14148,16,2002.0,10,275,0.02,0.03
14149,7,2005.0,10,21,0.03,0.03
14150,2,2015.0,4,21,0.03,0.03
14151,26,2007.0,0,347,0.0,0.03
14152,15,1998.0,11,275,0.02,0.03
14153,17,2011.0,1,347,0.0,0.03
14154,2,2012.0,0,362,0.0,0.03
14155,6,2003.0,0,524,0.02,0.03
14156,2,2013.0,0,528,0.0,0.03
14157,4,2006.0,1,109,0.0,0.03
14158,16,2009.0,1,499,0.0,0.03
14159,13,2006.0,11,323,0.0,0.03
14161,16,2006.0,1,411,0.0,0.03
14162,13,2001.0,11,323,0.0,0.03
14163,16,2002.0,3,455,0.0,0.03
14164,7,2003.0,6,17,0.03,0.03
14165,19,2008.0,5,122,0.03,0.03
14166,19,2006.0,6,455,0.03,0.03
14167,4,2008.0,9,6,0.03,0.03
14168,2,2012.0,0,307,0.03,0.03
14169,6,2001.0,6,60,0.02,0.03
14170,7,2003.0,8,487,0.03,0.03
14171,20,2015.0,7,362,0.0,0.03
14172,25,2001.0,11,347,0.0,0.03
14173,4,2011.0,7,224,0.0,0.03
14174,26,2007.0,3,524,0.0,0.03
14175,20,2015.0,0,230,0.0,0.03
14176,16,2003.0,8,53,0.02,0.03
14177,19,2006.0,7,524,0.03,0.03
14178,17,2016.0,3,499,0.0,0.03
14179,29,2005.0,8,221,0.03,0.03
14180,16,2007.0,10,461,0.0,0.03
14181,4,2011.0,5,528,0.03,0.03
14182,26,2007.0,10,275,0.0,0.03
14183,17,2014.0,6,367,0.02,0.03
14184,16,2007.0,3,499,0.0,0.03
14185,13,2011.0,5,57,0.01,0.03
14186,30,2016.0,0,21,0.02,0.03
14187,16,2004.0,0,347,0.02,0.03
14188,16,2004.0,7,85,0.02,0.03
14189,4,2008.0,9,275,0.0,0.03
14190,15,1996.0,0,17,0.02,0.03
14191,2,2013.0,11,499,0.0,0.03
14192,4,2005.0,3,359,0.01,0.03
14193,7,2005.0,10,21,0.03,0.03
14194,17,2011.0,11,362,0.0,0.03
14195,6,2005.0,10,53,0.02,0.03
14196,28,2015.0,1,501,0.02,0.03
14197,19,2011.0,1,95,0.0,0.03
14198,6,2001.0,7,275,0.0,0.03
14199,19,2009.0,2,275,0.0,0.03
14200,6,2002.0,4,99,0.02,0.03
14201,20,2016.0,10,499,0.0,0.03
14202,19,2013.0,1,230,0.0,0.03
14203,19,2006.0,7,63,0.0,0.03
14204,13,2009.0,8,487,0.0,0.03
14205,7,2003.0,6,137,0.03,0.03
14206,4,2008.0,6,395,0.03,0.03
14207,2,2014.0,0,347,0.0,0.03
14208,4,2008.0,10,39,0.0,0.03
14209,19,2007.0,7,362,0.0,0.03
14210,15,2001.0,0,65,0.02,0.03
14211,13,2009.0,6,567,0.0,0.03
14212,17,2012.0,0,445,0.0,0.03
14213,16,2007.0,1,275,0.0,0.03
14214,13,2009.0,0,91,0.0,0.03
14215,26,2013.0,0,347,0.0,0.03
14216,15,1996.0,10,61,0.02,0.03
14217,16,2007.0,3,210,0.0,0.03
14218,23,1994.0,7,105,0.0,0.03
14219,13,2009.0,8,524,0.0,0.03
14220,28,2011.0,9,109,0.0,0.03
14221,4,2008.0,0,121,0.03,0.03
14222,15,1998.0,1,347,0.02,0.03
14223,7,2003.0,8,524,0.03,0.03
14224,6,2005.0,4,400,0.02,0.03
14225,2,2013.0,4,26,0.0,0.03
14226,15,1995.0,1,168,0.0,0.03
14227,18,2015.0,2,347,0.0,0.03
14228,2,2011.0,10,109,0.0,0.03
14229,19,2009.0,7,37,0.0,0.03
14230,23,1994.0,7,63,0.0,0.03
14231,16,2002.0,1,85,0.02,0.03
14232,4,2008.0,1,50,0.03,0.03
14233,18,2016.0,6,130,0.03,0.03
14234,4,2009.0,1,30,0.0,0.03
14235,13,2006.0,9,138,0.0,0.03
14236,26,2007.0,1,351,0.03,0.03
14237,28,2008.0,10,112,0.02,0.03
14238,13,2010.0,0,524,0.0,0.03
14239,4,2010.0,9,275,0.0,0.03
14240,19,2006.0,3,115,0.0,0.03
14241,17,2011.0,1,412,0.0,0.03
14242,26,2010.0,6,367,0.03,0.03
14243,13,2014.0,6,524,0.0,0.03
14244,17,2015.0,0,517,0.0,0.03
14245,15,1996.0,8,61,0.02,0.03
14246,19,2007.0,2,182,0.03,0.03
14247,29,2003.0,0,323,0.0,0.03
14248,17,2015.0,0,347,0.0,0.03
14249,13,2012.0,0,528,0.0,0.03
14250,6,2002.0,0,278,0.02,0.03
14251,6,2006.0,10,138,0.02,0.03
14252,26,2008.0,5,433,0.03,0.03
14253,13,2009.0,1,176,0.0,0.03
14254,26,2011.0,3,528,0.03,0.03
14255,28,2008.0,6,419,0.03,0.03
14256,6,2002.0,4,543,0.02,0.03
14257,4,2006.0,4,182,0.03,0.03
14258,2,2013.0,9,347,0.0,0.03
14259,2,2014.0,7,572,0.0,0.03
14260,4,2007.0,11,359,0.0,0.03
14261,13,2011.0,6,70,0.0,0.03
14262,6,2005.0,6,53,0.02,0.03
14263,19,2005.0,6,275,0.03,0.03
14264,13,2007.0,11,390,0.0,0.03
14265,13,2006.0,11,445,0.0,0.03
14266,4,2010.0,1,330,0.02,0.03
14267,13,2007.0,5,160,0.01,0.03
14268,27,2015.0,3,281,0.0,0.03
14269,4,2007.0,10,430,0.0,0.03
14270,16,2009.0,10,499,0.0,0.03
14271,4,2009.0,5,566,0.03,0.03
14272,4,2010.0,3,524,0.03,0.03
14274,13,2014.0,0,68,0.0,0.03
14275,17,2014.0,7,347,0.0,0.03
14276,17,2012.0,0,347,0.0,0.03
14277,4,2010.0,9,162,0.02,0.03
14278,7,2002.0,10,275,0.03,0.03
14279,2,2013.0,9,373,0.0,0.03
14280,4,2007.0,9,484,0.0,0.03
14281,13,2009.0,3,50,0.0,0.03
14282,13,2011.0,1,220,0.03,0.03
14283,13,2012.0,1,58,0.0,0.03
14284,19,2004.0,5,6,0.03,0.03
14285,7,2003.0,0,85,0.03,0.03
14286,20,2013.0,11,347,0.0,0.03
14287,16,2008.0,11,499,0.0,0.03
14288,16,2006.0,0,6,0.02,0.03
14289,4,2007.0,1,53,0.03,0.03
14290,4,2007.0,9,99,0.03,0.03
14291,2,2015.0,7,432,0.0,0.03
14292,15,2000.0,0,499,0.02,0.03
14293,4,2010.0,7,528,0.03,0.03
14294,4,2008.0,2,347,0.0,0.03
14295,4,2006.0,3,461,0.0,0.03
14297,17,2012.0,1,347,0.0,0.03
14298,6,2005.0,10,232,0.02,0.03
14299,13,2009.0,11,6,0.01,0.03
14300,4,2008.0,9,296,0.03,0.03
14301,2,2016.0,0,359,0.02,0.03
14302,29,2004.0,9,323,0.02,0.03
14303,19,2006.0,3,340,0.03,0.03
14304,4,2008.0,1,109,0.0,0.03
14305,19,2007.0,4,455,0.0,0.03
14306,2,2016.0,4,445,0.03,0.03
14307,6,2001.0,4,478,0.02,0.03
14308,13,2011.0,1,160,0.0,0.03
14309,4,2012.0,1,427,0.0,0.03
14310,4,2010.0,3,266,0.0,0.03
14313,20,2016.0,2,347,0.0,0.03
14314,16,2008.0,9,275,0.0,0.03
14315,28,2009.0,3,407,0.03,0.03
14316,2,2013.0,0,347,0.0,0.03
14317,21,1996.0,3,15,0.0,0.03
14318,4,2007.0,3,351,0.03,0.03
14319,26,2015.0,0,286,0.0,0.03
14320,21,1998.0,7,97,0.0,0.03
14321,4,2007.0,6,182,0.03,0.03
14322,4,2008.0,3,522,0.03,0.03
14323,29,2005.0,4,323,0.02,0.03
14324,16,2008.0,1,263,0.0,0.03
14325,2,2012.0,1,109,0.0,0.03
14326,6,2005.0,1,564,0.02,0.03
14327,13,2002.0,7,53,0.0,0.03
14328,13,2010.0,3,390,0.0,0.03
14329,28,2011.0,3,512,0.0,0.03
14330,13,2013.0,1,216,0.0,0.03
14331,16,2008.0,3,210,0.0,0.03
14332,4,2007.0,10,522,0.03,0.03
14333,19,2012.0,1,347,0.0,0.03
14334,19,2010.0,7,362,0.0,0.03
14335,13,1985.0,9,21,0.0,0.03
14336,17,2015.0,7,85,0.0,0.03
14337,21,1995.0,1,445,0.0,0.03
14338,4,2010.0,10,39,0.01,0.03
14339,4,2008.0,9,464,0.0,0.03
14340,20,2013.0,7,166,0.0,0.03
14341,4,2007.0,3,275,0.01,0.03
14342,4,2009.0,6,566,0.03,0.03
14343,4,2010.0,9,275,0.0,0.03
14344,17,2015.0,7,499,0.0,0.03
14345,17,2009.0,3,455,0.0,0.03
14346,16,2007.0,1,230,0.0,0.03
14347,17,2008.0,10,275,0.0,0.03
14348,20,2013.0,7,430,0.0,0.03
14349,17,2010.0,3,455,0.0,0.03
14350,20,2015.0,0,264,0.0,0.03
14351,16,2006.0,0,91,0.02,0.03
14352,4,2013.0,1,528,0.0,0.03
14353,4,2008.0,3,378,0.01,0.03
14354,6,2005.0,4,53,0.02,0.03
14355,15,1996.0,0,17,0.02,0.03
14356,23,1996.0,3,261,0.0,0.03
14357,28,2010.0,1,7,0.0,0.03
14358,20,2015.0,0,381,0.0,0.03
14359,2,2015.0,0,347,0.0,0.03
14360,7,2003.0,0,325,0.02,0.03
14361,19,2006.0,7,347,0.03,0.03
14362,19,2006.0,7,197,0.03,0.03
14363,28,2009.0,8,86,0.0,0.03
14364,7,2002.0,6,138,0.02,0.03
14365,21,1998.0,2,85,0.0,0.03
14366,13,2003.0,9,524,0.0,0.03
14367,19,2013.0,1,347,0.0,0.03
14368,21,1998.0,11,312,0.0,0.03
14369,26,2009.0,2,381,0.01,0.03
14370,6,2003.0,6,142,0.02,0.03
14371,13,2011.0,4,528,0.0,0.03
14372,6,2003.0,4,278,0.02,0.03
14373,19,2013.0,1,230,0.0,0.03
14374,17,2015.0,2,347,0.0,0.03
14375,17,2014.0,10,347,0.0,0.03
14376,26,2007.0,7,359,0.0,0.03
14378,4,2008.0,1,301,0.0,0.03
14379,2,2015.0,7,432,0.0,0.03
14380,4,2008.0,5,398,0.0,0.03
14381,13,2003.0,11,543,0.0,0.03
14382,20,2015.0,0,230,0.0,0.03
14383,13,2016.0,11,390,0.0,0.03
14384,26,2010.0,3,99,0.03,0.03
14385,19,2010.0,1,109,0.0,0.03
14386,29,2006.0,3,340,0.02,0.03
14387,19,2010.0,1,560,0.0,0.03
14388,13,2003.0,4,524,0.0,0.03
14389,16,2006.0,1,243,0.0,0.03
14390,18,2017.0,7,445,0.0,0.03
14391,4,2011.0,0,57,0.0,0.03
14392,20,2014.0,1,7,0.0,0.03
14393,7,2002.0,4,325,0.02,0.03
14394,20,2015.0,4,108,0.0,0.03
14395,13,2007.0,0,487,0.01,0.03
14396,28,2008.0,8,275,0.0,0.03
14397,19,2010.0,7,230,0.03,0.03
14398,16,2002.0,5,269,0.02,0.03
14399,17,2014.0,7,347,0.0,0.03
14400,26,2010.0,0,565,0.03,0.03
14401,16,2010.0,1,499,0.0,0.03
14402,2,2012.0,1,430,0.03,0.03
14403,17,2013.0,2,85,0.0,0.03
14404,13,2011.0,9,528,0.0,0.03
14405,21,1998.0,1,260,0.0,0.03
14406,4,2009.0,9,122,0.03,0.03
14407,13,2010.0,10,524,0.0,0.03
14408,13,2005.0,11,543,0.0,0.03
14409,16,2009.0,2,11,0.0,0.03
14410,30,2015.0,6,328,0.0,0.03
14411,13,2012.0,10,493,0.0,0.03
14412,19,2011.0,1,416,0.0,0.03
14413,13,2009.0,0,138,0.0,0.03
14414,19,2009.0,10,499,0.0,0.03
14415,13,2004.0,11,474,0.0,0.03
14416,8,1994.0,3,445,0.0,0.03
14417,19,2008.0,0,182,0.03,0.03
14418,4,2008.0,7,296,0.02,0.03
14419,29,2005.0,7,53,0.02,0.03
14420,19,2006.0,5,430,0.03,0.03
14421,13,2009.0,11,53,0.0,0.03
14422,4,2008.0,0,347,0.0,0.03
14423,4,2008.0,0,275,0.0,0.03
14424,29,2004.0,0,436,0.02,0.03
14425,19,2013.0,1,30,0.0,0.03
14426,17,2009.0,10,224,0.02,0.03
14427,18,2016.0,0,347,0.0,0.03
14428,4,2008.0,1,39,0.0,0.03
14429,12,1995.0,2,224,0.0,0.03
14430,16,2001.0,10,524,0.02,0.03
14431,15,1998.0,6,203,0.02,0.03
14432,20,2015.0,1,568,0.0,0.03
14433,4,2006.0,0,296,0.03,0.03
14434,19,2010.0,1,109,0.0,0.03
14435,19,2006.0,7,275,0.0,0.03
14436,19,2011.0,7,55,0.0,0.03
14437,20,2015.0,0,262,0.0,0.03
14438,20,2015.0,0,230,0.0,0.03
14439,13,2015.0,0,21,0.0,0.03
14440,6,2006.0,7,359,0.0,0.03
14441,19,2012.0,0,230,0.0,0.03
14442,17,2010.0,0,499,0.0,0.03
14443,15,1999.0,1,275,0.0,0.03
14444,4,2011.0,3,347,0.0,0.03
14445,16,2008.0,1,230,0.0,0.03
14446,16,2007.0,9,275,0.0,0.03
14447,13,2009.0,8,460,0.01,0.03
14448,7,2003.0,10,55,0.02,0.03
14449,4,2010.0,0,275,0.0,0.03
14450,4,2011.0,3,347,0.0,0.03
14451,19,2007.0,5,53,0.03,0.03
14452,15,1997.0,6,253,0.02,0.03
14453,26,2011.0,3,275,0.0,0.03
14454,26,2008.0,3,524,0.0,0.03
14455,2,2012.0,1,87,0.0,0.03
14456,4,2008.0,1,438,0.0,0.03
14457,16,2005.0,9,275,0.01,0.03
14458,4,2007.0,0,182,0.03,0.03
14459,29,2003.0,6,325,0.02,0.03
14460,19,2006.0,5,296,0.03,0.03
14461,20,2015.0,1,486,0.0,0.03
14462,15,2001.0,0,143,0.02,0.03
14463,20,2016.0,7,499,0.0,0.03
14464,28,2010.0,2,445,0.0,0.03
14465,13,2008.0,11,398,0.0,0.03
14466,16,2004.0,7,6,0.01,0.03
14467,2,2015.0,7,155,0.02,0.03
14468,4,2010.0,10,275,0.0,0.03
14469,13,2014.0,7,464,0.0,0.03
14470,20,2014.0,1,362,0.0,0.03
14471,19,2009.0,9,165,0.0,0.03
14472,27,2014.0,3,347,0.0,0.03
14474,19,2008.0,1,301,0.0,0.03
14475,15,1996.0,8,275,0.02,0.03
14476,6,2002.0,4,347,0.02,0.03
14477,2,2015.0,4,245,0.0,0.03
14478,19,2007.0,10,455,0.0,0.03
14479,2,2015.0,0,21,0.0,0.03
14480,13,2007.0,0,524,0.0,0.03
14481,2,2014.0,0,347,0.01,0.03
14482,28,2016.0,0,21,0.01,0.03
14483,17,2014.0,8,21,0.03,0.03
14484,6,2004.0,5,296,0.02,0.03
14485,15,2001.0,6,17,0.02,0.03
14486,16,2007.0,3,275,0.0,0.03
14487,6,2005.0,3,296,0.02,0.03
14488,19,2010.0,7,207,0.0,0.03
14489,4,2008.0,1,430,0.0,0.03
14490,6,2004.0,6,564,0.02,0.03
14491,28,2010.0,2,173,0.0,0.03
14492,10,1998.0,4,241,0.02,0.03
14493,10,1999.0,0,269,0.02,0.03
14494,10,1998.0,10,238,0.02,0.03
14495,4,2009.0,1,275,0.0,0.03
14496,6,2003.0,7,301,0.02,0.03
14497,19,2007.0,4,53,0.03,0.03
14498,19,2010.0,2,301,0.0,0.03
14499,4,2007.0,0,347,0.0,0.03
14500,13,2008.0,6,53,0.0,0.03
14501,4,2010.0,3,224,0.0,0.03
14502,23,1995.0,3,490,0.0,0.03
14503,6,2005.0,5,564,0.02,0.03
14504,19,2008.0,0,53,0.03,0.03
14505,19,2010.0,3,107,0.01,0.03
14506,4,2009.0,1,445,0.0,0.03
14507,13,1988.0,9,308,0.0,0.03
14508,17,2012.0,3,347,0.0,0.03
14509,16,2010.0,1,230,0.0,0.03
14510,13,2011.0,3,487,0.03,0.03
14511,19,2011.0,1,230,0.0,0.03
14512,23,1995.0,11,35,0.0,0.03
14513,16,2009.0,1,477,0.0,0.03
14514,16,2007.0,11,78,0.0,0.03
14515,15,1998.0,11,224,0.02,0.03
14516,13,2012.0,8,66,0.0,0.03
14517,16,2006.0,11,445,0.0,0.03
14518,15,1996.0,8,253,0.02,0.03
14519,4,2009.0,9,524,0.01,0.03
14520,19,2006.0,11,524,0.02,0.03
14521,4,2009.0,0,492,0.0,0.03
14523,15,1995.0,2,274,0.02,0.03
14524,4,2011.0,1,303,0.0,0.03
14525,26,2008.0,1,564,0.03,0.03
14526,13,2009.0,4,369,0.0,0.03
14527,17,2013.0,9,7,0.0,0.03
14528,6,2004.0,8,564,0.02,0.03
14529,13,2010.0,0,288,0.03,0.03
14530,13,2016.0,6,138,0.0,0.03
14531,16,2008.0,1,230,0.0,0.03
14532,4,2006.0,0,564,0.03,0.03
14533,6,2005.0,5,53,0.02,0.03
14534,28,2011.0,7,85,0.0,0.03
14535,29,2003.0,11,85,0.02,0.03
14536,6,2004.0,10,564,0.02,0.03
14537,15,1997.0,11,27,0.02,0.03
14538,19,2010.0,9,165,0.0,0.03
14539,26,2010.0,11,347,0.0,0.03
14540,13,2010.0,11,390,0.0,0.03
14541,29,2006.0,0,347,0.02,0.03
14542,6,2003.0,4,85,0.02,0.03
14543,13,2009.0,7,493,0.0,0.03
14544,29,2005.0,10,198,0.02,0.03
14545,28,2015.0,0,286,0.0,0.03
14546,19,2008.0,3,455,0.0,0.03
14547,13,2008.0,0,21,0.01,0.03
14548,4,2010.0,7,356,0.0,0.03
14549,20,2015.0,0,445,0.0,0.03
14550,4,2009.0,6,21,0.03,0.03
14551,17,2011.0,10,70,0.0,0.03
14552,6,2005.0,4,53,0.02,0.03
14553,16,2002.0,11,445,0.01,0.03
14554,2,2013.0,0,430,0.02,0.03
14555,13,2016.0,10,160,0.0,0.03
14556,14,1996.0,7,345,0.0,0.03
14557,16,2008.0,9,275,0.0,0.03
14558,26,2010.0,6,470,0.03,0.03
14559,20,2015.0,7,98,0.0,0.03
14560,6,2001.0,0,524,0.02,0.03
14561,19,2011.0,3,528,0.0,0.03
14562,17,2009.0,11,455,0.0,0.03
14563,4,2007.0,1,487,0.03,0.03
14564,29,2006.0,10,293,0.02,0.03
14565,4,2010.0,1,347,0.0,0.03
14566,23,1995.0,3,476,0.0,0.03
14567,19,2012.0,0,416,0.0,0.03
14568,13,2008.0,1,265,0.0,0.03
14569,13,2009.0,9,487,0.0,0.03
14570,4,2008.0,0,21,0.02,0.03
14571,17,2006.0,3,275,0.0,0.03
14572,19,2009.0,1,275,0.0,0.03
14573,19,2007.0,10,455,0.03,0.03
14574,26,2009.0,1,120,0.0,0.03
14575,4,2009.0,0,464,0.0,0.03
14576,4,2012.0,5,528,0.0,0.03
14577,2,2013.0,0,347,0.03,0.03
14578,13,2002.0,0,321,0.0,0.03
14579,17,2015.0,0,499,0.0,0.03
14580,28,2010.0,3,70,0.0,0.03
14581,20,2015.0,0,264,0.0,0.03
14582,2,2014.0,3,347,0.0,0.03
14584,4,2008.0,3,460,0.03,0.03
14585,16,2005.0,8,347,0.01,0.03
14586,13,2004.0,8,138,0.01,0.03
14587,4,2007.0,0,347,0.0,0.03
14588,19,2013.0,3,47,0.0,0.03
14589,30,2015.0,1,501,0.03,0.03
14590,29,2003.0,4,60,0.02,0.03
14591,17,2010.0,10,222,0.0,0.03
14592,15,1996.0,0,540,0.02,0.03
14593,4,2008.0,11,499,0.0,0.03
14594,29,2002.0,7,554,0.02,0.03
14595,7,2003.0,6,138,0.02,0.03
14596,16,2006.0,9,275,0.0,0.03
14597,4,2009.0,1,281,0.0,0.03
14598,26,2007.0,6,524,0.01,0.03
14599,13,1992.0,8,571,0.02,0.03
14600,6,2002.0,0,564,0.02,0.03
14601,20,2015.0,1,568,0.0,0.03
14602,4,2010.0,9,162,0.03,0.03
14603,29,2004.0,11,257,0.02,0.03
14604,6,2006.0,10,275,0.0,0.03
14605,4,2009.0,3,109,0.0,0.03
14606,19,2012.0,1,79,0.0,0.03
14607,4,2006.0,0,6,0.03,0.03
14608,19,2010.0,7,469,0.0,0.03
14609,30,2016.0,0,499,0.01,0.03
14610,2,2016.0,7,432,0.0,0.03
14611,19,2006.0,6,91,0.03,0.03
14612,4,2010.0,1,30,0.0,0.03
14613,6,2003.0,0,487,0.02,0.03
14614,2,2016.0,0,347,0.0,0.03
14615,20,2014.0,1,275,0.0,0.03
14616,20,2015.0,7,7,0.0,0.03
14617,17,2011.0,3,528,0.0,0.03
14618,28,2015.0,0,517,0.0,0.03
14619,28,2011.0,3,323,0.03,0.03
14620,26,2010.0,10,366,0.02,0.03
14621,15,2000.0,6,508,0.02,0.03
14622,27,2013.0,3,109,0.01,0.03
14623,18,2015.0,7,28,0.0,0.03
14624,28,2010.0,8,86,0.0,0.03
14625,2,2015.0,11,499,0.0,0.03
14626,6,2006.0,10,359,0.0,0.03
14627,13,2009.0,0,21,0.01,0.03
14628,29,2002.0,6,275,0.02,0.03
14629,19,2010.0,11,455,0.0,0.03
14630,16,2006.0,11,78,0.0,0.03
14631,13,2015.0,1,433,0.0,0.03
14632,4,2010.0,3,359,0.0,0.03
14633,6,2002.0,2,133,0.0,0.03
14634,4,2008.0,5,530,0.03,0.03
14635,13,2016.0,11,390,0.0,0.03
14636,19,2005.0,7,230,0.03,0.03
14637,19,2010.0,1,230,0.0,0.03
14638,29,2004.0,1,524,0.02,0.03
14639,28,2011.0,3,303,0.0,0.03
14640,20,2016.0,1,528,0.0,0.03
14641,29,2003.0,6,554,0.02,0.03
14642,13,2011.0,5,160,0.0,0.03
14643,27,2012.0,4,55,0.0,0.03
14644,4,2009.0,0,445,0.0,0.03
14645,26,2009.0,0,565,0.03,0.03
14646,13,2012.0,1,114,0.0,0.03
14647,20,2015.0,1,486,0.0,0.03
14648,4,2009.0,1,281,0.0,0.03
14649,19,2010.0,2,438,0.0,0.03
14650,26,2009.0,5,101,0.03,0.03
14651,19,2011.0,1,230,0.0,0.03
14652,28,2010.0,10,222,0.0,0.03
14653,13,2010.0,7,171,0.0,0.03
14654,13,2008.0,3,524,0.0,0.03
14655,13,2004.0,8,138,0.0,0.03
14656,15,2000.0,1,455,0.02,0.03
14657,19,2011.0,3,455,0.0,0.03
14658,19,2013.0,1,78,0.0,0.03
14659,7,2002.0,0,325,0.02,0.03
14660,6,2005.0,0,487,0.02,0.03
14661,23,1994.0,0,347,0.0,0.03
14662,4,2005.0,0,275,0.0,0.03
14663,13,2006.0,0,524,0.0,0.03
14664,16,2008.0,2,518,0.0,0.03
14665,28,2012.0,0,109,0.0,0.03
14666,13,2015.0,6,328,0.0,0.03
14667,29,2005.0,2,438,0.02,0.03
14668,29,2002.0,10,275,0.02,0.03
14669,4,2007.0,5,564,0.03,0.03
14670,13,2006.0,11,120,0.0,0.03
14671,19,2011.0,1,166,0.0,0.03
14672,16,2009.0,1,109,0.0,0.03
14673,19,2011.0,1,30,0.0,0.03
14674,19,2010.0,1,560,0.0,0.03
14675,19,2012.0,7,19,0.0,0.03
14677,4,2008.0,11,499,0.0,0.03
14678,17,2012.0,0,347,0.0,0.03
14679,13,2010.0,3,347,0.0,0.03
14680,18,2016.0,0,21,0.02,0.03
14681,4,2012.0,0,58,0.0,0.03
14682,4,2006.0,7,472,0.0,0.03
14683,7,2005.0,4,232,0.02,0.03
14684,4,2008.0,1,351,0.03,0.03
14685,20,2015.0,0,499,0.0,0.03
14686,20,2011.0,9,109,0.0,0.03
14687,17,2013.0,0,499,0.0,0.03
14688,13,2001.0,11,471,0.0,0.03
14689,26,2009.0,1,470,0.03,0.03
14690,26,2011.0,3,8,0.0,0.03
14691,21,1995.0,2,445,0.0,0.03
14692,20,2016.0,0,262,0.0,0.03
14693,28,2011.0,0,85,0.0,0.03
14694,20,2013.0,7,107,0.0,0.03
14695,13,2008.0,0,524,0.0,0.03
14697,19,2007.0,5,325,0.02,0.03
14699,2,2015.0,0,432,0.0,0.03
14700,4,2006.0,9,296,0.03,0.03
14701,13,2011.0,7,390,0.0,0.03
14702,13,2013.0,0,347,0.0,0.03
14703,4,2008.0,6,365,0.0,0.03
14704,17,2009.0,0,455,0.0,0.03
14705,6,2002.0,10,275,0.02,0.03
14706,16,2008.0,1,174,0.0,0.03
14707,19,2011.0,1,30,0.0,0.03
14708,28,2011.0,7,85,0.0,0.03
14709,13,2008.0,9,120,0.0,0.03
14710,15,1998.0,3,142,0.02,0.03
14711,6,2003.0,8,493,0.02,0.03
14712,16,2005.0,6,561,0.01,0.03
14713,19,2011.0,3,47,0.0,0.03
14714,4,2009.0,9,419,0.03,0.03
14715,15,1997.0,3,413,0.02,0.03
14716,29,2003.0,10,85,0.02,0.03
14717,26,2007.0,0,347,0.0,0.03
14718,17,2016.0,0,381,0.01,0.03
14719,19,2011.0,1,30,0.0,0.03
14720,16,2007.0,11,275,0.0,0.03
14721,13,2011.0,11,390,0.0,0.03
14722,13,2003.0,8,493,0.0,0.03
14723,7,2003.0,6,17,0.02,0.03
14724,29,2006.0,10,493,0.02,0.03
14725,7,2003.0,6,85,0.02,0.03
14726,4,2012.0,5,134,0.0,0.03
14727,19,2011.0,3,230,0.0,0.03
14728,13,2008.0,9,138,0.0,0.03
14729,13,2006.0,7,343,0.0,0.03
14730,6,2006.0,8,21,0.02,0.03
14731,6,2002.0,10,17,0.02,0.03
14732,26,2009.0,9,120,0.0,0.03
14733,4,2007.0,1,430,0.03,0.03
14734,4,2009.0,1,102,0.0,0.03
14735,4,2011.0,0,347,0.0,0.03
14736,4,2007.0,7,347,0.0,0.03
14737,29,2005.0,4,275,0.02,0.03
14738,30,2016.0,10,275,0.0,0.03
14739,19,2009.0,7,362,0.0,0.03
14740,19,2009.0,7,499,0.0,0.03
14741,21,1995.0,8,490,0.0,0.03
14742,4,2012.0,0,283,0.0,0.03
14743,13,2003.0,11,53,0.0,0.03
14744,19,2009.0,2,455,0.0,0.03
14745,16,2001.0,3,275,0.0,0.03
14746,19,2012.0,0,347,0.0,0.03
14747,2,2011.0,0,275,0.02,0.03
14748,17,2012.0,0,347,0.0,0.03
14749,16,2006.0,9,499,0.01,0.03
14750,7,2003.0,8,85,0.01,0.03
14751,16,2007.0,2,63,0.0,0.03
14752,13,2009.0,0,288,0.0,0.03
14753,19,2009.0,4,378,0.02,0.03
14754,20,2015.0,1,39,0.02,0.03
14755,13,2016.0,6,91,0.0,0.03
14756,15,1995.0,10,446,0.0,0.03
14757,18,2015.0,0,167,0.02,0.03
14758,16,2006.0,2,561,0.0,0.03
14759,6,2003.0,6,232,0.02,0.03
14760,30,2014.0,10,528,0.02,0.03
14761,26,2011.0,6,565,0.02,0.03
14762,29,2003.0,5,128,0.02,0.03
14763,17,2014.0,1,7,0.0,0.03
14764,28,2014.0,8,21,0.02,0.03
14765,16,2006.0,1,275,0.0,0.03
14766,2,2013.0,2,39,0.0,0.03
14767,13,2007.0,9,138,0.01,0.03
14768,7,2003.0,0,543,0.02,0.03
14769,28,2008.0,1,412,0.0,0.03
14770,19,2012.0,0,230,0.0,0.03
14771,16,2006.0,1,55,0.0,0.03
14772,4,2006.0,0,275,0.02,0.03
14773,6,2003.0,0,445,0.02,0.03
14774,4,2011.0,11,528,0.0,0.03
14775,4,2009.0,0,434,0.0,0.03
14776,2,2016.0,3,445,0.02,0.03
14777,6,2004.0,7,121,0.02,0.03
14778,13,2014.0,6,91,0.0,0.03
14779,15,1996.0,4,413,0.01,0.03
14780,13,2004.0,7,53,0.0,0.03
14781,13,2010.0,7,112,0.0,0.03
14782,16,2004.0,0,85,0.01,0.03
14783,13,2006.0,8,138,0.0,0.03
14784,4,2007.0,0,85,0.0,0.03
14785,13,2011.0,9,567,0.0,0.03
14786,15,1997.0,0,275,0.01,0.03
14787,15,1995.0,4,455,0.0,0.03
14788,13,2010.0,8,85,0.0,0.03
14789,29,2006.0,10,138,0.02,0.03
14790,16,2001.0,9,275,0.0,0.03
14791,16,2002.0,6,60,0.0,0.03
14792,20,2014.0,1,230,0.0,0.03
14793,17,2012.0,1,427,0.0,0.03
14794,13,2008.0,0,493,0.0,0.03
14795,26,2009.0,9,6,0.02,0.03
14796,13,2005.0,7,343,0.02,0.03
14797,19,2010.0,1,412,0.0,0.03
14798,7,2004.0,10,232,0.02,0.03
14799,19,2010.0,11,251,0.0,0.03
14800,19,2006.0,8,53,0.02,0.03
14801,4,2007.0,10,301,0.0,0.03
14802,16,2007.0,8,138,0.0,0.03
14803,17,2012.0,1,98,0.0,0.03
14804,15,1997.0,8,540,0.01,0.03
14805,4,2008.0,1,109,0.0,0.03
14806,16,2008.0,5,122,0.01,0.03
14807,23,1995.0,10,347,0.0,0.03
14808,16,2006.0,4,445,0.01,0.03
14809,28,2011.0,8,303,0.0,0.03
14810,20,2015.0,9,166,0.0,0.03
14811,18,2016.0,0,85,0.0,0.03
14812,26,2009.0,4,378,0.02,0.03
14813,20,2015.0,1,486,0.0,0.03
14814,6,2006.0,10,138,0.02,0.03
14815,15,1999.0,6,246,0.01,0.03
14816,2,2014.0,11,21,0.02,0.03
14817,4,2007.0,9,282,0.02,0.03
14818,27,2013.0,0,286,0.02,0.03
14819,6,2005.0,3,182,0.02,0.03
14820,17,2015.0,1,7,0.0,0.03
14821,4,2009.0,11,82,0.0,0.03
14822,26,2007.0,10,53,0.02,0.03
14823,13,2012.0,1,427,0.0,0.03
14824,6,2005.0,3,564,0.02,0.03
14825,13,2007.0,11,323,0.0,0.03
14826,26,2010.0,10,120,0.02,0.03
14827,27,2014.0,0,126,0.01,0.03
14828,2,2015.0,3,30,0.0,0.03
14829,16,2005.0,10,6,0.01,0.03
14830,20,2014.0,3,299,0.0,0.03
14831,4,2008.0,6,539,0.02,0.03
14832,6,2006.0,0,137,0.02,0.03
14833,4,2008.0,9,499,0.0,0.03
14834,18,2015.0,0,21,0.0,0.03
14835,26,2008.0,6,318,0.02,0.03
14836,13,2005.0,7,323,0.0,0.03
14837,4,2009.0,3,109,0.0,0.03
14838,29,2006.0,8,205,0.02,0.03
14839,16,2005.0,7,472,0.01,0.03
14840,4,2010.0,9,524,0.02,0.03
14841,13,2005.0,8,543,0.0,0.03
14842,16,2008.0,1,109,0.0,0.03
14843,16,2006.0,9,275,0.0,0.03
14844,13,2011.0,1,528,0.0,0.03
14845,6,2004.0,5,528,0.02,0.03
14846,20,2012.0,1,362,0.0,0.03
14847,27,2016.0,0,6,0.0,0.03
14848,4,2009.0,3,511,0.02,0.03
14850,16,2006.0,1,312,0.0,0.03
14851,26,2009.0,9,566,0.02,0.03
14852,4,2011.0,5,82,0.02,0.03
14853,4,2008.0,0,461,0.0,0.03
14854,13,2009.0,0,138,0.0,0.03
14856,19,2011.0,1,230,0.0,0.03
14857,20,2012.0,0,412,0.0,0.03
14858,21,1996.0,1,238,0.0,0.03
14859,20,2015.0,7,230,0.0,0.03
14860,4,2009.0,4,296,0.02,0.03
14861,28,2012.0,0,85,0.02,0.03
14862,26,2008.0,10,347,0.0,0.03
14863,16,2006.0,4,524,0.01,0.03
14864,28,2011.0,7,85,0.0,0.03
14865,4,2009.0,0,492,0.0,0.03
14866,16,2001.0,9,43,0.0,0.03
14867,20,2016.0,1,230,0.0,0.03
14868,26,2011.0,10,70,0.0,0.03
14869,13,2009.0,11,137,0.0,0.03
14870,13,2006.0,7,53,0.0,0.03
14871,19,2010.0,3,47,0.0,0.03
14872,13,2002.0,8,138,0.01,0.03
14873,28,2015.0,1,501,0.02,0.03
14874,15,1996.0,10,507,0.01,0.03
14875,13,2009.0,0,21,0.02,0.03
14877,19,2013.0,1,262,0.0,0.03
14878,16,2003.0,8,60,0.01,0.03
14879,26,2009.0,9,529,0.02,0.03
14880,6,2003.0,6,487,0.02,0.03
14881,19,2012.0,1,230,0.0,0.03
14882,18,2015.0,3,347,0.0,0.03
14883,4,2006.0,11,324,0.01,0.03
14884,13,2011.0,0,126,0.02,0.03
14885,27,2013.0,10,109,0.0,0.03
14886,13,2003.0,9,543,0.0,0.03
14887,28,2015.0,0,21,0.0,0.03
14888,4,2010.0,1,432,0.0,0.03
14889,17,2013.0,3,388,0.0,0.03
14890,16,2007.0,3,445,0.0,0.03
14891,16,2006.0,10,529,0.01,0.03
14892,6,2006.0,7,301,0.0,0.03
14893,15,1998.0,8,251,0.01,0.03
14894,19,2011.0,1,230,0.0,0.03
14895,19,2009.0,0,347,0.0,0.03
14896,18,2016.0,1,362,0.02,0.03
14897,4,2008.0,3,109,0.0,0.03
14898,23,1994.0,0,63,0.0,0.03
14899,4,2007.0,5,101,0.02,0.03
14900,4,2008.0,9,78,0.0,0.03
14901,26,2007.0,4,409,0.02,0.03
14902,15,1996.0,2,177,0.01,0.03
14903,16,2009.0,0,347,0.0,0.03
14904,15,1995.0,1,63,0.0,0.03
14905,4,2007.0,1,270,0.0,0.03
14906,20,2012.0,1,87,0.0,0.03
14907,16,2002.0,1,472,0.0,0.03
14908,19,2006.0,10,455,0.0,0.03
14909,20,2016.0,7,362,0.0,0.02
14910,4,2009.0,9,566,0.02,0.02
14911,20,2014.0,1,230,0.0,0.02
14912,26,2011.0,10,522,0.02,0.02
14913,30,2016.0,0,21,0.02,0.02
14914,13,2005.0,11,493,0.0,0.02
14915,19,2009.0,3,136,0.0,0.02
14916,4,2007.0,1,275,0.0,0.02
14917,7,2002.0,5,17,0.02,0.02
14918,13,2011.0,5,160,0.0,0.02
14919,13,2006.0,11,288,0.0,0.02
14920,6,2005.0,6,564,0.02,0.02
14921,19,2010.0,1,230,0.0,0.02
14922,16,2010.0,1,412,0.0,0.02
14923,29,2004.0,6,255,0.02,0.02
14924,20,2013.0,1,7,0.0,0.02
14926,13,2009.0,1,112,0.0,0.02
14927,21,1995.0,3,536,0.0,0.02
14928,28,2009.0,8,7,0.0,0.02
14929,4,2009.0,3,401,0.0,0.02
14930,13,2006.0,11,120,0.0,0.02
14931,13,2009.0,11,265,0.0,0.02
14932,16,2007.0,2,78,0.0,0.02
14933,13,1998.0,11,543,0.0,0.02
14934,4,2011.0,1,528,0.0,0.02
14935,4,2008.0,0,347,0.0,0.02
14936,16,2005.0,8,138,0.0,0.02
14937,17,2012.0,0,347,0.0,0.02
14938,29,2003.0,2,318,0.02,0.02
14939,6,2004.0,8,198,0.02,0.02
14940,13,2007.0,11,524,0.01,0.02
14941,26,2010.0,9,120,0.02,0.02
14943,16,2006.0,9,275,0.0,0.02
14944,16,2006.0,9,275,0.0,0.02
14945,13,2008.0,7,175,0.0,0.02
14946,7,2005.0,10,275,0.0,0.02
14947,7,2002.0,6,564,0.02,0.02
14948,19,2014.0,0,230,0.0,0.02
14949,28,2010.0,0,301,0.0,0.02
14950,19,2005.0,10,445,0.0,0.02
14951,19,2007.0,3,21,0.02,0.02
14952,19,2012.0,0,7,0.0,0.02
14953,29,2005.0,8,128,0.02,0.02
14954,29,2004.0,9,85,0.02,0.02
14955,17,2016.0,0,347,0.0,0.02
14956,17,2010.0,7,20,0.0,0.02
14957,29,2002.0,10,275,0.02,0.02
14958,19,2011.0,1,230,0.0,0.02
14959,16,2006.0,6,325,0.01,0.02
14960,13,2010.0,0,547,0.01,0.02
14961,19,2008.0,2,301,0.0,0.02
14962,13,2007.0,9,323,0.0,0.02
14963,29,2004.0,0,60,0.02,0.02
14964,6,2003.0,0,85,0.02,0.02
14965,19,2007.0,8,137,0.0,0.02
14966,13,2016.0,9,51,0.0,0.02
14967,19,2006.0,0,275,0.02,0.02
14968,2,2016.0,9,359,0.0,0.02
14969,4,2008.0,9,176,0.02,0.02
14970,4,2010.0,0,263,0.0,0.02
14971,18,2014.0,7,98,0.0,0.02
14972,17,2015.0,0,347,0.0,0.02
14973,13,2009.0,11,53,0.0,0.02
14974,17,2014.0,0,21,0.02,0.02
14975,29,2005.0,4,325,0.02,0.02
14976,19,2011.0,0,166,0.0,0.02
14977,17,2015.0,1,347,0.0,0.02
14978,18,2015.0,2,445,0.0,0.02
14979,19,2008.0,7,156,0.0,0.02
14980,4,2010.0,1,445,0.0,0.02
14981,13,2010.0,7,53,0.0,0.02
14982,28,2011.0,10,21,0.0,0.02
14983,28,2016.0,10,31,0.0,0.02
14984,4,2008.0,3,109,0.0,0.02
14985,20,2014.0,0,230,0.0,0.02
14986,4,2007.0,5,6,0.02,0.02
14987,29,2005.0,0,564,0.02,0.02
14988,16,2006.0,10,303,0.01,0.02
14989,29,2005.0,8,137,0.02,0.02
14990,15,1998.0,6,540,0.01,0.02
14991,6,2002.0,6,91,0.02,0.02
14992,19,2010.0,11,43,0.0,0.02
14993,13,2012.0,11,265,0.0,0.02
14994,13,2008.0,11,390,0.0,0.02
14995,15,1997.0,6,177,0.01,0.02
14996,1,1994.0,5,320,0.0,0.02
15000,19,2007.0,6,191,0.0,0.02
15001,20,2015.0,0,347,0.0,0.02
15002,16,2006.0,1,263,0.0,0.02
15003,16,2006.0,1,260,0.0,0.02
15004,13,2008.0,8,524,0.0,0.02
15005,28,2009.0,1,7,0.0,0.02
15006,20,2016.0,0,444,0.0,0.02
15007,4,2009.0,9,57,0.0,0.02
15008,26,2008.0,4,232,0.02,0.02
15009,6,2002.0,8,275,0.02,0.02
15010,28,2011.0,8,303,0.0,0.02
15011,15,2002.0,4,455,0.01,0.02
15012,26,2009.0,6,481,0.0,0.02
15013,4,2006.0,7,347,0.0,0.02
15014,13,2007.0,9,138,0.0,0.02
15015,26,2008.0,10,224,0.0,0.02
15016,17,2016.0,3,347,0.0,0.02
15017,13,2010.0,5,433,0.0,0.02
15018,16,2004.0,9,263,0.0,0.02
15019,28,2011.0,1,107,0.0,0.02
15020,4,2007.0,7,430,0.0,0.02
15021,26,2014.0,0,347,0.0,0.02
15022,19,2010.0,1,412,0.0,0.02
15023,13,2008.0,8,524,0.0,0.02
15024,19,2011.0,1,230,0.0,0.02
15025,7,2004.0,11,257,0.02,0.02
15026,13,2008.0,11,187,0.0,0.02
15027,15,1997.0,2,275,0.01,0.02
15028,4,2007.0,10,53,0.02,0.02
15029,19,2011.0,1,416,0.0,0.02
15030,19,2013.0,1,230,0.0,0.02
15031,13,2010.0,9,160,0.0,0.02
15032,13,2008.0,0,21,0.0,0.02
15033,16,2006.0,1,477,0.0,0.02
15034,28,2010.0,10,370,0.0,0.02
15035,15,1998.0,5,21,0.01,0.02
15036,18,2016.0,7,358,0.0,0.02
15037,4,2008.0,10,492,0.0,0.02
15038,28,2013.0,1,7,0.0,0.02
15039,6,2004.0,8,543,0.02,0.02
15040,20,2015.0,0,499,0.0,0.02
15041,19,2010.0,1,109,0.0,0.02
15042,16,2008.0,1,30,0.0,0.02
15043,4,2009.0,1,128,0.02,0.02
15044,13,2012.0,2,85,0.0,0.02
15045,16,2001.0,7,43,0.0,0.02
15046,13,2009.0,0,265,0.0,0.02
15047,19,2012.0,11,263,0.0,0.02
15048,29,2002.0,6,142,0.02,0.02
15049,4,2006.0,0,53,0.01,0.02
15050,19,2006.0,5,338,0.02,0.02
15051,4,2012.0,0,283,0.0,0.02
15052,30,2016.0,6,130,0.02,0.02
15053,15,1999.0,3,472,0.01,0.02
15054,4,2007.0,0,275,0.0,0.02
15055,28,2011.0,0,275,0.02,0.02
15057,26,2008.0,8,351,0.02,0.02
15058,16,2007.0,1,301,0.0,0.02
15059,17,2011.0,1,7,0.0,0.02
15060,6,2002.0,7,55,0.02,0.02
15061,4,2006.0,11,347,0.02,0.02
15062,13,2005.0,6,53,0.0,0.02
15063,6,2002.0,4,528,0.02,0.02
15064,26,2009.0,1,445,0.0,0.02
15065,13,2012.0,6,91,0.0,0.02
15066,6,2002.0,7,55,0.02,0.02
15067,16,2007.0,1,312,0.0,0.02
15068,4,2010.0,3,109,0.0,0.02
15069,13,2011.0,5,407,0.02,0.02
15070,20,2016.0,0,499,0.0,0.02
15071,2,2015.0,0,58,0.0,0.02
15072,26,2010.0,5,370,0.02,0.02
15073,13,2005.0,9,202,0.0,0.02
15074,15,1997.0,10,275,0.01,0.02
15075,6,2002.0,7,271,0.0,0.02
15076,28,2015.0,6,328,0.0,0.02
15077,26,2008.0,5,120,0.02,0.02
15078,19,2013.0,1,166,0.0,0.02
15079,4,2011.0,5,470,0.02,0.02
15080,13,2006.0,8,325,0.0,0.02
15081,13,2012.0,3,120,0.0,0.02
15082,18,2016.0,0,250,0.01,0.02
15083,26,2007.0,10,499,0.0,0.02
15084,19,2010.0,0,275,0.0,0.02
15085,16,2007.0,2,561,0.0,0.02
15086,18,2015.0,0,517,0.0,0.02
15087,13,2009.0,11,524,0.0,0.02
15088,15,1999.0,8,253,0.01,0.02
15089,13,2008.0,8,138,0.0,0.02
15090,13,2006.0,5,160,0.0,0.02
15091,16,2007.0,7,301,0.0,0.02
15092,16,2008.0,1,329,0.0,0.02
15093,29,2002.0,10,487,0.02,0.02
15094,13,2007.0,6,91,0.0,0.02
15095,26,2008.0,6,318,0.02,0.02
15096,20,2016.0,7,98,0.0,0.02
15097,28,2006.0,7,524,0.0,0.02
15098,29,2005.0,0,120,0.02,0.02
15099,19,2011.0,3,387,0.0,0.02
15100,19,2013.0,3,499,0.0,0.02
15101,26,2010.0,5,112,0.01,0.02
15102,19,2009.0,1,499,0.0,0.02
15103,17,2015.0,2,445,0.0,0.02
15104,26,2012.0,0,126,0.0,0.02
15105,13,2008.0,8,487,0.0,0.02
15106,16,2008.0,1,275,0.0,0.02
15107,28,2009.0,6,566,0.02,0.02
15108,4,2009.0,1,14,0.0,0.02
15109,13,2009.0,1,524,0.0,0.02
15110,16,2008.0,1,243,0.0,0.02
15111,16,2006.0,1,499,0.0,0.02
15112,16,2006.0,0,101,0.01,0.02
15113,19,2005.0,3,455,0.0,0.02
15114,19,2010.0,1,7,0.0,0.02
15115,19,2009.0,7,156,0.0,0.02
15116,6,2003.0,7,63,0.02,0.02
15117,29,2006.0,2,232,0.02,0.02
15118,29,2004.0,10,55,0.02,0.02
15119,19,2007.0,3,563,0.0,0.02
15120,4,2006.0,0,182,0.02,0.02
15121,13,2007.0,6,53,0.0,0.02
15122,13,2009.0,0,275,0.0,0.02
15123,16,2010.0,1,95,0.0,0.02
15124,20,2015.0,0,166,0.0,0.02
15125,15,2002.0,7,491,0.0,0.02
15126,16,2002.0,10,347,0.0,0.02
15127,13,2009.0,0,21,0.02,0.02
15128,4,2007.0,3,510,0.02,0.02
15129,19,2012.0,1,230,0.0,0.02
15130,19,2010.0,1,14,0.0,0.02
15131,13,2010.0,8,124,0.0,0.02
15132,16,2006.0,0,6,0.01,0.02
15133,7,2002.0,10,325,0.02,0.02
15134,13,1998.0,11,543,0.0,0.02
15135,29,2003.0,6,325,0.02,0.02
15136,16,2005.0,2,347,0.01,0.02
15137,16,2006.0,6,347,0.01,0.02
15138,13,2014.0,8,138,0.0,0.02
15139,13,2001.0,8,493,0.0,0.02
15140,20,2014.0,3,445,0.0,0.02
15141,17,2013.0,0,455,0.0,0.02
15142,17,2009.0,1,461,0.0,0.02
15143,13,2003.0,9,524,0.0,0.02
15144,13,2007.0,11,91,0.0,0.02
15145,13,2014.0,7,120,0.0,0.02
15146,4,2005.0,5,6,0.02,0.02
15147,26,2009.0,11,120,0.02,0.02
15148,19,2010.0,3,109,0.0,0.02
15149,7,2003.0,10,325,0.02,0.02
15150,13,2016.0,10,6,0.01,0.02
15151,26,2007.0,10,564,0.02,0.02
15152,13,2009.0,6,433,0.0,0.02
15153,30,2015.0,10,524,0.0,0.02
15154,17,2015.0,0,499,0.0,0.02
15155,4,2011.0,8,254,0.02,0.02
15156,29,2006.0,8,137,0.02,0.02
15157,20,2015.0,0,528,0.0,0.02
15158,4,2005.0,10,430,0.02,0.02
15159,19,2007.0,7,316,0.0,0.02
15160,15,1999.0,2,540,0.01,0.02
15161,4,2006.0,5,223,0.0,0.02
15162,29,2005.0,1,493,0.02,0.02
15163,13,2011.0,9,528,0.0,0.02
15164,16,2002.0,10,275,0.01,0.02
15165,16,2007.0,3,445,0.0,0.02
15166,18,2016.0,0,381,0.02,0.02
15167,4,2006.0,9,348,0.02,0.02
15168,23,1996.0,5,97,0.0,0.02
15169,17,2013.0,7,362,0.0,0.02
15170,4,2010.0,1,565,0.02,0.02
15171,17,2015.0,0,286,0.0,0.02
15172,13,2001.0,11,73,0.0,0.02
15173,16,2007.0,1,301,0.0,0.02
15174,13,2008.0,7,390,0.0,0.02
15175,4,2009.0,1,438,0.0,0.02
15176,16,2006.0,8,347,0.0,0.02
15177,17,2011.0,1,528,0.0,0.02
15178,16,2006.0,5,101,0.01,0.02
15179,13,2008.0,1,112,0.0,0.02
15180,19,2009.0,0,109,0.0,0.02
15181,7,2003.0,3,485,0.02,0.02
15182,13,2005.0,8,21,0.0,0.02
15183,13,2002.0,11,257,0.0,0.02
15184,20,2016.0,0,528,0.0,0.02
15185,21,1996.0,8,178,0.0,0.02
15186,19,2006.0,3,559,0.0,0.02
15187,4,2011.0,3,405,0.0,0.02
15188,4,2009.0,11,120,0.02,0.02
15189,19,2011.0,1,416,0.0,0.02
15190,13,2009.0,6,91,0.0,0.02
15191,7,2004.0,8,198,0.02,0.02
15192,17,2010.0,3,251,0.0,0.02
15193,17,2014.0,9,262,0.0,0.02
15194,4,2010.0,9,120,0.02,0.02
15195,4,2008.0,1,30,0.0,0.02
15196,29,2004.0,0,321,0.02,0.02
15198,17,2010.0,0,487,0.01,0.02
15199,16,2002.0,1,411,0.0,0.02
15200,13,2005.0,1,53,0.0,0.02
15201,16,2007.0,3,445,0.0,0.02
15202,13,2010.0,1,113,0.0,0.02
15203,30,2016.0,6,347,0.0,0.02
15204,17,2013.0,10,109,0.0,0.02
15205,13,2008.0,10,138,0.0,0.02
15206,13,2006.0,11,138,0.01,0.02
15207,15,1997.0,10,84,0.01,0.02
15209,13,2008.0,1,137,0.0,0.02
15210,28,2011.0,10,112,0.0,0.02
15211,16,2008.0,1,30,0.0,0.02
15212,4,2007.0,0,126,0.02,0.02
15213,4,2008.0,1,72,0.02,0.02
15214,19,2011.0,1,230,0.0,0.02
15215,16,2009.0,11,78,0.0,0.02
15216,19,2012.0,0,230,0.0,0.02
15217,19,2010.0,1,30,0.0,0.02
15218,29,2005.0,2,445,0.02,0.02
15219,13,2007.0,7,112,0.0,0.02
15220,26,2009.0,5,379,0.02,0.02
15221,4,2008.0,10,275,0.0,0.02
15222,16,2004.0,1,240,0.01,0.02
15223,19,2012.0,1,230,0.0,0.02
15224,17,2010.0,1,30,0.0,0.02
15225,20,2015.0,1,230,0.0,0.02
15226,26,2010.0,10,122,0.02,0.02
15227,2,2012.0,7,166,0.0,0.02
15228,19,2007.0,6,120,0.02,0.02
15229,13,2004.0,7,524,0.0,0.02
15230,7,2004.0,0,60,0.02,0.02
15231,13,2005.0,9,138,0.01,0.02
15232,13,2008.0,11,138,0.0,0.02
15233,17,2011.0,3,112,0.0,0.02
15234,13,2005.0,7,143,0.0,0.02
15235,19,2012.0,0,538,0.0,0.02
15236,19,2007.0,5,445,0.0,0.02
15237,4,2010.0,5,6,0.02,0.02
15238,17,2012.0,0,347,0.0,0.02
15239,4,2009.0,9,6,0.02,0.02
15240,16,2006.0,1,260,0.0,0.02
15241,4,2008.0,3,464,0.0,0.02
15242,29,2003.0,6,85,0.02,0.02
15243,16,2006.0,1,455,0.0,0.02
15244,15,2000.0,8,324,0.01,0.02
15245,4,2011.0,5,430,0.0,0.02
15246,19,2006.0,11,445,0.0,0.02
15247,19,2005.0,4,53,0.02,0.02
15248,4,2012.0,0,126,0.0,0.02
15249,13,2009.0,11,464,0.0,0.02
15250,7,2004.0,8,53,0.02,0.02
15251,13,2004.0,8,128,0.0,0.02
15252,17,2014.0,1,98,0.0,0.02
15253,20,2014.0,3,547,0.0,0.02
15254,4,2007.0,0,275,0.0,0.02
15255,23,1994.0,2,476,0.0,0.02
15256,21,1994.0,10,445,0.0,0.02
15257,13,2008.0,0,21,0.0,0.02
15258,29,2003.0,6,17,0.02,0.02
15259,26,2009.0,5,564,0.02,0.02
15260,28,2011.0,3,407,0.0,0.02
15262,19,2009.0,1,30,0.0,0.02
15263,4,2010.0,4,122,0.02,0.02
15264,17,2012.0,0,329,0.0,0.02
15265,16,2002.0,6,275,0.01,0.02
15266,19,2013.0,1,230,0.0,0.02
15267,13,2011.0,7,528,0.02,0.02
15268,17,2015.0,0,464,0.01,0.02
15269,27,2013.0,8,6,0.0,0.02
15270,19,2008.0,9,569,0.0,0.02
15271,7,2003.0,6,17,0.02,0.02
15272,13,2006.0,11,138,0.01,0.02
15273,26,2010.0,3,528,0.0,0.02
15274,16,2006.0,3,142,0.01,0.02
15275,26,2006.0,3,6,0.02,0.02
15276,6,2004.0,8,564,0.02,0.02
15277,19,2010.0,1,230,0.0,0.02
15278,26,2007.0,3,492,0.0,0.02
15279,2,2011.0,8,304,0.02,0.02
15280,4,2008.0,3,64,0.0,0.02
15281,20,2016.0,1,109,0.0,0.02
15282,4,2008.0,1,28,0.02,0.02
15283,19,2011.0,1,230,0.0,0.02
15284,17,2014.0,10,517,0.0,0.02
15285,29,2004.0,5,445,0.02,0.02
15286,28,2010.0,1,230,0.0,0.02
15287,4,2009.0,1,365,0.0,0.02
15288,19,2009.0,11,451,0.0,0.02
15289,21,1996.0,3,454,0.0,0.02
15290,16,2008.0,1,411,0.0,0.02
15291,13,2009.0,11,445,0.0,0.02
15292,20,2016.0,1,7,0.0,0.02
15293,16,2011.0,1,230,0.0,0.02
15294,2,2012.0,0,39,0.0,0.02
15295,7,2002.0,4,485,0.02,0.02
15296,16,2007.0,1,78,0.0,0.02
15297,19,2010.0,1,352,0.0,0.02
15298,16,2002.0,6,543,0.01,0.02
15299,4,2006.0,7,275,0.0,0.02
15300,13,2016.0,6,91,0.0,0.02
15301,15,1996.0,1,90,0.01,0.02
15302,13,2007.0,4,21,0.02,0.02
15303,28,2012.0,1,7,0.0,0.02
15304,4,2011.0,4,254,0.02,0.02
15305,13,2015.0,0,31,0.0,0.02
15306,4,2007.0,3,499,0.0,0.02
15307,13,2008.0,7,92,0.0,0.02
15308,4,2010.0,11,470,0.02,0.02
15309,13,2009.0,11,82,0.0,0.02
15310,17,2013.0,7,85,0.0,0.02
15311,29,2006.0,2,438,0.02,0.02
15312,16,2007.0,6,553,0.01,0.02
15313,19,2007.0,5,109,0.01,0.02
15314,15,1995.0,1,455,0.01,0.02
15315,4,2007.0,1,301,0.0,0.02
15317,4,2009.0,0,296,0.02,0.02
15318,19,2010.0,1,230,0.0,0.02
15319,6,2003.0,10,50,0.01,0.02
15320,28,2012.0,1,160,0.0,0.02
15321,16,2002.0,0,491,0.0,0.02
15322,16,2006.0,1,109,0.0,0.02
15323,28,2011.0,0,528,0.0,0.02
15324,4,2010.0,9,301,0.0,0.02
15326,19,2011.0,7,467,0.0,0.02
15327,4,2008.0,8,282,0.02,0.02
15328,16,2006.0,1,30,0.0,0.02
15329,13,2007.0,7,138,0.0,0.02
15330,26,2008.0,2,301,0.0,0.02
15331,17,2014.0,7,362,0.0,0.02
15332,17,2012.0,8,30,0.0,0.02
15333,26,2011.0,0,522,0.02,0.02
15334,4,2011.0,1,230,0.0,0.02
15335,4,2011.0,5,528,0.0,0.02
15336,2,2015.0,0,286,0.0,0.02
15337,6,2005.0,7,275,0.01,0.02
15338,18,2016.0,0,85,0.01,0.02
15339,13,2016.0,8,120,0.0,0.02
15340,19,2013.0,1,230,0.0,0.02
15341,30,2016.0,7,160,0.01,0.02
15342,17,2012.0,1,347,0.0,0.02
15343,13,2006.0,6,91,0.0,0.02
15344,13,2011.0,9,528,0.0,0.02
15345,26,2009.0,10,72,0.02,0.02
15346,21,1998.0,1,417,0.0,0.02
15347,17,2012.0,0,347,0.0,0.02
15348,6,2002.0,10,528,0.01,0.02
15349,13,2012.0,11,229,0.0,0.02
15350,27,2014.0,8,21,0.02,0.02
15351,4,2007.0,8,396,0.02,0.02
15352,20,2015.0,0,230,0.0,0.02
15354,29,2004.0,0,445,0.02,0.02
15355,19,2011.0,0,109,0.0,0.02
15356,26,2008.0,2,347,0.0,0.02
15357,19,2013.0,1,30,0.0,0.02
15358,2,2013.0,1,67,0.0,0.02
15359,19,2008.0,3,127,0.0,0.02
15360,4,2008.0,10,338,0.02,0.02
15361,6,2001.0,4,487,0.01,0.02
15362,6,2002.0,6,121,0.01,0.02
15363,29,2005.0,8,269,0.02,0.02
15364,4,2010.0,1,39,0.0,0.02
15365,15,2001.0,9,275,0.0,0.02
15366,19,2012.0,7,166,0.0,0.02
15367,26,2010.0,1,122,0.02,0.02
15368,4,2008.0,1,347,0.0,0.02
15369,20,2016.0,7,358,0.0,0.02
15370,26,2007.0,1,524,0.0,0.02
15371,4,2012.0,0,58,0.0,0.02
15372,10,1999.0,10,54,0.02,0.02
15373,10,2000.0,5,330,0.02,0.02
15374,4,2010.0,9,291,0.0,0.02
15375,19,2006.0,11,347,0.0,0.02
15376,4,2010.0,6,470,0.02,0.02
15377,13,2006.0,9,138,0.01,0.02
15378,15,2002.0,1,524,0.01,0.02
15379,19,2011.0,1,416,0.0,0.02
15380,4,2009.0,7,464,0.0,0.02
15381,16,2006.0,4,348,0.01,0.02
15382,15,1999.0,0,540,0.01,0.02
15383,20,2012.0,0,445,0.0,0.02
15384,17,2015.0,3,347,0.0,0.02
15385,19,2011.0,7,467,0.0,0.02
15386,19,2006.0,3,455,0.0,0.02
15387,29,2003.0,6,17,0.02,0.02
15388,19,2010.0,1,78,0.0,0.02
15389,13,2012.0,6,347,0.0,0.02
15390,19,2012.0,7,467,0.0,0.02
15391,19,2006.0,3,445,0.0,0.02
15392,2,2011.0,0,347,0.0,0.02
15393,20,2014.0,7,455,0.0,0.02
15394,18,2016.0,0,57,0.0,0.02
15395,4,2007.0,9,111,0.02,0.02
15396,4,2008.0,9,301,0.0,0.02
15397,19,2012.0,0,95,0.0,0.02
15398,17,2013.0,7,156,0.0,0.02
15399,29,2005.0,6,493,0.01,0.02
15400,20,2016.0,1,362,0.0,0.02
15401,7,2002.0,10,275,0.02,0.02
15402,16,2007.0,10,499,0.0,0.02
15403,18,2016.0,0,85,0.0,0.02
15404,16,2010.0,0,434,0.0,0.02
15405,19,2013.0,1,109,0.0,0.02
15406,27,2013.0,2,499,0.0,0.02
15407,26,2010.0,6,367,0.01,0.02
15408,6,2006.0,0,53,0.01,0.02
15409,13,2016.0,7,464,0.0,0.02
15410,16,2006.0,9,275,0.0,0.02
15411,16,2008.0,10,53,0.01,0.02
15412,4,2009.0,5,122,0.02,0.02
15413,19,2014.0,1,230,0.0,0.02
15414,28,2007.0,11,323,0.0,0.02
15415,13,2016.0,9,53,0.0,0.02
15416,19,2010.0,1,7,0.0,0.02
15417,13,2011.0,11,229,0.0,0.02
15418,26,2006.0,5,481,0.01,0.02
15419,19,2008.0,7,156,0.0,0.02
15420,29,2005.0,3,304,0.01,0.02
15421,19,2013.0,1,263,0.0,0.02
15422,17,2014.0,1,347,0.0,0.02
15423,13,2008.0,9,138,0.0,0.02
15424,20,2015.0,1,300,0.0,0.02
15425,16,2004.0,4,152,0.01,0.02
15426,4,2008.0,11,566,0.02,0.02
15427,13,2006.0,9,138,0.0,0.02
15428,16,2008.0,7,445,0.0,0.02
15429,13,2006.0,10,445,0.0,0.02
15430,13,2005.0,9,91,0.0,0.02
15431,19,2012.0,0,347,0.0,0.02
15432,2,2014.0,0,347,0.01,0.02
15433,13,2010.0,7,390,0.01,0.02
15434,26,2010.0,1,460,0.0,0.02
15435,13,2012.0,5,161,0.0,0.02
15436,28,2013.0,8,367,0.0,0.02
15437,13,2016.0,0,85,0.01,0.02
15438,19,2009.0,9,499,0.0,0.02
15439,4,2007.0,5,137,0.0,0.02
15440,2,2015.0,0,39,0.0,0.02
15441,13,2009.0,0,137,0.0,0.02
15442,18,2015.0,0,367,0.0,0.02
15443,13,2008.0,10,138,0.0,0.02
15444,4,2007.0,5,21,0.02,0.02
15445,17,2013.0,7,362,0.0,0.02
15446,20,2015.0,11,499,0.0,0.02
15447,26,2011.0,9,8,0.0,0.02
15448,16,2006.0,0,347,0.0,0.02
15449,20,2015.0,0,499,0.0,0.02
15450,4,2014.0,0,347,0.02,0.02
15451,13,2007.0,11,528,0.0,0.02
15452,13,2012.0,7,390,0.0,0.02
15453,6,2001.0,7,536,0.01,0.02
15454,13,2003.0,8,189,0.0,0.02
15455,19,2011.0,1,109,0.0,0.02
15456,29,2004.0,2,53,0.01,0.02
15457,17,2012.0,1,7,0.0,0.02
15458,26,2008.0,10,553,0.02,0.02
15459,19,2008.0,7,455,0.0,0.02
15460,13,2005.0,8,142,0.0,0.02
15461,19,2007.0,1,412,0.0,0.02
15462,13,2008.0,8,138,0.0,0.02
15463,16,2010.0,1,30,0.0,0.02
15464,18,2016.0,10,57,0.0,0.02
15465,4,2009.0,0,566,0.0,0.02
15466,27,2016.0,4,120,0.01,0.02
15467,13,2011.0,5,57,0.0,0.02
15468,13,2006.0,11,53,0.0,0.02
15469,17,2015.0,0,347,0.0,0.02
15470,13,2016.0,1,321,0.0,0.02
15471,16,2006.0,10,445,0.0,0.02
15472,20,2015.0,0,98,0.0,0.02
15473,15,1998.0,10,413,0.01,0.02
15474,18,2015.0,0,109,0.0,0.02
15475,18,2016.0,7,230,0.0,0.02
15477,19,2013.0,2,347,0.0,0.02
15478,19,2010.0,1,107,0.0,0.02
15479,1,1995.0,9,236,0.0,0.02
15480,13,2009.0,8,21,0.02,0.02
15481,18,2016.0,1,321,0.01,0.02
15482,17,2011.0,0,524,0.02,0.02
15483,16,2008.0,1,472,0.0,0.02
15484,4,2005.0,4,430,0.01,0.02
15485,13,2008.0,11,487,0.0,0.02
15486,6,2002.0,11,508,0.01,0.02
15487,29,2005.0,4,198,0.01,0.02
15488,20,2015.0,0,499,0.0,0.02
15489,4,2008.0,9,193,0.0,0.02
15490,2,2015.0,11,55,0.0,0.02
15491,19,2008.0,7,224,0.0,0.02
15492,13,2003.0,11,137,0.0,0.02
15493,20,2015.0,0,109,0.0,0.02
15494,7,2003.0,6,17,0.01,0.02
15495,13,2015.0,3,161,0.0,0.02
15496,20,2016.0,0,362,0.0,0.02
15497,26,2009.0,8,522,0.02,0.02
15498,2,2012.0,5,283,0.0,0.02
15499,29,2002.0,10,275,0.01,0.02
15500,19,2010.0,3,268,0.0,0.02
15501,4,2008.0,9,128,0.02,0.02
15502,15,2000.0,11,241,0.01,0.02
15503,16,2007.0,2,301,0.0,0.02
15504,28,2011.0,8,86,0.0,0.02
15505,15,2000.0,8,347,0.01,0.02
15506,19,2013.0,1,78,0.0,0.02
15507,17,2016.0,0,85,0.0,0.02
15508,20,2016.0,1,230,0.0,0.02
15509,28,2012.0,0,86,0.0,0.02
15510,13,2003.0,1,524,0.0,0.02
15511,19,2009.0,3,11,0.0,0.02
15512,19,2012.0,0,230,0.0,0.02
15513,16,2007.0,7,461,0.0,0.02
15514,16,2009.0,8,30,0.0,0.02
15515,15,1997.0,5,324,0.01,0.02
15516,19,2009.0,7,347,0.0,0.02
15517,13,2013.0,9,25,0.0,0.02
15518,4,2008.0,6,565,0.02,0.02
15519,16,2006.0,9,211,0.0,0.02
15520,6,2006.0,3,126,0.01,0.02
15521,7,2003.0,0,524,0.01,0.02
15522,13,2011.0,6,524,0.0,0.02
15523,28,2011.0,3,487,0.01,0.02
15524,4,2010.0,1,263,0.0,0.02
15525,6,2006.0,0,275,0.01,0.02
15526,16,2008.0,1,7,0.0,0.02
15527,16,2006.0,1,490,0.0,0.02
15528,29,2006.0,10,138,0.01,0.02
15529,28,2012.0,0,524,0.02,0.02
15530,26,2010.0,10,122,0.02,0.02
15531,17,2015.0,0,109,0.0,0.02
15532,27,2014.0,0,347,0.0,0.02
15533,6,2006.0,3,214,0.01,0.02
15534,29,2006.0,8,137,0.01,0.02
15535,24,1995.0,8,224,0.0,0.02
15536,16,2007.0,0,301,0.0,0.02
15537,6,2002.0,0,524,0.01,0.02
15538,16,2007.0,9,275,0.0,0.02
15539,18,2015.0,5,124,0.0,0.02
15540,15,1997.0,0,17,0.01,0.02
15541,13,2008.0,8,53,0.0,0.02
15542,19,2007.0,1,412,0.0,0.02
15543,2,2012.0,0,227,0.0,0.02
15544,4,2006.0,3,55,0.0,0.02
15545,16,2007.0,9,275,0.0,0.02
15546,29,2003.0,1,487,0.01,0.02
15547,4,2009.0,3,510,0.02,0.02
15548,26,2010.0,8,528,0.01,0.02
15549,19,2010.0,1,230,0.0,0.02
15550,19,2010.0,1,230,0.0,0.02
15551,16,2007.0,11,275,0.0,0.02
15552,19,2010.0,1,7,0.0,0.02
15553,12,1995.0,10,498,0.0,0.02
15554,20,2015.0,1,568,0.0,0.02
15555,2,2012.0,0,347,0.0,0.02
15556,4,2006.0,3,347,0.0,0.02
15557,20,2015.0,1,412,0.0,0.02
15558,4,2007.0,4,182,0.01,0.02
15559,26,2011.0,7,263,0.0,0.02
15560,17,2015.0,0,39,0.0,0.02
15561,20,2015.0,0,7,0.0,0.02
15562,6,2004.0,1,543,0.01,0.02
15563,13,2010.0,10,160,0.0,0.02
15564,19,2010.0,1,528,0.0,0.02
15565,13,2008.0,7,273,0.0,0.02
15566,17,2016.0,3,347,0.0,0.02
15567,26,2009.0,9,324,0.0,0.02
15568,19,2006.0,6,91,0.01,0.02
15569,19,2012.0,7,262,0.0,0.02
15570,2,2015.0,0,499,0.0,0.02
15571,13,2009.0,11,402,0.02,0.02
15572,13,2015.0,0,524,0.0,0.02
15573,4,2009.0,10,72,0.02,0.02
15574,13,2015.0,3,58,0.0,0.02
15575,4,2009.0,0,296,0.02,0.02
15576,16,2007.0,7,445,0.0,0.02
15577,20,2014.0,3,301,0.0,0.02
15578,19,2010.0,0,492,0.0,0.02
15580,4,2005.0,10,232,0.02,0.02
15581,2,2015.0,3,212,0.0,0.02
15582,20,2014.0,6,328,0.0,0.02
15583,4,2008.0,5,224,0.0,0.02
15584,16,2007.0,1,412,0.0,0.02
15585,4,2010.0,9,464,0.0,0.02
15586,16,2010.0,7,347,0.0,0.02
15587,4,2007.0,3,180,0.0,0.02
15588,4,2010.0,0,347,0.0,0.02
15589,13,2008.0,5,407,0.0,0.02
15590,19,2013.0,3,47,0.0,0.02
15591,19,2007.0,5,110,0.02,0.02
15592,29,2002.0,10,275,0.01,0.02
15593,16,2006.0,10,499,0.0,0.02
15594,26,2007.0,6,409,0.01,0.02
15595,29,2005.0,0,543,0.01,0.02
15596,28,2010.0,8,7,0.0,0.02
15597,4,2007.0,10,111,0.02,0.02
15598,17,2016.0,8,21,0.0,0.02
15599,16,2006.0,2,232,0.0,0.02
15600,4,2010.0,9,433,0.0,0.02
15601,13,2008.0,11,138,0.0,0.02
15602,19,2011.0,3,263,0.0,0.02
15603,16,2002.0,1,536,0.0,0.02
15604,4,2009.0,5,351,0.01,0.02
15605,13,2010.0,8,21,0.02,0.02
15607,16,2006.0,0,445,0.0,0.02
15608,6,2002.0,0,60,0.01,0.02
15609,13,2011.0,8,304,0.02,0.02
15610,28,2011.0,10,70,0.0,0.02
15611,13,2008.0,1,68,0.0,0.02
15612,30,2015.0,0,524,0.0,0.02
15613,17,2016.0,0,499,0.0,0.02
15614,19,2010.0,1,30,0.0,0.02
15615,2,2012.0,0,251,0.0,0.02
15616,4,2010.0,3,347,0.0,0.02
15617,16,2008.0,6,460,0.01,0.02
15618,2,2013.0,0,347,0.0,0.02
15619,16,2007.0,1,263,0.0,0.02
15620,16,2007.0,1,109,0.0,0.02
15621,4,2010.0,10,193,0.0,0.02
15622,6,2001.0,5,99,0.01,0.02
15623,19,2011.0,1,30,0.0,0.02
15624,26,2010.0,5,522,0.02,0.02
15625,4,2006.0,1,6,0.0,0.02
15626,13,2006.0,0,137,0.0,0.02
15627,26,2008.0,6,91,0.02,0.02
15628,15,1998.0,0,27,0.01,0.02
15629,16,2006.0,2,475,0.0,0.02
15630,6,2001.0,7,223,0.01,0.02
15631,29,2005.0,2,275,0.01,0.02
15632,6,2005.0,5,500,0.01,0.02
15633,13,2002.0,9,323,0.01,0.02
15634,19,2012.0,0,230,0.0,0.02
15635,16,2008.0,0,301,0.0,0.02
15636,26,2007.0,3,347,0.0,0.02
15637,29,2003.0,8,508,0.01,0.02
15638,19,2009.0,7,467,0.0,0.02
15639,13,2014.0,0,464,0.0,0.02
15640,13,2015.0,0,464,0.01,0.02
15641,20,2014.0,1,412,0.0,0.02
15642,16,2006.0,7,230,0.0,0.02
15643,19,2012.0,0,107,0.0,0.02
15644,7,2002.0,10,445,0.01,0.02
15645,26,2009.0,10,378,0.0,0.02
15646,17,2014.0,10,160,0.0,0.02
15647,29,2006.0,10,21,0.01,0.02
15648,15,1996.0,7,43,0.01,0.02
15649,26,2010.0,10,541,0.02,0.02
15650,6,2002.0,3,53,0.01,0.02
15651,13,2000.0,9,246,0.0,0.02
15653,6,2002.0,10,275,0.01,0.02
15654,13,2010.0,5,303,0.0,0.02
15655,6,2003.0,4,325,0.01,0.02
15656,4,2008.0,4,67,0.02,0.02
15657,17,2009.0,6,70,0.0,0.02
15658,13,2016.0,0,242,0.02,0.02
15659,16,2006.0,3,559,0.0,0.02
15660,19,2011.0,11,499,0.0,0.02
15661,7,2002.0,10,275,0.01,0.02
15662,16,2004.0,8,400,0.01,0.02
15663,17,2011.0,7,20,0.0,0.02
15664,18,2014.0,3,524,0.0,0.02
15665,4,2008.0,3,331,0.0,0.02
15666,16,2002.0,6,564,0.0,0.02
15667,29,2003.0,6,255,0.01,0.02
15668,7,2003.0,6,325,0.01,0.02
15669,19,2010.0,7,275,0.0,0.02
15670,4,2007.0,5,232,0.01,0.02
15671,13,2004.0,8,53,0.0,0.02
15672,16,2006.0,10,455,0.01,0.02
15673,19,2009.0,7,362,0.0,0.02
15674,29,2006.0,8,137,0.01,0.02
15675,7,2003.0,4,544,0.01,0.02
15676,17,2015.0,0,347,0.0,0.02
15677,4,2007.0,10,564,0.02,0.02
15678,2,2012.0,3,58,0.0,0.02
15679,13,1999.0,1,142,0.0,0.02
15680,19,2006.0,7,275,0.0,0.02
15681,13,2006.0,11,493,0.0,0.02
15682,4,2007.0,9,275,0.0,0.02
15683,19,2006.0,1,87,0.0,0.02
15684,18,2016.0,9,499,0.0,0.02
15685,4,2005.0,3,296,0.02,0.02
15686,17,2011.0,11,109,0.0,0.02
15687,23,1994.0,10,332,0.0,0.02
15688,26,2010.0,0,296,0.02,0.02
15689,20,2014.0,1,7,0.0,0.02
15690,4,2008.0,8,42,0.0,0.02
15691,20,2015.0,1,262,0.0,0.02
15692,13,2004.0,1,289,0.0,0.02
15693,6,2004.0,8,347,0.01,0.02
15694,4,2010.0,5,101,0.02,0.02
15695,13,2011.0,11,265,0.0,0.02
15696,19,2011.0,1,416,0.0,0.02
15698,16,2007.0,3,109,0.0,0.02
15699,13,2008.0,0,524,0.0,0.02
15700,2,2013.0,0,286,0.0,0.02
15701,19,2010.0,1,434,0.0,0.02
15702,19,2009.0,1,412,0.0,0.02
15703,16,2002.0,1,119,0.0,0.02
15704,6,2007.0,3,109,0.01,0.02
15705,4,2009.0,1,128,0.02,0.02
15706,16,2006.0,1,0,0.01,0.02
15707,30,2015.0,1,501,0.0,0.02
15708,13,2003.0,1,321,0.0,0.02
15709,19,2013.0,11,347,0.0,0.02
15710,4,2010.0,1,105,0.0,0.02
15711,17,2015.0,0,347,0.0,0.02
15712,16,2007.0,1,362,0.0,0.02
15713,19,2006.0,7,230,0.02,0.02
15714,18,2016.0,0,120,0.0,0.02
15715,16,2006.0,3,182,0.01,0.02
15716,20,2016.0,1,230,0.0,0.02
15718,26,2010.0,0,351,0.0,0.02
15719,16,2010.0,1,30,0.0,0.02
15720,30,2016.0,0,499,0.01,0.02
15721,19,2013.0,1,230,0.0,0.02
15722,4,2006.0,7,511,0.0,0.02
15723,15,2001.0,2,347,0.01,0.02
15724,19,2010.0,1,109,0.0,0.02
15725,13,2010.0,11,265,0.0,0.02
15726,13,2016.0,1,273,0.0,0.02
15727,30,2015.0,10,367,0.02,0.02
15728,29,2006.0,0,85,0.01,0.02
15729,7,2003.0,11,255,0.01,0.02
15730,4,2009.0,6,324,0.02,0.02
15731,19,2011.0,0,492,0.0,0.02
15732,19,2012.0,0,230,0.0,0.02
15733,4,2009.0,3,120,0.01,0.02
15734,29,2005.0,6,544,0.01,0.02
15735,4,2007.0,4,6,0.01,0.02
15736,28,2010.0,1,7,0.0,0.02
15737,4,2008.0,1,206,0.0,0.02
15738,4,2006.0,3,528,0.02,0.02
15740,17,2015.0,0,347,0.0,0.02
15741,13,2010.0,11,390,0.0,0.02
15742,4,2009.0,9,6,0.01,0.02
15743,4,2009.0,3,176,0.0,0.02
15744,19,2010.0,1,107,0.0,0.02
15745,13,2006.0,0,21,0.0,0.02
15746,26,2011.0,10,381,0.0,0.02
15747,4,2010.0,3,347,0.0,0.02
15748,13,2006.0,0,137,0.0,0.02
15749,20,2015.0,0,47,0.0,0.02
15750,13,2006.0,9,524,0.01,0.02
15751,4,2007.0,3,275,0.0,0.02
15752,16,2007.0,1,301,0.0,0.02
15753,19,2011.0,1,7,0.0,0.02
15754,19,2012.0,0,230,0.0,0.02
15755,29,2003.0,8,53,0.01,0.02
15756,26,2013.0,10,109,0.0,0.02
15757,4,2009.0,6,370,0.02,0.02
15758,4,2009.0,5,470,0.02,0.02
15759,4,2010.0,5,275,0.01,0.02
15760,15,1996.0,1,413,0.01,0.02
15761,15,2001.0,0,85,0.01,0.02
15762,4,2008.0,3,105,0.0,0.02
15763,13,2014.0,7,160,0.0,0.02
15764,26,2008.0,0,464,0.0,0.02
15765,28,2010.0,11,107,0.0,0.02
15766,6,2006.0,0,101,0.01,0.02
15767,13,2009.0,1,433,0.0,0.02
15768,4,2010.0,0,224,0.0,0.02
15769,20,2015.0,0,230,0.0,0.02
15770,16,2010.0,1,230,0.0,0.02
15771,20,2015.0,1,230,0.0,0.02
15772,19,2007.0,5,109,0.02,0.02
15773,16,2007.0,6,475,0.0,0.02
15774,29,2006.0,8,198,0.01,0.02
15775,28,2011.0,1,7,0.0,0.02
15776,4,2007.0,3,180,0.0,0.02
15777,13,2001.0,11,540,0.0,0.02
15778,19,2010.0,1,263,0.0,0.02
15779,15,2002.0,0,493,0.0,0.02
15780,20,2015.0,0,230,0.0,0.02
15781,13,2007.0,8,323,0.0,0.02
15782,26,2007.0,9,490,0.0,0.02
15783,16,2005.0,3,347,0.0,0.02
15784,26,2011.0,4,470,0.02,0.02
15785,13,2004.0,6,91,0.0,0.02
15786,19,2009.0,7,207,0.0,0.02
15787,13,2005.0,0,137,0.0,0.02
15789,13,2010.0,0,85,0.0,0.02
15790,4,2008.0,10,255,0.0,0.02
15791,15,1998.0,0,442,0.01,0.02
15792,6,2002.0,10,275,0.01,0.02
15793,20,2015.0,1,226,0.0,0.02
15794,29,2003.0,8,543,0.01,0.02
15795,13,2006.0,9,524,0.0,0.02
15796,28,2015.0,10,138,0.0,0.02
15797,13,2008.0,4,487,0.0,0.02
15798,16,2006.0,0,109,0.0,0.02
15799,6,2002.0,10,524,0.01,0.02
15800,7,2002.0,6,524,0.01,0.02
15801,30,2016.0,11,493,0.01,0.02
15802,4,2009.0,10,138,0.0,0.02
15803,4,2009.0,1,63,0.0,0.02
15804,28,2016.0,8,21,0.01,0.02
15805,4,2007.0,3,275,0.02,0.02
15806,16,2007.0,1,107,0.0,0.02
15807,4,2006.0,7,347,0.0,0.02
15808,16,2006.0,0,150,0.0,0.02
15809,28,2015.0,10,69,0.0,0.02
15810,19,2012.0,0,109,0.0,0.02
15812,16,2009.0,1,428,0.0,0.02
15813,13,2010.0,11,297,0.0,0.02
15814,4,2006.0,5,371,0.02,0.02
15815,7,2004.0,0,445,0.01,0.02
15816,20,2013.0,10,499,0.0,0.02
15817,19,2006.0,8,172,0.02,0.02
15818,13,2010.0,11,138,0.0,0.02
15819,13,2005.0,0,487,0.01,0.02
15820,28,2010.0,10,514,0.0,0.02
15821,13,2008.0,11,338,0.01,0.02
15822,19,2012.0,0,195,0.0,0.02
15823,16,2007.0,0,301,0.0,0.02
15824,13,2008.0,1,103,0.0,0.02
15825,27,2014.0,5,445,0.0,0.02
15826,29,2004.0,3,323,0.01,0.02
15827,4,2008.0,3,445,0.0,0.02
15828,13,2011.0,8,542,0.02,0.02
15829,2,2014.0,1,85,0.0,0.02
15830,4,2011.0,3,126,0.0,0.02
15831,4,2005.0,9,257,0.01,0.02
15832,26,2010.0,9,122,0.02,0.02
15833,7,2005.0,4,257,0.01,0.02
15834,13,2011.0,11,390,0.0,0.02
15835,13,2005.0,8,289,0.0,0.02
15836,13,2009.0,5,528,0.0,0.02
15837,13,2007.0,10,138,0.0,0.02
15838,4,2007.0,0,487,0.02,0.02
15839,17,2014.0,1,109,0.0,0.02
15840,19,2010.0,7,347,0.0,0.02
15841,4,2011.0,0,347,0.0,0.02
15842,16,2010.0,3,30,0.0,0.02
15843,4,2010.0,3,359,0.0,0.02
15844,20,2013.0,1,37,0.0,0.02
15845,28,2010.0,1,7,0.0,0.02
15846,20,2015.0,0,230,0.0,0.02
15847,28,2006.0,7,464,0.0,0.02
15848,13,2009.0,8,368,0.01,0.02
15849,4,2010.0,3,33,0.0,0.02
15850,17,2007.0,10,499,0.0,0.02
15851,26,2007.0,6,409,0.01,0.02
15852,18,2016.0,8,430,0.01,0.02
15853,4,2005.0,8,275,0.02,0.02
15854,4,2011.0,9,8,0.0,0.02
15855,13,2009.0,7,137,0.01,0.02
15856,19,2013.0,3,109,0.0,0.02
15857,20,2014.0,1,7,0.0,0.02
15858,13,2013.0,0,85,0.0,0.02
15859,26,2012.0,0,21,0.0,0.02
15860,13,2013.0,4,160,0.0,0.02
15861,19,2013.0,1,95,0.0,0.02
15862,20,2016.0,1,568,0.0,0.02
15863,2,2014.0,0,85,0.0,0.02
15864,16,2007.0,1,412,0.0,0.02
15866,4,2007.0,11,499,0.0,0.02
15867,4,1985.0,0,339,0.0,0.02
15868,17,2010.0,0,499,0.0,0.02
15869,13,2009.0,11,390,0.01,0.02
15870,29,2003.0,6,53,0.01,0.02
15871,16,2006.0,1,85,0.0,0.02
15872,6,2004.0,8,564,0.01,0.02
15873,16,2008.0,8,445,0.0,0.02
15874,13,2009.0,9,390,0.01,0.02
15875,2,2013.0,10,109,0.0,0.02
15877,19,2010.0,3,387,0.0,0.02
15879,2,2011.0,3,251,0.0,0.02
15880,13,2003.0,11,138,0.01,0.02
15881,20,2014.0,1,194,0.0,0.02
15882,28,2006.0,8,109,0.0,0.02
15883,16,2009.0,1,560,0.0,0.02
15884,26,2010.0,6,275,0.01,0.02
15885,20,2016.0,1,7,0.0,0.02
15886,18,2016.0,2,560,0.0,0.02
15887,27,2012.0,11,499,0.0,0.02
15888,13,2004.0,10,445,0.0,0.02
15889,4,2011.0,1,263,0.0,0.02
15890,7,2004.0,4,53,0.01,0.02
15891,7,2004.0,8,101,0.01,0.02
15892,4,2006.0,0,492,0.0,0.02
15893,19,2008.0,1,230,0.0,0.02
15894,29,2002.0,6,142,0.01,0.02
15895,13,2007.0,8,21,0.01,0.02
15896,26,2009.0,6,367,0.0,0.02
15897,13,2015.0,9,138,0.0,0.02
15898,16,2008.0,1,14,0.0,0.02
15899,3,2007.0,8,545,0.0,0.02
15901,6,2006.0,0,487,0.01,0.02
15902,16,2007.0,11,275,0.0,0.02
15903,19,2006.0,9,347,0.0,0.02
15904,16,2008.0,1,7,0.0,0.02
15905,19,2008.0,3,251,0.0,0.02
15906,4,2006.0,3,432,0.0,0.02
15907,20,2015.0,0,7,0.0,0.02
15908,2,2014.0,1,286,0.01,0.02
15909,16,2005.0,4,257,0.01,0.02
15910,19,2010.0,1,230,0.0,0.02
15911,6,2001.0,7,223,0.01,0.02
15912,13,2004.0,11,543,0.0,0.02
15913,6,2003.0,4,355,0.01,0.02
15914,19,2008.0,1,482,0.0,0.02
15916,4,2009.0,6,296,0.01,0.02
15917,19,2011.0,7,207,0.0,0.02
15918,4,2010.0,3,162,0.0,0.02
15919,6,2005.0,4,524,0.01,0.02
15920,4,2010.0,7,467,0.0,0.02
15921,19,2006.0,3,275,0.01,0.02
15922,19,2012.0,7,30,0.0,0.02
15923,13,2014.0,7,390,0.0,0.02
15924,13,2002.0,11,241,0.01,0.02
15925,18,2015.0,0,347,0.0,0.02
15926,19,2012.0,0,109,0.0,0.02
15927,4,2007.0,6,91,0.01,0.02
15928,17,2011.0,2,275,0.0,0.02
15929,20,2011.0,3,455,0.0,0.02
15930,19,2015.0,0,499,0.0,0.02
15931,29,2006.0,6,198,0.01,0.02
15932,20,2015.0,1,230,0.0,0.02
15933,19,2009.0,1,455,0.0,0.02
15934,4,2008.0,0,492,0.0,0.02
15935,4,2007.0,9,524,0.0,0.02
15936,15,1999.0,9,500,0.01,0.02
15937,4,2008.0,9,499,0.0,0.02
15938,4,2005.0,8,430,0.01,0.02
15939,17,2015.0,0,347,0.0,0.02
15940,18,2016.0,0,453,0.01,0.02
15941,19,2006.0,1,325,0.0,0.02
15942,4,2006.0,3,564,0.01,0.02
15943,19,2013.0,0,109,0.0,0.02
15944,20,2016.0,1,109,0.0,0.02
15945,20,2014.0,1,412,0.0,0.02
15946,18,2016.0,8,362,0.01,0.02
15947,17,2013.0,1,347,0.0,0.02
15948,4,2009.0,3,33,0.0,0.02
15949,16,2007.0,3,210,0.0,0.02
15950,16,2006.0,0,137,0.01,0.02
15951,16,2003.0,6,564,0.01,0.02
15952,19,2010.0,1,263,0.0,0.02
15953,20,2015.0,0,347,0.0,0.02
15954,29,2006.0,6,66,0.01,0.02
15955,28,2010.0,1,7,0.0,0.02
15956,13,2006.0,7,343,0.0,0.02
15957,4,2008.0,1,109,0.0,0.02
15958,4,2007.0,11,472,0.01,0.02
15959,16,2002.0,3,42,0.01,0.02
15960,19,2010.0,1,98,0.0,0.02
15961,20,2014.0,9,160,0.01,0.02
15962,13,2008.0,11,265,0.0,0.02
15963,13,2007.0,9,284,0.0,0.02
15964,4,2012.0,5,134,0.0,0.02
15965,13,2011.0,11,390,0.0,0.02
15966,4,2008.0,9,445,0.0,0.02
15967,17,2012.0,9,109,0.0,0.02
15968,13,2011.0,9,302,0.01,0.02
15969,20,2015.0,11,493,0.0,0.02
15970,16,2008.0,6,70,0.01,0.02
15971,16,2009.0,1,7,0.0,0.02
15972,16,2010.0,1,418,0.0,0.02
15973,19,2012.0,1,109,0.0,0.02
15974,19,2010.0,1,109,0.0,0.02
15975,13,1995.0,3,543,0.01,0.02
15976,16,2007.0,1,230,0.0,0.02
15977,7,2004.0,6,232,0.01,0.02
15978,19,2015.0,0,78,0.0,0.02
15979,17,2015.0,1,39,0.01,0.02
15980,13,2008.0,0,513,0.0,0.01
15981,20,2016.0,0,362,0.0,0.01
15982,2,2016.0,0,347,0.0,0.01
15983,4,2007.0,3,138,0.0,0.01
15984,4,2006.0,5,6,0.01,0.01
15985,4,2008.0,9,365,0.0,0.01
15986,19,2010.0,1,263,0.0,0.01
15987,6,2003.0,0,21,0.01,0.01
15988,28,2014.0,10,517,0.0,0.01
15989,19,2011.0,7,251,0.0,0.01
15990,19,2009.0,2,78,0.0,0.01
15991,26,2008.0,4,359,0.0,0.01
15992,19,2006.0,5,275,0.0,0.01
15993,19,2012.0,2,39,0.0,0.01
15994,16,2009.0,1,230,0.0,0.01
15995,13,2009.0,10,445,0.0,0.01
15996,26,2012.0,1,427,0.0,0.01
15997,16,2006.0,0,85,0.0,0.01
15998,2,2016.0,2,347,0.0,0.01
15999,13,1994.0,2,17,0.01,0.01
16000,4,2009.0,3,522,0.01,0.01
16001,4,2008.0,3,275,0.01,0.01
16002,4,2011.0,7,528,0.0,0.01
16003,13,2005.0,8,493,0.0,0.01
16004,19,2010.0,1,230,0.0,0.01
16005,19,2009.0,1,560,0.0,0.01
16006,19,2010.0,1,560,0.0,0.01
16007,20,2014.0,7,154,0.0,0.01
16008,13,2007.0,7,53,0.0,0.01
16009,4,2008.0,7,438,0.0,0.01
16010,13,2006.0,8,524,0.0,0.01
16011,28,2006.0,8,524,0.0,0.01
16012,19,2007.0,10,138,0.01,0.01
16013,13,2005.0,11,82,0.0,0.01
16014,17,2012.0,11,19,0.0,0.01
16015,13,2010.0,9,25,0.01,0.01
16016,4,2008.0,3,197,0.0,0.01
16017,13,2002.0,8,53,0.0,0.01
16018,4,2006.0,11,499,0.0,0.01
16019,18,2016.0,0,347,0.0,0.01
16020,20,2016.0,0,299,0.0,0.01
16021,19,2010.0,1,230,0.0,0.01
16022,4,2007.0,10,564,0.01,0.01
16023,19,2006.0,0,275,0.0,0.01
16024,4,2007.0,3,109,0.0,0.01
16025,13,2009.0,7,464,0.0,0.01
16026,6,2004.0,10,553,0.01,0.01
16027,19,2010.0,1,263,0.0,0.01
16028,20,2016.0,1,230,0.0,0.01
16029,16,2008.0,1,301,0.0,0.01
16030,4,2008.0,9,82,0.0,0.01
16031,19,2009.0,1,486,0.0,0.01
16032,19,2014.0,1,230,0.0,0.01
16033,16,2008.0,4,445,0.0,0.01
16034,16,2006.0,8,499,0.01,0.01
16035,4,2006.0,0,347,0.0,0.01
16036,17,2016.0,3,37,0.0,0.01
16037,30,2015.0,10,69,0.0,0.01
16038,16,2008.0,3,524,0.01,0.01
16039,16,2006.0,1,455,0.0,0.01
16040,13,2002.0,11,323,0.0,0.01
16041,7,2004.0,5,445,0.01,0.01
16042,16,2006.0,7,319,0.0,0.01
16043,18,2015.0,7,512,0.0,0.01
16044,28,2011.0,1,86,0.0,0.01
16045,13,2007.0,3,50,0.01,0.01
16046,13,2008.0,11,46,0.0,0.01
16047,13,2006.0,3,524,0.0,0.01
16048,18,2016.0,3,347,0.0,0.01
16049,19,2012.0,0,416,0.0,0.01
16050,13,2011.0,1,57,0.0,0.01
16051,13,2016.0,11,367,0.0,0.01
16052,16,2006.0,1,243,0.0,0.01
16053,28,2008.0,4,323,0.0,0.01
16054,16,2008.0,2,232,0.0,0.01
16055,16,2008.0,10,499,0.0,0.01
16056,16,2011.0,1,412,0.0,0.01
16059,16,2005.0,6,70,0.01,0.01
16060,16,2002.0,3,309,0.0,0.01
16061,13,2011.0,9,153,0.0,0.01
16062,28,2013.0,10,109,0.0,0.01
16063,28,2006.0,11,63,0.0,0.01
16064,2,2015.0,0,347,0.0,0.01
16066,16,2010.0,3,210,0.0,0.01
16067,13,2001.0,9,73,0.0,0.01
16068,6,2003.0,2,325,0.01,0.01
16069,29,2005.0,1,21,0.01,0.01
16070,13,2009.0,11,390,0.01,0.01
16071,6,2005.0,3,493,0.01,0.01
16072,2,2015.0,9,212,0.0,0.01
16073,13,1992.0,11,354,0.01,0.01
16074,4,2009.0,5,192,0.0,0.01
16075,20,2015.0,0,7,0.0,0.01
16076,4,2008.0,10,122,0.01,0.01
16077,4,2009.0,7,347,0.0,0.01
16078,4,2008.0,5,99,0.01,0.01
16079,29,2002.0,5,269,0.01,0.01
16080,13,2007.0,10,445,0.0,0.01
16081,17,2012.0,10,248,0.01,0.01
16082,19,2010.0,1,174,0.0,0.01
16083,19,2011.0,1,78,0.0,0.01
16084,17,2013.0,7,156,0.0,0.01
16085,6,2002.0,6,564,0.01,0.01
16086,19,2011.0,1,416,0.0,0.01
16087,26,2008.0,10,492,0.0,0.01
16088,16,2009.0,1,230,0.0,0.01
16089,4,2010.0,1,166,0.0,0.01
16090,4,2010.0,6,470,0.01,0.01
16091,29,2003.0,6,143,0.01,0.01
16092,28,2009.0,6,70,0.0,0.01
16093,13,2002.0,0,493,0.0,0.01
16094,4,2008.0,1,109,0.0,0.01
16095,18,2016.0,0,85,0.01,0.01
16096,19,2012.0,0,230,0.0,0.01
16097,26,2009.0,6,553,0.01,0.01
16098,28,2013.0,0,347,0.0,0.01
16099,20,2014.0,1,412,0.0,0.01
16100,28,2009.0,3,275,0.01,0.01
16101,29,2005.0,0,487,0.01,0.01
16102,4,2011.0,3,347,0.0,0.01
16103,19,2010.0,1,107,0.0,0.01
16104,27,2015.0,0,347,0.0,0.01
16105,23,1993.0,6,246,0.0,0.01
16106,17,2015.0,0,264,0.0,0.01
16107,20,2014.0,1,230,0.0,0.01
16108,16,2007.0,3,63,0.0,0.01
16109,13,2015.0,0,29,0.0,0.01
16110,28,2013.0,8,86,0.0,0.01
16111,16,2010.0,1,109,0.0,0.01
16112,19,2013.0,1,264,0.0,0.01
16113,17,2008.0,10,499,0.0,0.01
16114,30,2014.0,1,7,0.0,0.01
16115,13,2009.0,5,347,0.0,0.01
16116,19,2010.0,1,37,0.0,0.01
16117,4,2010.0,3,565,0.01,0.01
16118,13,2004.0,10,445,0.0,0.01
16119,20,2015.0,1,264,0.0,0.01
16120,20,2013.0,0,499,0.0,0.01
16121,26,2012.0,6,303,0.0,0.01
16122,13,2007.0,11,265,0.0,0.01
16123,2,2011.0,0,359,0.0,0.01
16124,28,2013.0,0,347,0.0,0.01
16125,4,2009.0,1,39,0.0,0.01
16126,6,2002.0,9,499,0.01,0.01
16127,17,2012.0,10,138,0.0,0.01
16128,13,2011.0,1,530,0.01,0.01
16129,19,2011.0,1,30,0.0,0.01
16130,4,2008.0,1,347,0.0,0.01
16131,19,2014.0,3,499,0.0,0.01
16132,16,2006.0,1,260,0.0,0.01
16133,20,2016.0,0,230,0.0,0.01
16134,4,2008.0,3,64,0.0,0.01
16135,15,1999.0,8,255,0.01,0.01
16136,18,2016.0,0,85,0.0,0.01
16137,4,2009.0,7,78,0.0,0.01
16138,29,2002.0,10,275,0.01,0.01
16139,20,2015.0,0,230,0.0,0.01
16140,13,2010.0,2,381,0.0,0.01
16141,29,2003.0,6,53,0.01,0.01
16142,17,2009.0,10,120,0.0,0.01
16143,13,2002.0,0,138,0.0,0.01
16144,4,2010.0,9,490,0.0,0.01
16145,13,2012.0,5,161,0.0,0.01
16146,20,2015.0,0,528,0.0,0.01
16147,4,2008.0,0,432,0.0,0.01
16148,6,2006.0,6,121,0.01,0.01
16149,4,2010.0,9,490,0.0,0.01
16150,19,2013.0,1,347,0.0,0.01
16151,26,2007.0,0,347,0.0,0.01
16152,16,2006.0,1,174,0.0,0.01
16153,28,2011.0,7,87,0.0,0.01
16154,16,2006.0,1,487,0.01,0.01
16155,19,2013.0,1,76,0.0,0.01
16156,19,2008.0,1,224,0.0,0.01
16157,16,2010.0,2,438,0.0,0.01
16158,4,2010.0,0,470,0.01,0.01
16159,29,2004.0,4,152,0.01,0.01
16160,13,2009.0,8,152,0.01,0.01
16161,20,2014.0,4,362,0.0,0.01
16162,13,2004.0,10,138,0.0,0.01
16163,13,2000.0,7,137,0.0,0.01
16164,4,2008.0,1,85,0.0,0.01
16165,19,2012.0,1,30,0.0,0.01
16166,4,2009.0,5,564,0.01,0.01
16167,2,2011.0,0,170,0.0,0.01
16168,29,2005.0,1,275,0.01,0.01
16169,20,2014.0,1,347,0.0,0.01
16170,19,2009.0,9,472,0.0,0.01
16171,13,2011.0,5,528,0.0,0.01
16172,4,2009.0,11,451,0.0,0.01
16173,4,2009.0,11,109,0.0,0.01
16174,26,2012.0,3,367,0.0,0.01
16175,18,2016.0,0,362,0.0,0.01
16176,4,2008.0,0,291,0.0,0.01
16177,13,2007.0,9,138,0.0,0.01
16178,17,2013.0,4,480,0.0,0.01
16179,17,2006.0,10,445,0.0,0.01
16180,16,2007.0,2,490,0.0,0.01
16181,17,2011.0,8,455,0.0,0.01
16182,19,2013.0,3,230,0.0,0.01
16183,19,2013.0,1,262,0.0,0.01
16184,16,2007.0,2,438,0.0,0.01
16185,19,2009.0,1,39,0.0,0.01
16186,13,2009.0,11,138,0.0,0.01
16187,13,2007.0,5,57,0.0,0.01
16188,17,2009.0,3,455,0.0,0.01
16189,13,2013.0,6,445,0.0,0.01
16190,26,2010.0,3,122,0.01,0.01
16192,16,2007.0,8,232,0.0,0.01
16193,15,1999.0,2,255,0.01,0.01
16195,13,1999.0,0,277,0.0,0.01
16196,6,2002.0,2,275,0.01,0.01
16197,16,2007.0,11,109,0.0,0.01
16199,6,2002.0,1,321,0.01,0.01
16200,20,2015.0,0,528,0.0,0.01
16201,28,2014.0,1,286,0.01,0.01
16202,4,2012.0,0,230,0.0,0.01
16203,20,2016.0,1,362,0.0,0.01
16204,20,2014.0,1,262,0.0,0.01
16205,28,2013.0,8,336,0.0,0.01
16206,4,2008.0,3,524,0.0,0.01
16207,4,2008.0,1,347,0.0,0.01
16209,6,2003.0,6,564,0.01,0.01
16210,26,2009.0,5,565,0.01,0.01
16211,16,2007.0,1,412,0.0,0.01
16212,4,2009.0,3,330,0.0,0.01
16213,16,2007.0,1,301,0.0,0.01
16214,19,2012.0,0,166,0.0,0.01
16215,17,2014.0,0,347,0.0,0.01
16216,19,2014.0,0,299,0.0,0.01
16217,4,2006.0,7,224,0.0,0.01
16218,26,2008.0,10,347,0.0,0.01
16219,6,2004.0,6,553,0.01,0.01
16220,18,2016.0,0,499,0.0,0.01
16221,13,2007.0,0,21,0.01,0.01
16222,30,2016.0,0,466,0.01,0.01
16223,20,2013.0,1,7,0.0,0.01
16224,20,2016.0,7,154,0.0,0.01
16225,16,2007.0,1,119,0.0,0.01
16226,15,1996.0,10,238,0.0,0.01
16227,26,2007.0,0,85,0.0,0.01
16228,4,2008.0,5,564,0.01,0.01
16230,4,2006.0,0,109,0.01,0.01
16231,19,2010.0,7,263,0.0,0.01
16232,16,2008.0,1,301,0.0,0.01
16233,13,2006.0,7,21,0.01,0.01
16234,30,2015.0,1,429,0.0,0.01
16235,20,2016.0,1,528,0.0,0.01
16236,17,2016.0,1,501,0.0,0.01
16237,19,2010.0,1,230,0.0,0.01
16238,6,2001.0,4,508,0.01,0.01
16239,15,1999.0,11,132,0.01,0.01
16240,2,2013.0,7,39,0.0,0.01
16241,20,2017.0,7,445,0.0,0.01
16242,13,2007.0,8,543,0.01,0.01
16243,17,2006.0,3,499,0.0,0.01
16244,13,2016.0,6,347,0.0,0.01
16245,13,2008.0,6,142,0.0,0.01
16247,19,2006.0,2,63,0.0,0.01
16248,4,2009.0,9,275,0.0,0.01
16249,7,2003.0,0,485,0.01,0.01
16250,17,2014.0,4,85,0.0,0.01
16251,4,2007.0,3,492,0.0,0.01
16252,27,2016.0,1,367,0.0,0.01
16253,26,2007.0,3,445,0.0,0.01
16254,19,2007.0,4,85,0.0,0.01
16255,28,2010.0,1,30,0.0,0.01
16256,13,2008.0,8,137,0.0,0.01
16257,17,2009.0,7,362,0.0,0.01
16258,13,2009.0,10,137,0.0,0.01
16259,4,2008.0,0,109,0.0,0.01
16260,18,2016.0,0,147,0.01,0.01
16261,16,2008.0,3,350,0.0,0.01
16262,19,2010.0,1,230,0.0,0.01
16263,28,2009.0,8,173,0.0,0.01
16264,19,2010.0,11,482,0.0,0.01
16265,16,2007.0,1,560,0.0,0.01
16266,20,2015.0,1,329,0.0,0.01
16267,19,2011.0,3,37,0.0,0.01
16268,20,2012.0,0,206,0.0,0.01
16269,4,2007.0,0,359,0.0,0.01
16270,6,2002.0,6,422,0.01,0.01
16271,4,2009.0,5,120,0.01,0.01
16272,20,2014.0,1,7,0.0,0.01
16273,13,2007.0,11,137,0.0,0.01
16274,13,2015.0,0,160,0.0,0.01
16275,16,2006.0,3,499,0.0,0.01
16276,30,2016.0,6,6,0.0,0.01
16277,16,2007.0,1,30,0.0,0.01
16278,4,2006.0,5,6,0.01,0.01
16279,16,2009.0,3,499,0.0,0.01
16280,16,2006.0,2,232,0.0,0.01
16281,6,2003.0,8,278,0.01,0.01
16282,19,2006.0,1,87,0.0,0.01
16283,13,2009.0,8,543,0.0,0.01
16284,26,2010.0,3,112,0.01,0.01
16285,28,2012.0,0,560,0.0,0.01
16286,13,2015.0,11,528,0.0,0.01
16287,13,2007.0,8,543,0.01,0.01
16288,16,2010.0,1,95,0.0,0.01
16289,13,2012.0,11,45,0.0,0.01
16290,20,2016.0,1,412,0.0,0.01
16291,19,2010.0,1,397,0.0,0.01
16292,7,2007.0,10,524,0.01,0.01
16293,4,2009.0,9,445,0.01,0.01
16294,19,2011.0,1,230,0.0,0.01
16295,19,2005.0,0,430,0.01,0.01
16296,27,2015.0,0,367,0.0,0.01
16297,16,2006.0,3,499,0.0,0.01
16298,17,2015.0,2,364,0.0,0.01
16299,19,2010.0,11,482,0.0,0.01
16300,19,2012.0,0,352,0.0,0.01
16301,4,2013.0,0,58,0.0,0.01
16302,20,2014.0,5,524,0.0,0.01
16303,20,2015.0,0,262,0.0,0.01
16304,6,2002.0,6,524,0.01,0.01
16305,6,2004.0,3,53,0.01,0.01
16306,19,2007.0,6,445,0.0,0.01
16308,7,2003.0,8,4,0.01,0.01
16309,7,2003.0,6,436,0.01,0.01
16310,26,2008.0,3,347,0.0,0.01
16311,20,2015.0,11,170,0.0,0.01
16312,19,2009.0,0,165,0.01,0.01
16313,19,2009.0,11,362,0.0,0.01
16314,4,2009.0,1,263,0.0,0.01
16315,4,2012.0,1,230,0.0,0.01
16316,19,2013.0,1,416,0.0,0.01
16317,2,2014.0,1,472,0.0,0.01
16318,19,2007.0,7,430,0.01,0.01
16319,20,2016.0,0,230,0.0,0.01
16320,6,2006.0,5,285,0.01,0.01
16321,4,2007.0,3,524,0.0,0.01
16322,20,2014.0,1,230,0.0,0.01
16323,13,2016.0,6,328,0.0,0.01
16324,20,2015.0,0,347,0.0,0.01
16325,29,2002.0,6,323,0.0,0.01
16326,27,2015.0,7,464,0.0,0.01
16328,4,2010.0,9,112,0.0,0.01
16329,4,2009.0,7,347,0.0,0.01
16330,16,2004.0,2,63,0.0,0.01
16331,4,2007.0,7,472,0.0,0.01
16332,19,2010.0,11,455,0.0,0.01
16333,18,2015.0,1,7,0.0,0.01
16334,16,2006.0,8,21,0.01,0.01
16335,6,2005.0,5,564,0.01,0.01
16336,4,2008.0,3,102,0.0,0.01
16337,19,2009.0,1,107,0.0,0.01
16338,26,2009.0,1,464,0.0,0.01
16339,13,2002.0,8,138,0.0,0.01
16340,7,2003.0,6,143,0.01,0.01
16341,16,2008.0,1,263,0.0,0.01
16342,4,2007.0,9,291,0.0,0.01
16343,16,2009.0,1,30,0.0,0.01
16344,13,2016.0,9,389,0.0,0.01
16345,16,2006.0,3,556,0.01,0.01
16346,29,2003.0,0,485,0.01,0.01
16347,16,2007.0,3,255,0.0,0.01
16348,13,2011.0,3,53,0.01,0.01
16349,19,2013.0,1,377,0.0,0.01
16350,19,2009.0,0,461,0.0,0.01
16351,19,2005.0,10,445,0.0,0.01
16352,13,2007.0,6,487,0.0,0.01
16353,17,2008.0,10,499,0.0,0.01
16354,13,2007.0,6,21,0.01,0.01
16355,13,2002.0,7,246,0.0,0.01
16356,19,2009.0,0,137,0.0,0.01
16357,27,2015.0,5,359,0.0,0.01
16358,19,2010.0,1,109,0.0,0.01
16359,29,2006.0,10,493,0.01,0.01
16360,19,2013.0,1,230,0.0,0.01
16361,13,2015.0,11,160,0.0,0.01
16362,29,2004.0,6,152,0.01,0.01
16363,13,2015.0,0,66,0.0,0.01
16364,13,2010.0,11,265,0.0,0.01
16365,26,2010.0,1,529,0.01,0.01
16368,16,2009.0,1,230,0.0,0.01
16369,19,2012.0,1,416,0.0,0.01
16370,13,2009.0,1,265,0.0,0.01
16371,19,2010.0,1,230,0.0,0.01
16372,29,2003.0,0,524,0.01,0.01
16373,15,1996.0,11,207,0.0,0.01
16374,28,2009.0,7,98,0.0,0.01
16375,13,2004.0,6,91,0.0,0.01
16376,29,2002.0,5,255,0.01,0.01
16377,4,2007.0,3,122,0.01,0.01
16378,4,2007.0,5,172,0.0,0.01
16379,13,1997.0,6,543,0.0,0.01
16380,2,2014.0,0,262,0.0,0.01
16381,4,2007.0,7,6,0.0,0.01
16382,19,2010.0,11,107,0.0,0.01
16383,19,2006.0,9,430,0.0,0.01
16384,13,2008.0,3,138,0.0,0.01
16385,28,2010.0,10,370,0.01,0.01
16386,13,2016.0,0,524,0.0,0.01
16387,7,2002.0,1,485,0.01,0.01
16388,20,2013.0,1,262,0.0,0.01
16389,28,2009.0,10,120,0.0,0.01
16390,28,2007.0,10,445,0.0,0.01
16391,28,2015.0,10,69,0.0,0.01
16392,16,2010.0,1,230,0.0,0.01
16393,13,2008.0,1,53,0.0,0.01
16394,4,2007.0,3,275,0.0,0.01
16395,28,2006.0,10,91,0.0,0.01
16396,4,2007.0,0,291,0.0,0.01
16397,19,2009.0,1,412,0.0,0.01
16398,6,2007.0,3,524,0.01,0.01
16399,13,2016.0,7,160,0.0,0.01
16400,13,2009.0,10,275,0.0,0.01
16401,19,2008.0,1,7,0.0,0.01
16402,19,2009.0,0,165,0.0,0.01
16403,20,2012.0,1,455,0.01,0.01
16404,16,2007.0,1,109,0.0,0.01
16405,4,2007.0,0,296,0.01,0.01
16406,13,2014.0,0,21,0.0,0.01
16407,19,2012.0,2,347,0.0,0.01
16408,13,2007.0,6,445,0.0,0.01
16409,4,2008.0,1,112,0.0,0.01
16410,17,2014.0,2,347,0.0,0.01
16411,2,2013.0,0,21,0.01,0.01
16412,28,2009.0,1,412,0.0,0.01
16413,28,2006.0,0,138,0.0,0.01
16414,4,2011.0,3,315,0.01,0.01
16415,16,2007.0,2,232,0.0,0.01
16416,17,2015.0,1,7,0.0,0.01
16417,26,2009.0,5,99,0.01,0.01
16418,4,2009.0,10,275,0.0,0.01
16419,16,2007.0,1,37,0.0,0.01
16420,13,2006.0,10,275,0.0,0.01
16421,4,2009.0,1,109,0.0,0.01
16422,17,2006.0,9,375,0.0,0.01
16423,2,2014.0,1,572,0.0,0.01
16424,4,2011.0,5,528,0.0,0.01
16425,19,2012.0,1,7,0.0,0.01
16426,29,2002.0,10,275,0.01,0.01
16428,26,2011.0,6,67,0.01,0.01
16429,30,2016.0,9,273,0.0,0.01
16430,20,2014.0,1,14,0.0,0.01
16431,20,2016.0,1,78,0.0,0.01
16432,19,2009.0,1,107,0.0,0.01
16433,13,2007.0,8,91,0.0,0.01
16434,19,2010.0,1,434,0.0,0.01
16435,20,2013.0,1,39,0.0,0.01
16436,13,1997.0,11,322,0.0,0.01
16437,26,2010.0,10,275,0.01,0.01
16438,20,2017.0,0,230,0.0,0.01
16439,28,2005.0,0,499,0.0,0.01
16440,28,2011.0,8,7,0.0,0.01
16441,16,2007.0,10,499,0.0,0.01
16442,19,2005.0,6,91,0.0,0.01
16443,19,2014.0,1,416,0.0,0.01
16444,13,2008.0,0,21,0.01,0.01
16445,6,2004.0,10,121,0.01,0.01
16446,16,2008.0,1,301,0.0,0.01
16447,13,2003.0,0,137,0.0,0.01
16448,30,2016.0,0,524,0.0,0.01
16449,13,2009.0,7,1,0.0,0.01
16450,17,2011.0,0,362,0.0,0.01
16451,17,2014.0,1,538,0.0,0.01
16452,30,2015.0,0,517,0.0,0.01
16453,2,2014.0,0,347,0.0,0.01
16454,16,2008.0,1,412,0.0,0.01
16455,16,2007.0,2,85,0.0,0.01
16456,27,2015.0,3,359,0.0,0.01
16457,4,2008.0,3,96,0.0,0.01
16458,26,2008.0,0,301,0.0,0.01
16459,13,2015.0,10,524,0.0,0.01
16460,2,2015.0,0,528,0.0,0.01
16461,6,2001.0,10,524,0.01,0.01
16462,2,2011.0,10,304,0.01,0.01
16463,4,2008.0,1,109,0.0,0.01
16464,7,2002.0,5,269,0.01,0.01
16465,26,2008.0,9,224,0.0,0.01
16466,16,2007.0,7,146,0.0,0.01
16467,19,2009.0,1,7,0.0,0.01
16468,2,2013.0,7,166,0.0,0.01
16469,16,2009.0,1,7,0.0,0.01
16470,20,2014.0,3,230,0.0,0.01
16471,28,2015.0,6,328,0.0,0.01
16472,2,2016.0,0,249,0.0,0.01
16473,26,2008.0,1,359,0.0,0.01
16474,13,2016.0,11,273,0.0,0.01
16475,7,2003.0,8,490,0.01,0.01
16476,28,2011.0,8,86,0.0,0.01
16477,20,2015.0,0,230,0.0,0.01
16478,4,2010.0,11,499,0.0,0.01
16479,13,2009.0,1,257,0.0,0.01
16480,17,2012.0,9,7,0.0,0.01
16481,4,2011.0,7,14,0.0,0.01
16482,28,2012.0,2,347,0.01,0.01
16483,13,2007.0,11,91,0.0,0.01
16484,4,2008.0,3,522,0.01,0.01
16485,19,2012.0,0,78,0.0,0.01
16486,26,2007.0,1,365,0.0,0.01
16487,19,2010.0,3,127,0.0,0.01
16488,26,2008.0,5,223,0.0,0.01
16489,16,2006.0,6,91,0.01,0.01
16490,19,2008.0,6,70,0.01,0.01
16491,13,2008.0,10,112,0.0,0.01
16492,16,2008.0,3,387,0.0,0.01
16495,19,2012.0,0,47,0.0,0.01
16496,19,2011.0,11,482,0.0,0.01
16497,6,2005.0,5,564,0.01,0.01
16498,6,2006.0,4,182,0.01,0.01
16499,20,2015.0,0,226,0.0,0.01
16500,19,2014.0,1,416,0.0,0.01
16501,13,2010.0,8,21,0.01,0.01
16502,16,2008.0,1,362,0.0,0.01
16503,19,2011.0,1,494,0.0,0.01
16504,16,2006.0,1,560,0.0,0.01
16505,30,2014.0,3,524,0.0,0.01
16506,15,1999.0,2,437,0.01,0.01
16507,19,2013.0,1,416,0.0,0.01
16508,13,2008.0,7,91,0.0,0.01
16509,13,2009.0,0,365,0.0,0.01
16510,16,2007.0,11,244,0.0,0.01
16511,13,2009.0,9,137,0.0,0.01
16512,2,2012.0,5,522,0.01,0.01
16513,13,2006.0,3,160,0.0,0.01
16514,4,2008.0,9,524,0.0,0.01
16515,4,2008.0,7,469,0.0,0.01
16516,20,2012.0,3,107,0.0,0.01
16517,26,2007.0,0,275,0.0,0.01
16518,15,2000.0,5,472,0.01,0.01
16519,19,2014.0,3,301,0.0,0.01
16520,19,2006.0,7,224,0.0,0.01
16521,17,2012.0,1,7,0.0,0.01
16522,6,2003.0,6,255,0.01,0.01
16523,4,2006.0,3,347,0.0,0.01
16524,16,2008.0,1,434,0.0,0.01
16525,4,2008.0,7,445,0.0,0.01
16526,19,2013.0,1,30,0.0,0.01
16527,4,2008.0,1,109,0.0,0.01
16528,2,2015.0,1,499,0.0,0.01
16529,4,2009.0,0,347,0.0,0.01
16530,30,2016.0,6,327,0.0,0.01
16531,30,2016.0,0,464,0.0,0.01
16532,13,2011.0,11,528,0.0,0.01
16533,28,2011.0,0,275,0.0,0.01
16534,19,2012.0,1,281,0.0,0.01
16535,2,2013.0,0,347,0.0,0.01
16536,13,2011.0,3,265,0.0,0.01
16537,13,2012.0,0,21,0.01,0.01
16538,4,2007.0,1,111,0.01,0.01
16539,13,2009.0,11,138,0.0,0.01
16540,13,2009.0,1,112,0.0,0.01
16541,17,2008.0,2,6,0.0,0.01
16542,2,2015.0,3,359,0.0,0.01
16544,4,2007.0,10,524,0.0,0.01
16545,13,2011.0,5,528,0.01,0.01
16546,19,2012.0,0,416,0.0,0.01
16547,13,2006.0,5,407,0.01,0.01
16548,20,2015.0,0,230,0.0,0.01
16549,6,2001.0,0,355,0.01,0.01
16550,18,2016.0,0,347,0.0,0.01
16551,16,2009.0,1,263,0.0,0.01
16552,26,2007.0,2,301,0.0,0.01
16554,15,1995.0,1,138,0.01,0.01
16555,13,2016.0,11,367,0.0,0.01
16556,6,2002.0,7,63,0.01,0.01
16557,20,2014.0,1,364,0.0,0.01
16558,13,2007.0,10,275,0.0,0.01
16559,16,2008.0,1,30,0.0,0.01
16560,20,2014.0,1,7,0.0,0.01
16561,16,2008.0,1,7,0.0,0.01
16562,30,2016.0,4,120,0.01,0.01
16563,6,2002.0,2,325,0.01,0.01
16564,4,2007.0,0,121,0.01,0.01
16565,20,2015.0,4,421,0.0,0.01
16566,13,2012.0,11,515,0.01,0.01
16567,2,2014.0,0,347,0.0,0.01
16568,19,2006.0,5,455,0.0,0.01
16569,30,2016.0,8,85,0.01,0.01
16570,18,2016.0,9,523,0.0,0.01
16571,19,2013.0,1,412,0.0,0.01
16572,16,2008.0,1,263,0.0,0.01
16573,26,2007.0,6,409,0.01,0.01
16574,26,2008.0,6,492,0.0,0.01
16575,19,2008.0,1,499,0.0,0.01
16576,30,2016.0,10,31,0.0,0.01
16577,13,2009.0,8,91,0.0,0.01
16578,2,2011.0,10,304,0.01,0.01
16579,10,2000.0,10,241,0.01,0.01
16580,16,2008.0,1,263,0.0,0.01
16581,26,2011.0,10,528,0.0,0.01
16582,6,2001.0,0,508,0.01,0.01
16583,10,1999.0,0,540,0.01,0.01
16584,7,2003.0,5,524,0.01,0.01
16585,13,2011.0,8,122,0.01,0.01
16586,4,2009.0,1,120,0.0,0.01
16587,4,2009.0,10,224,0.0,0.01
16588,4,2008.0,5,296,0.01,0.01
16589,20,2016.0,0,568,0.0,0.01
16590,19,2007.0,7,156,0.0,0.01
16591,13,2004.0,1,524,0.01,0.01
16592,4,2008.0,9,122,0.01,0.01
16593,6,2002.0,4,269,0.01,0.01
16594,7,2003.0,8,241,0.01,0.01
16595,16,2008.0,6,21,0.0,0.01
16596,4,2010.0,5,8,0.0,0.01
16597,6,2003.0,4,544,0.01,0.01
